Potential applied (V);Time (s);WE(1).Current (A);Scan;Index;WE(1).Potential (V)
2,0;0,0;-3,962280934942198e-06;1;1;1,9996882462845351
1,99756;24,4;-4,039631460302662e-06;1;2;1,9975718570889185
1,99512;48,8;-3,8078732062289424e-06;1;3;1,9953857007844884
1,99268;73,2;-3,968529966264325e-06;1;4;1,992498715126517
1,99024;97,6;-4,160700813408594e-06;1;5;1,9900867231188357
1,9878;121,99999999999999;-3,891521485039213e-06;1;6;1,9882158230104234
1,98536;146,4;-3,608799988026653e-06;1;7;1,9850992395701585
1,98292;170,79999999999998;-3,7158757126824594e-06;1;8;1,9825935646440795
1,98048;195,2;-4,211120572420838e-06;1;9;1,9799901175794914
1,97804;219,6;-4,379626443052104e-06;1;10;1,9777791506793383
1,9756;243,99999999999997;-4,186982340561154e-06;1;11;1,9755577677088718
1,97316;268,4;-3,987602208059623e-06;1;12;1,9730138400555282
1,97072;292,8;-4,697509234321558e-06;1;13;1,9713650071101165
1,96828;317,2;-4,0656375011781286e-06;1;14;1,9680266638913126
1,96584;341,59999999999997;-4,37377328624517e-06;1;15;1,9655488741575644
1,9634;366,0;-4,219680208553686e-06;1;16;1,9633555498329802
1,96096;390,4;-4,163277697075847e-06;1;17;1,9613015152023463
1,95852;414,79999999999995;-4,0948900492081e-06;1;18;1,9583771250658686
1,95608;439,2;-3,876510841466606e-06;1;19;1,956120375246456
1,95364;463,59999999999997;-3,6872459916304234e-06;1;20;1,9536889751636604
1,9512;487,99999999999994;-4,038560401433812e-06;1;21;1,9510629617108932
1,94876;512,4;-3,590060961476171e-06;1;22;1,9487375418583563
1,94632;536,8;-4,199558404780744e-06;1;23;1,9459589744599795
1,94388;561,1999999999999;-3,89454698180386e-06;1;24;1,9431128602292187
1,94144;585,6;-3,7289589484366717e-06;1;25;1,9412989823322817
1,939;610,0;-3,971796313707962e-06;1;26;1,939255555048326
1,93656;634,4;-4,223049777950068e-06;1;27;1,9365357088015347
1,93412;658,8;-4,276517616132972e-06;1;28;1,933798710898555
1,93168;683,1999999999999;-4,137317751071124e-06;1;29;1,9315878092947685
1,92924;707,6;-3,933941466449481e-06;1;30;1,9296175169316654
1,9268;732,0;-4,30288545867593e-06;1;31;1,926496628861837
1,92436;756,4;-4,06275267620403e-06;1;32;1,9243711317385805
1,92192;780,8;-4,047767506849612e-06;1;33;1,9219406560381445
1,91948;805,1999999999999;-3,83774632860699e-06;1;34;1,919741881079138
1,91704;829,5999999999999;-3,935602267403169e-06;1;35;1,91684065561813
1,9146;853,9999999999999;-3,893388191590482e-06;1;36;1,9149449523595699
1,91216;878,4;-4,196148587280576e-06;1;37;1,912016543149365
1,90972;902,8;-4,038884094720934e-06;1;38;1,9099279742179032
1,90728;927,1999999999999;-3,7648073637583398e-06;1;39;1,9075913443947072
1,90484;951,5999999999999;-3,5519706613799496e-06;1;40;1,9053506412338608
1,9024;975,9999999999999;-4,377719664752864e-06;1;41;1,9029263889894552
1,89996;1000,3999999999999;-3,5458228728815825e-06;1;42;1,8996650873468213
1,89752;1024,8;-3,5962373783567265e-06;1;43;1,8979508877871436
1,89508;1049,2;-3,76560658547608e-06;1;44;1,8946221650613604
1,89264;1073,6;-3,920663316789118e-06;1;45;1,89248037239211
1,8902;1098,0;-4,094176850457692e-06;1;46;1,8902794464665975
1,88776;1122,3999999999999;-3,5625938012519384e-06;1;47;1,8873630063564037
1,88532;1146,8;-3,411922511601971e-06;1;48;1,8853384761425307
1,88288;1171,2;-3,459509545809e-06;1;49;1,8830274135130642
1,8804400000000001;1195,6;-3,60546887758863e-06;1;50;1,880700597866662
1,8780000000000001;1220,0;-3,892785884059874e-06;1;51;1,877947730632713
1,8755600000000001;1244,3999999999999;-4,36249559719965e-06;1;52;1,8759333787992158
1,8731200000000001;1268,8;-4,001336247717594e-06;1;53;1,8731346011121761
1,8706800000000001;1293,1999999999998;-3,803057527534694e-06;1;54;1,87093133931671
1,8682400000000001;1317,6;-4,386508447468279e-06;1;55;1,8685432652658454
1,8658000000000001;1341,9999999999998;-3,881463390584765e-06;1;56;1,866355066074893
1,8633600000000001;1366,3999999999999;-3,871040900499153e-06;1;57;1,8633295618487924
1,8609200000000001;1390,7999999999997;-3,7911871920742847e-06;1;58;1,8610893334826781
1,8584800000000001;1415,2;-4,3552353996188825e-06;1;59;1,8584514568583
1,8560400000000001;1439,6;-4,198510781543672e-06;1;60;1,8559862990370677
1,8536000000000001;1464,0;-4,130930584427232e-06;1;61;1,85334842047936
1,8511600000000001;1488,3999999999999;-4,350940582980926e-06;1;62;1,8514595525411726
1,8487200000000001;1512,8;-3,4781896478877683e-06;1;63;1,8484359410484064
1,8462800000000001;1537,1999999999998;-4,148773229950595e-06;1;64;1,8459149887743853
1,8438400000000001;1561,6;-3,901309122984903e-06;1;65;1,8437909748530643
1,8414000000000001;1585,9999999999998;-4,077571775884522e-06;1;66;1,8412352339351763
1,8389600000000002;1610,3999999999999;-3,524958149035966e-06;1;67;1,83964565448891
1,8365200000000002;1634,7999999999997;-3,6038917170017125e-06;1;68;1,8365982251687418
1,8340800000000002;1659,1999999999998;-3,8099942267444013e-06;1;69;1,8347416163001633
1,8316400000000002;1683,5999999999997;-4,661052978268e-06;1;70;1,8312171922371774
1,8292000000000002;1707,9999999999998;-3,984391322295268e-06;1;71;1,8289851703407314
1,8267600000000002;1732,3999999999999;-3,794894157857212e-06;1;72;1,8271666713095345
1,8243200000000002;1756,8;-3,698811542872797e-06;1;73;1,8241302580961973
1,8218800000000002;1781,1999999999998;-4,18537212959199e-06;1;74;1,8216770953547354
1,8194400000000002;1805,6;-3,453396607755136e-06;1;75;1,8195992929515117
1,8170000000000002;1829,9999999999998;-4,396129308351902e-06;1;76;1,8167896961842505
1,8145600000000002;1854,3999999999999;-4,198458424507842e-06;1;77;1,8143489449891943
1,8121200000000002;1878,7999999999997;-3,719485022166258e-06;1;78;1,8123520370347819
1,8096800000000002;1903,1999999999998;-3,985283635112663e-06;1;79;1,8095947972047295
1,8072400000000002;1927,5999999999997;-3,399282244849875e-06;1;80;1,8072815577291317
1,8048000000000002;1951,9999999999998;-3,943444262897142e-06;1;81;1,8051439962083333
1,8023600000000002;1976,3999999999996;-4,189958248441073e-06;1;82;1,802733739272023
1,7999200000000002;2000,7999999999997;-4,113269073711754e-06;1;83;1,8001775442054497
1,7974800000000002;2025,1999999999996;-4,3273438582130835e-06;1;84;1,7980784633622229
1,7950400000000002;2049,6;-4,38330407365658e-06;1;85;1,7949309810380865
1,7926000000000002;2074,0;-3,810876577352249e-06;1;86;1,7923234208211727
1,7901600000000002;2098,4;-3,825650281730869e-06;1;87;1,7907057865189733
1,7877200000000002;2122,7999999999997;-3,6116323805252998e-06;1;88;1,787833990043774
1,7852800000000002;2147,2;-4,2263817646705666e-06;1;89;1,785200815756481
1,7828400000000002;2171,6;-3,4932677925276017e-06;1;90;1,7822007751671012
1,7804000000000002;2196,0;-4,086216341605761e-06;1;91;1,7807186636988708
1,7779600000000002;2220,3999999999996;-3,5276775466478013e-06;1;92;1,7782150076296752
1,7755200000000002;2244,7999999999997;-4,129835785530793e-06;1;93;1,775303363697871
1,7730800000000002;2269,2;-4,220645020191659e-06;1;94;1,7731994247371365
1,7706400000000002;2293,6;-3,925064422173819e-06;1;95;1,770918558750207
1,7682000000000002;2317,9999999999995;-3,6905641093738973e-06;1;96;1,7677998251528348
1,7657600000000002;2342,4;-3,951697163055785e-06;1;97;1,7659861506961114
1,7633200000000002;2366,7999999999997;-4,17565868458687e-06;1;98;1,763387145056202
1,7608800000000002;2391,2;-4,402365952897736e-06;1;99;1,7606083816770293
1,7584400000000002;2415,6;-4,420456104521826e-06;1;100;1,758320201539943
1,7560000000000002;2440,0;-3,849195186504662e-06;1;101;1,7558767176648977
1,7535600000000002;2464,3999999999996;-3,7030861329522923e-06;1;102;1,7533519800679314
1,7511200000000002;2488,7999999999997;-4,049288422248709e-06;1;103;1,7510148852303986
1,7486800000000002;2513,2;-4,3223095035067675e-06;1;104;1,7481130493745478
1,7462400000000002;2537,6;-3,7380874018847824e-06;1;105;1,7461860077213518
1,7438000000000002;2561,9999999999995;-4,3841182327766514e-06;1;106;1,7443426169938376
1,7413600000000002;2586,3999999999996;-4,213920479631029e-06;1;107;1,7414634922741008
1,7389200000000002;2610,7999999999997;-3,8136946968642953e-06;1;108;1,738711072529187
1,7364800000000002;2635,2;-4,675042406876093e-06;1;109;1,7366230515974632
1,7340400000000002;2659,5999999999995;-3,8840891774778086e-06;1;110;1,7342370470337671
1,7316000000000003;2683,9999999999995;-4,174492309683493e-06;1;111;1,7317492443152616
1,7291600000000003;2708,3999999999996;-3,967216151601643e-06;1;112;1,7294865448297954
1,7267200000000003;2732,7999999999997;-4,022710520869513e-06;1;113;1,7264210032240837
1,7242800000000003;2757,1999999999994;-3,939365746724916e-06;1;114;1,7245848726356632
1,7218400000000003;2781,5999999999995;-3,7917484865401122e-06;1;115;1,7214858551680283
1,7194000000000003;2805,9999999999995;-4,227510995217935e-06;1;116;1,719449319439923
1,7169600000000003;2830,4;-3,573705465736031e-06;1;117;1,716481296027456
1,7145200000000003;2854,8;-3,782171938314483e-06;1;118;1,714596346584884
1,7120800000000003;2879,2;-3,746880278968173e-06;1;119;1,7115633025569712
1,7096400000000003;2903,6;-3,6505408860805527e-06;1;120;1,7096966256530526
1,7072000000000003;2928,0;-3,7637236167545227e-06;1;121;1,7080575793897101
1,7047600000000003;2952,4;-3,7467764820463093e-06;1;122;1,7042284164907602
1,7023200000000003;2976,7999999999997;-3,977322006055394e-06;1;123;1,7023521802574255
1,6998800000000003;3001,2;-4,428032247742037e-06;1;124;1,6999412713224398
1,6974400000000003;3025,6;-4,040513625735414e-06;1;125;1,697426370031322
1,6950000000000003;3050,0;-4,230854491172833e-06;1;126;1,6951815979929494
1,6925600000000003;3074,3999999999996;-4,4268226331904e-06;1;127;1,6921409444593645
1,6901200000000003;3098,7999999999997;-3,922464269002553e-06;1;128;1,6906023691570096
1,6876800000000003;3123,2;-4,170564946290556e-06;1;129;1,6878311505503245
1,6852400000000003;3147,6;-4,308941445353239e-06;1;130;1,6854473021494625
1,6828000000000003;3171,9999999999995;-4,312900442013271e-06;1;131;1,6827776053957608
1,6803600000000003;3196,3999999999996;-3,919474998264505e-06;1;132;1,6806092499949246
1,6779200000000003;3220,7999999999997;-3,892398541759918e-06;1;133;1,677511262426808
1,6754800000000003;3245,2;-3,6032628900685416e-06;1;134;1,6757544151738628
1,6730400000000003;3269,5999999999995;-4,004174536202573e-06;1;135;1,672858821366162
1,6706000000000003;3293,9999999999995;-3,6874482126930784e-06;1;136;1,6707073183508525
1,6681600000000003;3318,3999999999996;-3,5793206974074247e-06;1;137;1,6683763525237745
1,6657200000000003;3342,7999999999997;-3,6549504597532593e-06;1;138;1,665936331718859
1,6632800000000003;3367,1999999999994;-4,709591327823243e-06;1;139;1,6635429363772825
1,6608400000000003;3391,5999999999995;-3,631395045710598e-06;1;140;1,6609714393649173
1,6584000000000003;3415,9999999999995;-3,8981141647247164e-06;1;141;1,6580008424420516
1,6559600000000003;3440,4;-3,872868767274161e-06;1;142;1,6562834222384974
1,6535200000000003;3464,7999999999997;-3,888631953950522e-06;1;143;1,653616929754842
1,6510800000000003;3489,2;-3,885173037549247e-06;1;144;1,6511674660342106
1,6486400000000003;3513,6;-3,904175926139402e-06;1;145;1,648225122567844
1,6462000000000003;3538,0;-4,107674191594913e-06;1;146;1,6461907892869625
1,6437600000000003;3562,3999999999996;-4,570490795606191e-06;1;147;1,6439072634060812
1,6413200000000003;3586,7999999999997;-4,032674631776118e-06;1;148;1,6414519034620518
1,6388800000000003;3611,2;-4,241119775529908e-06;1;149;1,6389339887506877
1,6364400000000003;3635,6;-3,675951205050669e-06;1;150;1,6367775542802803
1,6340000000000003;3659,9999999999995;-4,086630188727017e-06;1;151;1,633685278719183
1,6315600000000003;3684,3999999999996;-3,974957638500572e-06;1;152;1,6311710070383465
1,6291200000000003;3708,7999999999997;-4,254882040718102e-06;1;153;1,6285448158101297
1,6266800000000003;3733,2;-4,153187003415571e-06;1;154;1,6267560198190467
1,6242400000000004;3757,5999999999995;-4,003460190882822e-06;1;155;1,6243989858396148
1,6218000000000004;3781,9999999999995;-4,4456128373176e-06;1;156;1,6218594895196898
1,6193600000000004;3806,3999999999996;-3,909794757754561e-06;1;157;1,6194024490145913
1,6169200000000004;3830,7999999999997;-4,031821978436549e-06;1;158;1,6163074756222684
1,6144800000000004;3855,1999999999994;-4,3557162546305385e-06;1;159;1,61462311465532
1,6120400000000004;3879,5999999999995;-4,719470183855539e-06;1;160;1,6119466315469337
1,6096000000000004;3903,9999999999995;-3,846084695573349e-06;1;161;1,6101220243977856
1,6071600000000004;3928,3999999999996;-4,089275559329643e-06;1;162;1,6067866879841504
1,6047200000000004;3952,7999999999993;-4,159002883943734e-06;1;163;1,6043894108067167
1,6022800000000004;3977,1999999999994;-4,070846761703238e-06;1;164;1,6023855230675215
1,5998400000000004;4001,5999999999995;-3,4550576037050217e-06;1;165;1,5992829241746946
1,5974000000000004;4025,9999999999995;-4,014940690378276e-06;1;166;1,5971625633196564
1,5949600000000004;4050,399999999999;-3,974014634940483e-06;1;167;1,5953813414864484
1,5925200000000004;4074,7999999999997;-4,446122289419199e-06;1;168;1,5926521125024653
1,5900800000000004;4099,2;-3,5057987238099927e-06;1;169;1,5899588195479921
1,5876400000000004;4123,599999999999;-3,7247540644229567e-06;1;170;1,588175517530193
1,5852000000000004;4148,0;-3,67992001565242e-06;1;171;1,5853235633858722
1,5827600000000004;4172,4;-3,985698673266307e-06;1;172;1,582841544652785
1,5803200000000004;4196,8;-3,725004073456885e-06;1;173;1,5801585139562349
1,5778800000000004;4221,2;-3,888716477670244e-06;1;174;1,5782704468580757
1,5754400000000004;4245,599999999999;-3,8160438235770046e-06;1;175;1,5749389689369961
1,5730000000000004;4270,0;-4,045658453857938e-06;1;176;1,5733772936485761
1,5705600000000004;4294,4;-4,4421669708369616e-06;1;177;1,5708475469183087
1,5681200000000004;4318,799999999999;-3,691344302884932e-06;1;178;1,5681326625484018
1,5656800000000004;4343,2;-4,580488519748177e-06;1;179;1,5662876880597212
1,5632400000000004;4367,599999999999;-4,071981652446096e-06;1;180;1,5633231391143478
1,5608000000000004;4392,0;-4,061357420683144e-06;1;181;1,560904919807051
1,5583600000000004;4416,4;-4,312858740372363e-06;1;182;1,5581047755988706
1,5559200000000004;4440,799999999999;-3,816063781938068e-06;1;183;1,555780033795673
1,5534800000000004;4465,2;-4,060099658902295e-06;1;184;1,5536649104995959
1,5510400000000004;4489,599999999999;-4,131061272708502e-06;1;185;1,5512219289995928
1,5486000000000004;4513,999999999999;-3,84404828322769e-06;1;186;1,5486980096732983
1,5461600000000004;4538,4;-4,142974543155349e-06;1;187;1,546249577177429
1,5437200000000004;4562,799999999999;-3,583306868012944e-06;1;188;1,5441049336084054
1,5412800000000004;4587,2;-3,8945643681304425e-06;1;189;1,5412108083778995
1,5388400000000004;4611,599999999999;-4,142300818641845e-06;1;190;1,5389537780872053
1,5364000000000004;4635,999999999999;-4,583280448113134e-06;1;191;1,5359398009633856
1,5339600000000004;4660,4;-4,392326948274619e-06;1;192;1,5342155694649702
1,5315200000000004;4684,8;-3,6739517888625967e-06;1;193;1,531439086457097
1,5290800000000004;4709,2;-4,015182279560002e-06;1;194;1,529564641055936
1,5266400000000004;4733,599999999999;-4,084938617952767e-06;1;195;1,5268247081735324
1,5242000000000004;4758,0;-3,5070256529329335e-06;1;196;1,5243400052765372
1,5217600000000004;4782,4;-4,384795950766616e-06;1;197;1,521220282355131
1,5193200000000004;4806,8;-4,175698559266445e-06;1;198;1,5188706973392387
1,5168800000000005;4831,2;-4,1417775655928135e-06;1;199;1,516847165920089
1,5144400000000005;4855,599999999999;-3,824100122891308e-06;1;200;1,5142436163089186
1,5120000000000005;4880,0;-4,199061913215961e-06;1;201;1,511840533571597
1,5095600000000005;4904,4;-4,184026756327973e-06;1;202;1,5094495193601063
1,5071200000000005;4928,799999999999;-4,481546270531636e-06;1;203;1,5068637916034044
1,5046800000000005;4953,2;-3,7811966817468218e-06;1;204;1,5049410359942228
1,5022400000000005;4977,599999999999;-3,7581597487100524e-06;1;205;1,5023648834017063
1,4998000000000005;5001,999999999999;-4,142914635688371e-06;1;206;1,5002740194877942
1,4973600000000005;5026,4;-3,950999684967262e-06;1;207;1,4970572283962396
1,4949200000000005;5050,799999999999;-4,387795564646708e-06;1;208;1,4955554542120317
1,4924800000000005;5075,2;-4,141545735529977e-06;1;209;1,492314284059179
1,4900400000000005;5099,599999999999;-3,586616566753774e-06;1;210;1,4900983055526158
1,4876000000000005;5123,999999999999;-3,959282698064352e-06;1;211;1,4881854721844006
1,4851600000000005;5148,4;-3,3068929402906795e-06;1;212;1,4854866115662413
1,4827200000000005;5172,799999999999;-4,2361598794352225e-06;1;213;1,4822572028949625
1,4802800000000005;5197,199999999999;-3,825916804728704e-06;1;214;1,4805375837806978
1,4778400000000005;5221,599999999999;-4,058653953641794e-06;1;215;1,4783008859157656
1,4754000000000005;5245,999999999999;-3,83025692946905e-06;1;216;1,4755327676419372
1,4729600000000005;5270,4;-4,00216577241552e-06;1;217;1,4731590951815385
1,4705200000000005;5294,799999999999;-4,1683618815142836e-06;1;218;1,470231404252157
1,4680800000000005;5319,199999999999;-4,260287564536838e-06;1;219;1,468070271340682
1,4656400000000005;5343,599999999999;-3,0801916034551293e-06;1;220;1,4654924257763067
1,4632000000000005;5367,999999999999;-4,0232062362064914e-06;1;221;1,4627988219024806
1,4607600000000005;5392,399999999999;-4,605001021781741e-06;1;222;1,460518390493394
1,4583200000000005;5416,799999999999;-4,194583096925587e-06;1;223;1,4581866767715077
1,4558800000000005;5441,199999999999;-3,796591099801808e-06;1;224;1,4556279877968334
1,4534400000000005;5465,599999999999;-4,150005654946081e-06;1;225;1,4532097631841001
1,4510000000000005;5489,999999999999;-3,591869375094041e-06;1;226;1,4507911290275082
1,4485600000000005;5514,399999999999;-3,699283868767401e-06;1;227;1,448975760828915
1,4461200000000005;5538,799999999999;-4,045705060220314e-06;1;228;1,446556492616104
1,4436800000000005;5563,199999999999;-4,14166837537422e-06;1;229;1,44440459499554
1,4412400000000005;5587,5999999999985;-4,301444022083532e-06;1;230;1,4410101061257121
1,4388000000000005;5611,999999999999;-4,2099938146233385e-06;1;231;1,438906702821384
1,4363600000000005;5636,4;-4,441946910963795e-06;1;232;1,4363961859688072
1,4339200000000005;5660,8;-3,638685242585626e-06;1;233;1,4337522126362994
1,4314800000000005;5685,2;-3,5227940404077735e-06;1;234;1,431241969931986
1,4290400000000005;5709,6;-4,376845849160569e-06;1;235;1,4293143718952643
1,4266000000000005;5734,0;-4,354509478025795e-06;1;236;1,4268899063796738
1,4241600000000005;5758,4;-4,53055830509536e-06;1;237;1,4247748611679967
1,4217200000000005;5782,8;-4,289161185607828e-06;1;238;1,4213833126193236
1,4192800000000005;5807,2;-4,931906131166172e-06;1;239;1,4197067265628616
1,4168400000000005;5831,599999999999;-4,342688958349799e-06;1;240;1,4166844135094476
1,4144000000000005;5856,0;-3,610930838404563e-06;1;241;1,414088269471685
1,4119600000000005;5880,4;-4,1037074108012286e-06;1;242;1,4122278662769703
1,4095200000000006;5904,8;-3,7436305819909793e-06;1;243;1,4095024446869917
1,4070800000000006;5929,2;-4,146696779196291e-06;1;244;1,4075687521700646
1,4046400000000006;5953,599999999999;-3,4718060859062387e-06;1;245;1,4040975256314108
1,4022000000000006;5978,0;-3,940241102685546e-06;1;246;1,4025467267584057
1,3997600000000006;6002,4;-4,114607415713779e-06;1;247;1,3994713010143403
1,3973200000000006;6026,799999999999;-3,2342797591160135e-06;1;248;1,397100281486933
1,3948800000000006;6051,2;-4,097348770735145e-06;1;249;1,3942618833852949
1,3924400000000006;6075,599999999999;-4,3663744746553915e-06;1;250;1,3926208401827738
1,3900000000000006;6100,0;-3,939434734114357e-06;1;251;1,3898803739221999
1,3875600000000006;6124,4;-4,011658520633427e-06;1;252;1,3879350902700516
1,3851200000000006;6148,799999999999;-3,680110927211903e-06;1;253;1,3852029406099868
1,3826800000000006;6173,2;-4,276498764684281e-06;1;254;1,3823875006348303
1,3802400000000006;6197,599999999999;-3,75859381249909e-06;1;255;1,3799288983786941
1,3778000000000006;6221,999999999999;-3,74418466618364e-06;1;256;1,3774635157851607
1,3753600000000006;6246,4;-4,200315721537694e-06;1;257;1,374962209905781
1,3729200000000006;6270,799999999999;-3,9510366704267405e-06;1;258;1,3730700913785767
1,3704800000000006;6295,2;-4,249235809382287e-06;1;259;1,3701495062359972
1,3680400000000006;6319,599999999999;-3,2962681627778198e-06;1;260;1,3678568151241381
1,3656000000000006;6343,999999999999;-4,211252829080312e-06;1;261;1,3656009218475818
1,3631600000000006;6368,4;-4,135933682281572e-06;1;262;1,3630773798995584
1,3607200000000006;6392,799999999999;-4,319763158345549e-06;1;263;1,3607412681330202
1,3582800000000006;6417,199999999999;-4,103848551164136e-06;1;264;1,3584903220029736
1,3558400000000006;6441,599999999999;-4,001775408263514e-06;1;265;1,355985899573465
1,3534000000000006;6465,999999999999;-3,7696763066044104e-06;1;266;1,3530686340534213
1,3509600000000006;6490,4;-4,183159503835129e-06;1;267;1,350955822216015
1,3485200000000006;6514,799999999999;-4,055746176841105e-06;1;268;1,3480740956979365
1,3460800000000006;6539,199999999999;-4,424961295386984e-06;1;269;1,3459899592841236
1,3436400000000006;6563,599999999999;-4,248235667317675e-06;1;270;1,3437693890166749
1,3412000000000006;6587,999999999999;-3,1732732638563866e-06;1;271;1,3410941847961844
1,3387600000000006;6612,399999999999;-3,6876431247548815e-06;1;272;1,3388911817938998
1,3363200000000006;6636,799999999999;-4,2344438652329195e-06;1;273;1,3367392387755987
1,3338800000000006;6661,199999999999;-4,401236415890073e-06;1;274;1,3343010474412298
1,3314400000000006;6685,599999999999;-4,292692704266586e-06;1;275;1,3307808619833332
1,3290000000000006;6709,999999999999;-4,006525746292403e-06;1;276;1,3287944372185527
1,3265600000000006;6734,399999999999;-3,989600807748225e-06;1;277;1,326521515962334
1,3241200000000006;6758,799999999999;-4,223328003615955e-06;1;278;1,3244385621413015
1,3216800000000006;6783,199999999999;-4,385992866526903e-06;1;279;1,3215631872553768
1,3192400000000006;6807,5999999999985;-3,573307703042638e-06;1;280;1,3197599608632236
1,3168000000000006;6831,999999999999;-3,8645163731676134e-06;1;281;1,3169835609919693
1,3143600000000006;6856,399999999999;-4,112393195109046e-06;1;282;1,3140939210670126
1,3119200000000006;6880,8;-4,066221959958208e-06;1;283;1,3116571300794047
1,3094800000000006;6905,2;-4,158883572400284e-06;1;284;1,309247848285931
1,3070400000000006;6929,599999999999;-4,880838935208538e-06;1;285;1,3065441752525553
1,3046000000000006;6954,0;-3,965327650761273e-06;1;286;1,3045168168753847
1,3021600000000007;6978,4;-4,321190451118854e-06;1;287;1,3025793425709755
1,2997200000000007;7002,8;-4,3008333802057e-06;1;288;1,2998463469592143
1,2972800000000007;7027,2;-4,192107808532679e-06;1;289;1,2976430668209302
1,2948400000000007;7051,599999999999;-3,780339604266664e-06;1;290;1,294656766612617
1,2924000000000007;7076,0;-4,3511904295653605e-06;1;291;1,2921518685922164
1,2899600000000007;7100,4;-4,4303167312050264e-06;1;292;1,2898350927952593
1,2875200000000007;7124,799999999999;-3,8080778162518043e-06;1;293;1,287248182809596
1,2850800000000007;7149,2;-3,7737239535453236e-06;1;294;1,285669365828166
1,2826400000000007;7173,599999999999;-4,287715965483391e-06;1;295;1,2825549363277695
1,2802000000000007;7198,0;-3,831317821731887e-06;1;296;1,2805049709001846
1,2777600000000007;7222,4;-4,087528170930953e-06;1;297;1,277856661579281
1,2753200000000007;7246,799999999999;-3,909652152439521e-06;1;298;1,275151352901965
1,2728800000000007;7271,2;-4,378329301393589e-06;1;299;1,2731849166695501
1,2704400000000007;7295,599999999999;-3,7501743446190377e-06;1;300;1,2706121028644333
1,2680000000000007;7319,999999999999;-3,639066507107325e-06;1;301;1,2681139782945459
1,2655600000000007;7344,4;-3,8089237902706556e-06;1;302;1,2655553820063368
1,2631200000000007;7368,799999999999;-3,832545395672331e-06;1;303;1,2632027557668453
1,2606800000000007;7393,2;-5,131731611818635e-06;1;304;1,2608492987832116
1,2582400000000007;7417,599999999999;-3,921861880683665e-06;1;305;1,2587600571729494
1,2558000000000007;7441,999999999999;-4,007686202569294e-06;1;306;1,2557171738009278
1,2533600000000007;7466,4;-4,044168125698948e-06;1;307;1,2532249718807638
1,2509200000000007;7490,799999999999;-4,189229802913163e-06;1;308;1,2505765013898384
1,2484800000000007;7515,199999999999;-3,983448914265887e-06;1;309;1,2484445045997625
1,2460400000000007;7539,599999999999;-3,8764252569921144e-06;1;310;1,2461472647486813
1,2436000000000007;7563,999999999999;-4,079199071973553e-06;1;311;1,24414061545425
1,2411600000000007;7588,4;-4,139062087101991e-06;1;312;1,2408317414368994
1,2387200000000007;7612,799999999999;-3,6311410020811196e-06;1;313;1,2380957509199821
1,2362800000000007;7637,199999999999;-4,331679659308756e-06;1;314;1,2361176918283796
1,2338400000000007;7661,599999999999;-3,691025434031406e-06;1;315;1,2337599325514945
1,2314000000000007;7685,999999999999;-3,947030807992243e-06;1;316;1,2311828030149312
1,2289600000000007;7710,399999999999;-4,241368885014394e-06;1;317;1,2296433674637874
1,2265200000000007;7734,799999999999;-4,087074498367384e-06;1;318;1,2256600470359764
1,2240800000000007;7759,199999999999;-4,276080845633038e-06;1;319;1,2237432383746685
1,2216400000000007;7783,599999999999;-3,7975663450804254e-06;1;320;1,2214782343052573
1,2192000000000007;7807,999999999999;-3,89571821196452e-06;1;321;1,219334527800696
1,2167600000000007;7832,399999999999;-4,167130740886524e-06;1;322;1,2169951782646844
1,2143200000000007;7856,799999999999;-4,330760637499258e-06;1;323;1,2143351417588208
1,2118800000000007;7881,199999999999;-3,909583694793296e-06;1;324;1,2120561589864478
1,2094400000000007;7905,5999999999985;-3,7128863355710494e-06;1;325;1,2093423510233272
1,2070000000000007;7929,999999999999;-4,034256541184252e-06;1;326;1,206495039164138
1,2045600000000007;7954,399999999999;-3,87460363321232e-06;1;327;1,2045610728986524
1,2021200000000007;7978,799999999999;-4,112921408670026e-06;1;328;1,2017894059167649
1,1996800000000007;8003,199999999999;-3,979846519359696e-06;1;329;1,1989940898474176
1,1972400000000007;8027,5999999999985;-4,087506314751485e-06;1;330;1,1969813476815472
1,1948000000000008;8051,999999999999;-3,9119131061803796e-06;1;331;1,1946751231153363
1,1923600000000008;8076,399999999999;-4,453061963526247e-06;1;332;1,1923517040991811
1,1899200000000008;8100,799999999998;-3,8068776714246374e-06;1;333;1,1899207738477424
1,1874800000000008;8125,2;-4,069119355464376e-06;1;334;1,187513361098279
1,1850400000000008;8149,599999999999;-3,892562142937774e-06;1;335;1,185510895393018
1,1826000000000008;8174,0;-4,102242729386723e-06;1;336;1,1826822403242878
1,1801600000000008;8198,4;-3,904046644145115e-06;1;337;1,1802381901027463
1,1777200000000008;8222,8;-4,321929340354903e-06;1;338;1,1781540160384332
1,1752800000000008;8247,199999999999;-3,6434198685580175e-06;1;339;1,1756279460936248
1,1728400000000008;8271,6;-4,5112354637315626e-06;1;340;1,1725899129896808
1,1704000000000008;8296,0;-4,311949836120869e-06;1;341;1,1705181164426581
1,1679600000000008;8320,4;-3,9294846916004226e-06;1;342;1,1677224383562823
1,1655200000000008;8344,8;-3,5613383718912464e-06;1;343;1,1655332724466494
1,1630800000000008;8369,199999999999;-3,916759944050719e-06;1;344;1,1635380582438282
1,1606400000000008;8393,6;-4,074577388720771e-06;1;345;1,1606782145368404
1,1582000000000008;8418,0;-4,42773916157867e-06;1;346;1,1580945249760195
1,1557600000000008;8442,4;-4,057602642157908e-06;1;347;1,1553625807735057
1,1533200000000008;8466,8;-4,006190537262216e-06;1;348;1,153437142735127
1,1508800000000008;8491,199999999999;-3,493064907833359e-06;1;349;1,150852965443041
1,1484400000000008;8515,599999999999;-3,8136062886070564e-06;1;350;1,1486891247022093
1,1460000000000008;8540,0;-4,4589803675398484e-06;1;351;1,1462217842650972
1,1435600000000008;8564,4;-3,3922277332907483e-06;1;352;1,1437922041024957
1,1411200000000008;8588,8;-4,118773699029403e-06;1;353;1,1414735191428542
1,1386800000000008;8613,199999999999;-4,264118254290653e-06;1;354;1,1386371788296685
1,1362400000000008;8637,599999999999;-3,5578434884060437e-06;1;355;1,1366516699391624
1,1338000000000008;8662,0;-4,015227309010701e-06;1;356;1,1333011729523668
1,1313600000000008;8686,4;-4,110532022873469e-06;1;357;1,1317064684051306
1,1289200000000008;8710,8;-3,934686486722859e-06;1;358;1,1285978501991456
1,1264800000000008;8735,199999999999;-3,7468670812546655e-06;1;359;1,125950495907108
1,1240400000000008;8759,599999999999;-3,702344691508475e-06;1;360;1,1239737055553076
1,1216000000000008;8784,0;-4,412918530231452e-06;1;361;1,121514119327379
1,1191600000000008;8808,4;-3,4008260612971045e-06;1;362;1,1194335914696765
1,1167200000000008;8832,8;-3,7163251683564638e-06;1;363;1,1164874715289943
1,1142800000000008;8857,199999999999;-4,114157571919031e-06;1;364;1,1139183702903321
1,1118400000000008;8881,599999999999;-4,246009300051201e-06;1;365;1,1118786860342402
1,1094000000000008;8905,999999999998;-4,291129664944616e-06;1;366;1,109544158996973
1,1069600000000008;8930,4;-3,963427513139666e-06;1;367;1,1067094195689084
1,1045200000000008;8954,8;-4,194861577296999e-06;1;368;1,1045576614859207
1,1020800000000008;8979,199999999999;-4,229935078196346e-06;1;369;1,101721252978378
1,0996400000000008;9003,599999999999;-3,7571133413256693e-06;1;370;1,0996778902192041
1,0972000000000008;9027,999999999998;-3,8911368288685815e-06;1;371;1,0971907982029099
1,0947600000000008;9052,4;-4,118896394868535e-06;1;372;1,0940113137626124
1,0923200000000008;9076,8;-3,780269361782131e-06;1;373;1,0924626489838443
1,0898800000000008;9101,199999999999;-3,590349336643715e-06;1;374;1,0898227609018352
1,0874400000000009;9125,599999999999;-4,328931786256039e-06;1;375;1,0871447272125416
1,0850000000000009;9149,999999999998;-4,181591133939503e-06;1;376;1,0855637913496952
1,0825600000000009;9174,4;-3,7178384262830908e-06;1;377;1,0827004517999566
1,0801200000000009;9198,8;-3,7849649776951016e-06;1;378;1,0799863939350727
1,0776800000000009;9223,199999999999;-3,9326604459757515e-06;1;379;1,0774952969388605
1,0752400000000009;9247,599999999999;-3,6519675163782953e-06;1;380;1,0753180165141147
1,0728000000000009;9271,999999999998;-4,32718200427504e-06;1;381;1,0730574287843635
1,0703600000000009;9296,399999999998;-4,444485321627114e-06;1;382;1,0703983629622613
1,0679200000000009;9320,8;-4,260722568667416e-06;1;383;1,068089002382245
1,0654800000000009;9345,199999999999;-3,964034458911815e-06;1;384;1,0651944912067437
1,0630400000000009;9369,6;-4,2396520154942805e-06;1;385;1,0629757005499931
1,0606000000000009;9394,0;-4,147020728974095e-06;1;386;1,0609098721045709
1,0581600000000009;9418,4;-4,293385656148134e-06;1;387;1,0581950785288414
1,0557200000000009;9442,8;-4,18704577832379e-06;1;388;1,0559015303917327
1,0532800000000009;9467,199999999999;-4,3023857294996045e-06;1;389;1,053194796381473
1,0508400000000009;9491,6;-3,890743384790806e-06;1;390;1,0512309092185195
1,0484000000000009;9516,0;-3,7625508036181135e-06;1;391;1,0482041246753764
1,045960000000001;9540,4;-4,1451880205342236e-06;1;392;1,045718740459138
1,043520000000001;9564,8;-4,063271373037412e-06;1;393;1,0431248556207124
1,041080000000001;9589,199999999999;-4,1754401283604165e-06;1;394;1,0411690860782263
1,038640000000001;9613,6;-3,8417950876732166e-06;1;395;1,0385993147380672
1,036200000000001;9638,0;-3,974495158768776e-06;1;396;1,0364525082569072
1,033760000000001;9662,4;-3,523007891035919e-06;1;397;1,0336178953402289
1,031320000000001;9686,8;-4,329941087836909e-06;1;398;1,0308470327883206
1,028880000000001;9711,199999999999;-3,892594821852608e-06;1;399;1,0288927311904859
1,026440000000001;9735,599999999999;-3,868195881550267e-06;1;400;1,0261714282787513
1,024000000000001;9760,0;-4,109574775647859e-06;1;401;1,023803672956882
1,021560000000001;9784,4;-3,8264336621746944e-06;1;402;1,0218768064940746
1,019120000000001;9808,8;-4,4331036864511145e-06;1;403;1,0192557122062504
1,016680000000001;9833,199999999999;-3,3659608536267987e-06;1;404;1,0165416182035505
1,014240000000001;9857,599999999999;-4,404271916339971e-06;1;405;1,0142282863844578
1,011800000000001;9882,0;-3,7257752351701956e-06;1;406;1,0114413831996145
1,009360000000001;9906,4;-4,338115137001517e-06;1;407;1,0089488960696473
1,006920000000001;9930,8;-3,6565765049886346e-06;1;408;1,0070850787152523
1,004480000000001;9955,199999999999;-4,117338941142537e-06;1;409;1,004824834114715
1,002040000000001;9979,599999999999;-3,954447497020995e-06;1;410;1,002159536709815
0,9996000000000009;10003,999999999998;-3,986041277964949e-06;1;411;0,9992844158886827
0,9971600000000009;10028,4;-3,6718966964190397e-06;1;412;0,9971217490738805
0,9947200000000009;10052,8;-4,098656253279628e-06;1;413;0,9946909047686237
0,9922800000000009;10077,199999999999;-4,892424889123027e-06;1;414;0,9922613463071313
0,9898400000000009;10101,599999999999;-4,230367930479447e-06;1;415;0,9894399662740675
0,9874000000000009;10125,999999999998;-3,947319971660225e-06;1;416;0,9875388884582095
0,984960000000001;10150,4;-4,134660464985692e-06;1;417;0,9849001736607311
0,982520000000001;10174,8;-3,7716631487485298e-06;1;418;0,9821828117272864
0,980080000000001;10199,199999999999;-3,698103881601942e-06;1;419;0,9795242070951208
0,977640000000001;10223,599999999999;-4,0471293895216964e-06;1;420;0,977273982944843
0,975200000000001;10247,999999999998;-4,449790739845111e-06;1;421;0,97496427282955
0,972760000000001;10272,4;-3,58775039623916e-06;1;422;0,972827822170123
0,970320000000001;10296,8;-3,6781903490009964e-06;1;423;0,9705512736955599
0,967880000000001;10321,199999999999;-4,0929740065172885e-06;1;424;0,9674115153975683
0,965440000000001;10345,599999999999;-3,370844349420134e-06;1;425;0,9656397319108455
0,963000000000001;10369,999999999998;-4,1081118063449e-06;1;426;0,9632378564817039
0,960560000000001;10394,399999999998;-4,344707626841578e-06;1;427;0,96033198082866
0,958120000000001;10418,8;-4,050460698107726e-06;1;428;0,9578890407965892
0,955680000000001;10443,199999999999;-3,6804801050304033e-06;1;429;0,9562381978844547
0,953240000000001;10467,599999999999;-4,285202591945316e-06;1;430;0,9531673956207729
0,950800000000001;10491,999999999998;-3,418740373116805e-06;1;431;0,9509787337222945
0,948360000000001;10516,399999999998;-4,273212325931685e-06;1;432;0,9482537499417834
0,945920000000001;10540,8;-3,7180798264343825e-06;1;433;0,9458310703924511
0,943480000000001;10565,199999999999;-3,841225612858039e-06;1;434;0,9430347192081221
0,941040000000001;10589,599999999999;-4,050945349973079e-06;1;435;0,9409722485229605
0,938600000000001;10613,999999999998;-3,6807387072442154e-06;1;436;0,938245250162716
0,936160000000001;10638,399999999998;-4,455015497969503e-06;1;437;0,9358714552037798
0,933720000000001;10662,8;-3,597988981811238e-06;1;438;0,933865379012717
0,931280000000001;10687,199999999999;-4,024558377523558e-06;1;439;0,9311137099214547
0,928840000000001;10711,599999999999;-4,168385105396731e-06;1;440;0,929486907438101
0,926400000000001;10735,999999999998;-3,78111325327547e-06;1;441;0,9263206274574729
0,923960000000001;10760,399999999998;-3,68811732859075e-06;1;442;0,9242025228229704
0,921520000000001;10784,799999999997;-3,7753818835364267e-06;1;443;0,9216304293226611
0,919080000000001;10809,199999999999;-3,406716344250176e-06;1;444;0,918640744381793
0,916640000000001;10833,599999999999;-3,6826120963699585e-06;1;445;0,9159652679411265
0,914200000000001;10857,999999999998;-3,6220582251449756e-06;1;446;0,9136952390237403
0,911760000000001;10882,399999999998;-4,169370553516865e-06;1;447;0,9116993546907615
0,909320000000001;10906,799999999997;-3,9757799739172285e-06;1;448;0,9096418566207821
0,906880000000001;10931,199999999999;-3,8391972551636225e-06;1;449;0,9066849886215423
0,904440000000001;10955,599999999999;-4,013804533099613e-06;1;450;0,904485689436606
0,902000000000001;10979,999999999998;-3,918423127845183e-06;1;451;0,9020495332452635
0,899560000000001;11004,399999999998;-3,881564894164531e-06;1;452;0,9003535974739764
0,897120000000001;11028,799999999997;-3,756667434390683e-06;1;453;0,8969543088414584
0,894680000000001;11053,199999999999;-4,0410426443035445e-06;1;454;0,8945227615805728
0,892240000000001;11077,599999999999;-4,116210735184125e-06;1;455;0,8922216710363321
0,889800000000001;11101,999999999998;-4,260588636654765e-06;1;456;0,8898384639949505
0,887360000000001;11126,399999999998;-4,280573567693148e-06;1;457;0,8866667850160951
0,884920000000001;11150,799999999997;-3,6624459769229828e-06;1;458;0,884912992935477
0,882480000000001;11175,199999999997;-4,040870183248285e-06;1;459;0,88229801318382
0,880040000000001;11199,599999999999;-3,7810132682609113e-06;1;460;0,8799936795106227
0,877600000000001;11223,999999999998;-4,408194384594993e-06;1;461;0,8773041286536903
0,875160000000001;11248,4;-4,602697208987158e-06;1;462;0,8754008896833465
0,872720000000001;11272,8;-4,338689706751457e-06;1;463;0,8730374309021153
0,870280000000001;11297,2;-3,6832416232390586e-06;1;464;0,8704441438313714
0,867840000000001;11321,6;-3,710743259984852e-06;1;465;0,8681017712861249
0,8654000000000011;11346,0;-3,936302069361084e-06;1;466;0,8651326434842342
0,8629600000000011;11370,4;-4,28229077989382e-06;1;467;0,862698510380957
0,8605200000000011;11394,8;-4,087786446682342e-06;1;468;0,860334931722403
0,8580800000000011;11419,2;-4,1461983568789345e-06;1;469;0,8582901600152149
0,8556400000000011;11443,6;-4,170388418595712e-06;1;470;0,8559223887283601
0,8532000000000011;11468,0;-4,830779599992812e-06;1;471;0,8534713503652513
0,8507600000000011;11492,4;-4,3508287506046505e-06;1;472;0,8508101762188919
0,8483200000000011;11516,8;-4,167868279842189e-06;1;473;0,8484050224222677
0,8458800000000011;11541,199999999999;-3,676726358229128e-06;1;474;0,8461274418106758
0,8434400000000011;11565,6;-4,108317459518176e-06;1;475;0,8432313377852562
0,8410000000000011;11590,0;-3,7659619546127448e-06;1;476;0,840892331745048
0,8385600000000011;11614,4;-4,339684445493449e-06;1;477;0,8386783775517146
0,8361200000000011;11638,8;-4,339365638870879e-06;1;478;0,8365904604992719
0,8336800000000011;11663,199999999999;-5,4831525208702865e-06;1;479;0,8338679188335465
0,8312400000000011;11687,6;-4,233180900311186e-06;1;480;0,831230345304497
0,8288000000000011;11712,0;-4,277488804967409e-06;1;481;0,8286509442888137
0,8263600000000011;11736,4;-3,994218680965315e-06;1;482;0,8264026660335002
0,8239200000000011;11760,8;-4,765337757414437e-06;1;483;0,8230998141691402
0,8214800000000011;11785,199999999999;-4,7034625031531385e-06;1;484;0,8216946900250358
0,8190400000000011;11809,6;-5,074690782278351e-06;1;485;0,8191859601230828
0,8166000000000011;11834,0;-5,3689582656576435e-06;1;486;0,8163441637222415
0,8141600000000011;11858,4;-5,407929254375028e-06;1;487;0,8142610298466829
0,8117200000000011;11882,8;-5,503790836277688e-06;1;488;0,8117385967327109
0,8092800000000011;11907,199999999999;-5,232243710393987e-06;1;489;0,8089707587189604
0,8068400000000011;11931,599999999999;-5,91342368175924e-06;1;490;0,807251115418759
0,8044000000000011;11956,0;-6,4678861713781336e-06;1;491;0,8044523127272083
0,8019600000000011;11980,4;-6,551497713824243e-06;1;492;0,8016474557402578
0,7995200000000011;12004,8;-6,944619591620421e-06;1;493;0,8001711189318266
0,7970800000000011;12029,199999999999;-7,687403822368176e-06;1;494;0,7970664356898434
0,7946400000000011;12053,599999999999;-7,681895167071843e-06;1;495;0,7944383580998183
0,7922000000000011;12078,0;-9,204832345577656e-06;1;496;0,792424275622009
0,7897600000000011;12102,4;-9,397008517914183e-06;1;497;0,7900273772921056
0,7873200000000011;12126,8;-9,917806891936003e-06;1;498;0,787414374612782
0,7848800000000011;12151,199999999999;-1,140219524402758e-05;1;499;0,7840078594883942
0,7824400000000011;12175,599999999999;-1,1884353053702879e-05;1;500;0,782423554716967
0,7800000000000011;12200,0;-1,2715974110156855e-05;1;501;0,7799777689685818
0,7775600000000011;12224,4;-1,4208755461716422e-05;1;502;0,7775279882602275
0,7751200000000011;12248,8;-1,6234164248115404e-05;1;503;0,7753069037407423
0,7726800000000011;12273,199999999999;-1,748086084405347e-05;1;504;0,7727548377134077
0,7702400000000011;12297,599999999999;-1,8593182536209072e-05;1;505;0,7701673022810568
0,7678000000000011;12321,999999999998;-2,0751488191479767e-05;1;506;0,7673612843478672
0,7653600000000012;12346,4;-2,2912374920753572e-05;1;507;0,7655628934973879
0,7629200000000012;12370,8;-2,504857450179351e-05;1;508;0,7628449045871696
0,7604800000000012;12395,199999999999;-2,745199020090699e-05;1;509;0,7605283584887846
0,7580400000000012;12419,599999999999;-3,059668676172594e-05;1;510;0,7583880337919561
0,7556000000000012;12443,999999999998;-3,3427910022021325e-05;1;511;0,7558551521170284
0,7531600000000012;12468,4;-3,650723692874157e-05;1;512;0,7532171630448293
0,7507200000000012;12492,8;-4,01865524968209e-05;1;513;0,7504510512441398
0,7482800000000012;12517,199999999999;-4,381103682390844e-05;1;514;0,7480253938124156
0,7458400000000012;12541,599999999999;-4,741310815479747e-05;1;515;0,7454502172967578
0,7434000000000012;12565,999999999998;-5,241636718401397e-05;1;516;0,7432335448104122
0,7409600000000012;12590,4;-5,6170503550368075e-05;1;517;0,7414934283498207
0,7385200000000012;12614,8;-6,111134317005019e-05;1;518;0,7384912777239451
0,7360800000000012;12639,199999999999;-6,742339769463598e-05;1;519;0,7360706199397418
0,7336400000000012;12663,599999999999;-7,249485376270985e-05;1;520;0,7336604884592952
0,7312000000000012;12687,999999999998;-7,820104507069315e-05;1;521;0,7313729850592411
0,7287600000000012;12712,399999999998;-8,468829555197525e-05;1;522;0,729117174231712
0,7263200000000012;12736,8;-9,113758345150112e-05;1;523;0,7262573051299297
0,7238800000000012;12761,199999999999;-9,77321802642524e-05;1;524;0,7241217566818026
0,7214400000000012;12785,599999999999;-0,00010446392460801994;1;525;0,7223712324342915
0,7190000000000012;12809,999999999998;-0,0001121284016094027;1;526;0,7182454780668922
0,7165600000000012;12834,399999999998;-0,0001189634337905118;1;527;0,7164684335599447
0,7141200000000012;12858,8;-0,0001271874191331951;1;528;0,7140981712059813
0,7116800000000012;12883,199999999999;-0,00013527097996655698;1;529;0,7116902826299816
0,7092400000000012;12907,599999999999;-0,00014294726419285405;1;530;0,7092988982940458
0,7068000000000012;12931,999999999998;-0,00015148222639531966;1;531;0,7066029766918774
0,7043600000000012;12956,399999999998;-0,00015996091686276047;1;532;0,7053035102766028
0,7019200000000012;12980,8;-0,00016865069852572994;1;533;0,7018293684682984
0,6994800000000012;13005,199999999999;-0,00017652685918276604;1;534;0,6995475665414698
0,6970400000000012;13029,599999999999;-0,00018534692116025273;1;535;0,6969735623538312
0,6946000000000012;13053,999999999998;-0,00019412825495552285;1;536;0,6947601009996417
0,6921600000000012;13078,399999999998;-0,00020293043178244407;1;537;0,6923193059839564
0,6897200000000012;13102,799999999997;-0,00021060327537899886;1;538;0,6898129252206785
0,6872800000000012;13127,199999999999;-0,00021913762886126504;1;539;0,6877044032456648
0,6848400000000012;13151,599999999999;-0,00022716315920840463;1;540;0,684797997348792
0,6824000000000012;13175,999999999998;-0,00023431347707802153;1;541;0,6827029711214967
0,6799600000000012;13200,399999999998;-0,00024140745978790403;1;542;0,6795183172138978
0,6775200000000012;13224,799999999997;-0,0002480042987269971;1;543;0,6778257592592428
0,6750800000000012;13249,199999999999;-0,0002547918928246539;1;544;0,6752421095710198
0,6726400000000012;13273,599999999999;-0,0002606701099288332;1;545;0,6728131645284515
0,6702000000000012;13297,999999999998;-0,0002668221846993011;1;546;0,6702421319210506
0,6677600000000012;13322,399999999998;-0,000271473122378738;1;547;0,667662071006522
0,6653200000000012;13346,799999999997;-0,00027587583936145645;1;548;0,6646166737868334
0,6628800000000012;13371,199999999999;-0,0002795048601951765;1;549;0,6627100296870464
0,6604400000000012;13395,599999999999;-0,0002829556311633673;1;550;0,660364613005381
0,6580000000000013;13419,999999999998;-0,00028532963750291755;1;551;0,657769535162213
0,6555600000000013;13444,399999999998;-0,00028763753521274856;1;552;0,6556848236642179
0,6531200000000013;13468,799999999997;-0,0002886155267749628;1;553;0,6530087440151384
0,6506800000000013;13493,199999999997;-0,0002891474172425962;1;554;0,6508415254014336
0,6482400000000013;13517,599999999999;-0,000289504191632677;1;555;0,64806252264248
0,6458000000000013;13541,999999999998;-0,0002882435253576387;1;556;0,6459379236706493
0,6433600000000013;13566,399999999998;-0,0002868749216593841;1;557;0,6433857621605613
0,6409200000000013;13590,799999999997;-0,0002851594636890383;1;558;0,640872055979623
0,6384800000000013;13615,199999999997;-0,0002814528536741749;1;559;0,6381437475035348
0,6360400000000013;13639,599999999999;-0,00027836432497568126;1;560;0,6364301782959177
0,6336000000000013;13663,999999999998;-0,0002744150473283191;1;561;0,6334878308144457
0,6311600000000013;13688,399999999998;-0,00026959326079642785;1;562;0,6307909526920281
0,6287200000000013;13712,799999999997;-0,0002642092579881918;1;563;0,6291214758020257
0,6262800000000013;13737,199999999997;-0,000258055021944298;1;564;0,626026299398546
0,6238400000000013;13761,6;-0,00025233893353335284;1;565;0,6235729198827091
0,6214000000000013;13786,0;-0,0002454958400926974;1;566;0,6214484621339992
0,6189600000000013;13810,4;-0,0002381841657766109;1;567;0,6185302034785336
0,6165200000000013;13834,8;-0,00023105031683807287;1;568;0,6163207702620286
0,6140800000000013;13859,199999999999;-0,00022320571719826402;1;569;0,6135398506452597
0,6116400000000013;13883,6;-0,0002157338263922144;1;570;0,6110702687499873
0,6092000000000013;13908,0;-0,00020721990389672399;1;571;0,6091962895893162
0,6067600000000013;13932,4;-0,00019917149219976667;1;572;0,6066968380066055
0,6043200000000013;13956,8;-0,00019042323756517186;1;573;0,6046962336886581
0,6018800000000013;13981,199999999999;-0,0001825715774839887;1;574;0,6024213121593941
0,5994400000000013;14005,6;-0,00017400620336920729;1;575;0,5995220017160992
0,5970000000000013;14030,0;-0,00016491195377659983;1;576;0,5971235133413915
0,5945600000000013;14054,4;-0,00015692941792450098;1;577;0,5942035038426564
0,5921200000000013;14078,8;-0,0001486510292413617;1;578;0,5919835976169086
0,5896800000000013;14103,199999999999;-0,00014032184680686432;1;579;0,5897095418650982
0,5872400000000013;14127,6;-0,00013251425039841465;1;580;0,5875347368002504
0,5848000000000013;14152,0;-0,00012405912322769767;1;581;0,584983209316724
0,5823600000000013;14176,4;-0,00011719924599184397;1;582;0,5823093268732992
0,5799200000000013;14200,8;-0,00010947231824922724;1;583;0,5798638801416505
0,5774800000000013;14225,199999999999;-0,00010218179443242765;1;584;0,5772342342804654
0,5750400000000013;14249,599999999999;-9,544821801486644e-05;1;585;0,5746166351381193
0,5726000000000013;14274,0;-8,907397173558901e-05;1;586;0,5723279138718704
0,5701600000000013;14298,4;-8,280580254206058e-05;1;587;0,5701402576685214
0,5677200000000013;14322,8;-7,643265176765772e-05;1;588;0,567786454861675
0,5652800000000013;14347,199999999999;-7,119209576796893e-05;1;589;0,5652141665378742
0,5628400000000013;14371,599999999999;-6,532166243919777e-05;1;590;0,5629266787928915
0,5604000000000013;14396,0;-6,0915141976583134e-05;1;591;0,5609424064259462
0,5579600000000013;14420,4;-5,587427396444489e-05;1;592;0,5580247000049641
0,5555200000000013;14444,8;-5,1250094537447836e-05;1;593;0,5554280139507279
0,5530800000000013;14469,199999999999;-4,748724368895521e-05;1;594;0,5530466131798454
0,5506400000000014;14493,599999999999;-4,3056570737832655e-05;1;595;0,5500353445504167
0,5482000000000014;14518,0;-3,96795238274948e-05;1;596;0,5483670393643894
0,5457600000000014;14542,4;-3,667792506219185e-05;1;597;0,5458288445502008
0,5433200000000014;14566,8;-3,377649249185901e-05;1;598;0,5433932408252253
0,5408800000000014;14591,199999999999;-3,099331611762223e-05;1;599;0,5406130583713525
0,5384400000000014;14615,599999999999;-2,7948197330066144e-05;1;600;0,538197640589009
0,5360000000000014;14639,999999999998;-2,597506801857761e-05;1;601;0,5355766985078555
0,5335600000000014;14664,4;-2,3914003630004227e-05;1;602;0,5335725711017696
0,5311200000000014;14688,8;-2,1649721744588566e-05;1;603;0,5319726159309233
0,5286800000000014;14713,199999999999;-1,9159540134372153e-05;1;604;0,5288136972411612
0,5262400000000014;14737,599999999999;-1,8196071863706964e-05;1;605;0,5268523746367053
0,5238000000000014;14761,999999999998;-1,664884899046279e-05;1;606;0,5235586574461871
0,5213600000000014;14786,4;-1,5562224661620732e-05;1;607;0,5214050069822205
0,5189200000000014;14810,8;-1,427787230625617e-05;1;608;0,5192273974752242
0,5164800000000014;14835,199999999999;-1,392978395976373e-05;1;609;0,5168421157164759
0,5140400000000014;14859,599999999999;-1,2786928529027637e-05;1;610;0,5135109419648318
0,5116000000000014;14883,999999999998;-1,1817123120676532e-05;1;611;0,5114554345165199
0,5091600000000014;14908,399999999998;-1,1236070162684433e-05;1;612;0,5094538447896106
0,5067200000000014;14932,8;-1,0712033537240293e-05;1;613;0,5072137355809564
0,5042800000000014;14957,199999999999;-1,035826175635128e-05;1;614;0,5040733165724649
0,5018400000000014;14981,599999999999;-9,81273659541533e-06;1;615;0,5015987317147473
0,4994000000000014;15005,999999999998;-9,609778939488688e-06;1;616;0,49896935143674864
0,4969600000000014;15030,399999999998;-9,805424492145158e-06;1;617;0,49691158948075553
0,4945200000000014;15054,8;-9,191669296667185e-06;1;618;0,49429594750200634
0,4920800000000014;15079,199999999999;-8,492707159952523e-06;1;619;0,49259050312420505
0,4896400000000014;15103,599999999999;-8,01306949662768e-06;1;620;0,4900626384040442
0,4872000000000014;15127,999999999998;-7,81914788548734e-06;1;621;0,4872567822305411
0,4847600000000014;15152,399999999998;-8,251448716341882e-06;1;622;0,48516288642444255
0,4823200000000014;15176,8;-7,960338487291629e-06;1;623;0,4825449811522059
0,4798800000000014;15201,199999999999;-7,931261119462176e-06;1;624;0,4798955153653702
0,4774400000000014;15225,599999999999;-8,411211197997074e-06;1;625;0,47765877089592473
0,4750000000000014;15249,999999999998;-8,734862330192689e-06;1;626;0,475221695525942
0,4725600000000014;15274,399999999998;-8,258024976847467e-06;1;627;0,47256750167567513
0,4701200000000014;15298,799999999997;-8,855701331539678e-06;1;628;0,46993148572894256
0,46768000000000143;15323,199999999999;-8,499038081158518e-06;1;629;0,4676130939536919
0,46524000000000143;15347,599999999999;-8,31146984980508e-06;1;630;0,4653042227860127
0,46280000000000143;15371,999999999998;-9,024366118601248e-06;1;631;0,46320318135925165
0,46036000000000143;15396,399999999998;-8,705645030263794e-06;1;632;0,46017164787648207
0,45792000000000144;15420,799999999997;-8,471985496519904e-06;1;633;0,4578724101308766
0,45548000000000144;15445,199999999999;-8,875133679596197e-06;1;634;0,4558390525912802
0,45304000000000144;15469,599999999999;-8,976830072073965e-06;1;635;0,4528897170781003
0,45060000000000144;15493,999999999998;-9,021308129755605e-06;1;636;0,45088351135576565
0,44816000000000145;15518,399999999998;-8,942736366723314e-06;1;637;0,44785151500799825
0,44572000000000145;15542,799999999997;-9,59570461581852e-06;1;638;0,4456160081908165
0,44328000000000145;15567,199999999999;-9,459800880703993e-06;1;639;0,44320772505798733
0,44084000000000145;15591,599999999999;-1,0044309720342739e-05;1;640;0,4412723050750342
0,43840000000000146;15615,999999999998;-1,0394144820395113e-05;1;641;0,438426720116487
0,43596000000000146;15640,399999999998;-1,0349906605827272e-05;1;642;0,43558438406963146
0,43352000000000146;15664,799999999997;-1,084902550650785e-05;1;643;0,4331442173750442
0,43108000000000146;15689,199999999997;-1,1071110553006422e-05;1;644;0,4316702959901122
0,42864000000000146;15713,599999999999;-1,1322476795253384e-05;1;645;0,4288018887031746
0,42620000000000147;15737,999999999998;-1,207902445154946e-05;1;646;0,42606397041874705
0,42376000000000147;15762,399999999998;-1,1618449027776761e-05;1;647;0,4240118848347252
0,42132000000000147;15786,799999999997;-1,2298638804648488e-05;1;648;0,4211164920772484
0,4188800000000015;15811,199999999997;-1,2231001183600918e-05;1;649;0,41899473804037046
0,4164400000000015;15835,599999999999;-1,2053384901522612e-05;1;650;0,4162499955899236
0,4140000000000015;15859,999999999998;-1,294475640550068e-05;1;651;0,41403884492631843
0,4115600000000015;15884,399999999998;-1,3261989921975223e-05;1;652;0,4112040516779981
0,4091200000000015;15908,799999999997;-1,3012340207313535e-05;1;653;0,40923586145927876
0,4066800000000015;15933,199999999997;-1,3591306667170972e-05;1;654;0,406995466708403
0,4042400000000015;15957,599999999999;-1,380786875955908e-05;1;655;0,4041857001991133
0,4018000000000015;15981,999999999998;-1,4565388095182205e-05;1;656;0,4019771636433541
0,3993600000000015;16006,399999999998;-1,4605115555863018e-05;1;657;0,3991318485503857
0,3969200000000015;16030,799999999997;-1,541933575007683e-05;1;658;0,3968428603528447
0,3944800000000015;16055,199999999997;-1,5813892414453834e-05;1;659;0,39453947697783404
0,3920400000000015;16079,599999999997;-1,5843963062671963e-05;1;660;0,3922904568797216
0,3896000000000015;16103,999999999998;-1,662872480474272e-05;1;661;0,3896205970924036
0,3871600000000015;16128,399999999998;-1,6660599178428617e-05;1;662;0,3870107770597536
0,3847200000000015;16152,799999999997;-1,6630429353417523e-05;1;663;0,38437588796816957
0,3822800000000015;16177,199999999997;-1,83272110732397e-05;1;664;0,38223869155135487
0,3798400000000015;16201,599999999997;-1,853726074234582e-05;1;665;0,3794918660845616
0,3774000000000015;16225,999999999998;-1,8483187028146506e-05;1;666;0,37764100798476796
0,3749600000000015;16250,4;-1,938839848140423e-05;1;667;0,3744246302393355
0,3725200000000015;16274,8;-1,9540842484585207e-05;1;668;0,3725890273840245
0,3700800000000015;16299,199999999999;-2,0755793874097855e-05;1;669;0,370005573087298
0,3676400000000015;16323,6;-2,0936971383290683e-05;1;670;0,36755277445243
0,3652000000000015;16348,0;-2,1685845071002155e-05;1;671;0,36519153261171095
0,3627600000000015;16372,4;-2,2224307876870163e-05;1;672;0,3629505517950131
0,36032000000000153;16396,8;-2,281502261639518e-05;1;673;0,3604128911072308
0,35788000000000153;16421,2;-2,3951282149879146e-05;1;674;0,35747716221526177
0,35544000000000153;16445,6;-2,4602243865222255e-05;1;675;0,355755825514596
0,35300000000000153;16470,0;-2,4579595390516677e-05;1;676;0,3526921696489594
0,35056000000000154;16494,399999999998;-2,565628806256839e-05;1;677;0,3504891888822016
0,34812000000000154;16518,8;-2,6483654521268764e-05;1;678;0,34829317649106706
0,34568000000000154;16543,2;-2,732744692443731e-05;1;679;0,34564367450607614
0,34324000000000154;16567,6;-2,8034258128113325e-05;1;680;0,34296536194363636
0,34080000000000155;16592,0;-2,9344333433244816e-05;1;681;0,3405779306846714
0,33836000000000155;16616,399999999998;-3,0183967844359282e-05;1;682;0,3382154364871899
0,33592000000000155;16640,8;-3,041106755782593e-05;1;683;0,33635727297653817
0,33348000000000155;16665,2;-3,1707766686250795e-05;1;684;0,33307868890498077
0,33104000000000156;16689,6;-3,248251230493644e-05;1;685;0,3313547453741218
0,32860000000000156;16714,0;-3,393867541932033e-05;1;686;0,3282002601156838
0,32616000000000156;16738,399999999998;-3,439949126751181e-05;1;687;0,32600143556335304
0,32372000000000156;16762,8;-3,580189965693022e-05;1;688;0,3238666047443462
0,32128000000000156;16787,2;-3,689285347885608e-05;1;689;0,32104441044781284
0,31884000000000157;16811,6;-3,804449744710109e-05;1;690;0,3188112054844909
0,31640000000000157;16836,0;-3,9661677032830106e-05;1;691;0,3163098439210987
0,31396000000000157;16860,399999999998;-4,1238792045439605e-05;1;692;0,3136724918505696
0,3115200000000016;16884,8;-4,2302588453181354e-05;1;693;0,31201305322086137
0,3090800000000016;16909,2;-4,283821399181183e-05;1;694;0,3090277533682993
0,3066400000000016;16933,6;-4,43321772520505e-05;1;695;0,30710148743695626
0,3042000000000016;16958,0;-4,627095398454176e-05;1;696;0,3035630797191671
0,3017600000000016;16982,399999999998;-4,775311440859651e-05;1;697;0,3020845998603246
0,2993200000000016;17006,8;-4,890042002002772e-05;1;698;0,29931436093356123
0,2968800000000016;17031,199999999997;-5,0865653356276784e-05;1;699;0,2968405499158808
0,2944400000000016;17055,6;-5,286552406545429e-05;1;700;0,2947748264106364
0,2920000000000016;17080,0;-5,3815603871504354e-05;1;701;0,29227309457426526
0,2895600000000016;17104,399999999998;-5,583262836990337e-05;1;702;0,2899333519779824
0,2871200000000016;17128,8;-5,857435703214394e-05;1;703;0,28736794711462665
0,2846800000000016;17153,199999999997;-5,9822483681361955e-05;1;704;0,2846047729393554
0,2822400000000016;17177,6;-6,166221527419068e-05;1;705;0,28210606540031197
0,2798000000000016;17202,0;-6,360785220893869e-05;1;706;0,2796445544549655
0,2773600000000016;17226,399999999998;-6,582609834769471e-05;1;707;0,2770105836584681
0,2749200000000016;17250,8;-6,825716673435036e-05;1;708;0,27522292073782373
0,2724800000000016;17275,199999999997;-7,037372231822205e-05;1;709;0,2727200748679081
0,2700400000000016;17299,6;-7,260371631332206e-05;1;710;0,27013802295668615
0,2676000000000016;17324,0;-7,520919026105457e-05;1;711;0,2674776975082167
0,2651600000000016;17348,399999999998;-7,776342355906088e-05;1;712;0,26492233239996255
0,2627200000000016;17372,8;-7,988879003547257e-05;1;713;0,2625978428474995
0,2602800000000016;17397,199999999997;-8,325363160013149e-05;1;714;0,2602131430234942
0,2578400000000016;17421,6;-8,587568186434966e-05;1;715;0,25799432065834077
0,2554000000000016;17446,0;-8,928078035831326e-05;1;716;0,2555931234086357
0,25296000000000163;17470,399999999998;-9,151255339225502e-05;1;717;0,2524887725722267
0,25052000000000163;17494,8;-9,453634728188354e-05;1;718;0,25054576656341226
0,24808000000000163;17519,199999999997;-9,784057939476421e-05;1;719;0,2481262349660374
0,24564000000000163;17543,6;-0,00010106435223414759;1;720;0,24573166509422248
0,24320000000000164;17568,0;-0,00010466025213439934;1;721;0,24288335039592096
0,24076000000000164;17592,399999999998;-0,0001082649970192075;1;722;0,24083203101658535
0,23832000000000164;17616,8;-0,00011192767678339643;1;723;0,23822229307793552
0,23588000000000164;17641,199999999997;-0,00011598348308218755;1;724;0,23603242686042478
0,23344000000000165;17665,6;-0,00011951620039191642;1;725;0,2335477632948948
0,23100000000000165;17690,0;-0,00012408748051759522;1;726;0,2312077710827794
0,22856000000000165;17714,399999999998;-0,0001286776210672163;1;727;0,22900554575113982
0,22612000000000165;17738,8;-0,00013239095509981954;1;728;0,22626393402107237
0,22368000000000166;17763,199999999997;-0,00013665397725318404;1;729;0,22385233267185545
0,22124000000000166;17787,6;-0,00014222239959674389;1;730;0,22152123359181544
0,21880000000000166;17811,999999999996;-0,00014685761979880478;1;731;0,21855182380490223
0,21636000000000166;17836,399999999998;-0,00015209909471217777;1;732;0,21620900480548738
0,21392000000000166;17860,8;-0,00015725368050274933;1;733;0,21391125763287097
0,21148000000000167;17885,199999999997;-0,00016255780751986442;1;734;0,21138310752220893
0,20904000000000167;17909,6;-0,00016856899511283048;1;735;0,2095229564129437
0,20660000000000167;17933,999999999996;-0,0001741040880855422;1;736;0,20661485749547348
0,20416000000000167;17958,399999999998;-0,00018049152125661065;1;737;0,2037934214219663
0,20172000000000168;17982,8;-0,00018646706649398778;1;738;0,20122381729750663
0,19928000000000168;18007,199999999997;-0,00019311880277542693;1;739;0,2000777379621208
0,19684000000000168;18031,6;-0,00019977645786409048;1;740;0,19683657069297983
0,19440000000000168;18055,999999999996;-0,00020690798103797654;1;741;0,19470062261045223
0,19196000000000168;18080,399999999998;-0,0002132054049565098;1;742;0,19215987906902424
0,1895200000000017;18104,8;-0,0002208523561888902;1;743;0,19005207538987381
0,1870800000000017;18129,199999999997;-0,00022927786799968353;1;744;0,18706356815661782
0,1846400000000017;18153,6;-0,00023685227786162375;1;745;0,1839264484806282
0,1822000000000017;18177,999999999996;-0,000245127693307811;1;746;0,18182390186489844
0,1797600000000017;18202,399999999998;-0,00025367993744077;1;747;0,17969706469361632
0,1773200000000017;18226,8;-0,0002627559567887881;1;748;0,1771454114091495
0,1748800000000017;18251,199999999997;-0,0002712587117024367;1;749;0,17506588723199035
0,1724400000000017;18275,6;-0,00028109195491362964;1;750;0,17229602846831482
0,1700000000000017;18299,999999999996;-0,00029065748162506594;1;751;0,1705658644978476
0,1675600000000017;18324,399999999998;-0,0003008131307059058;1;752;0,16737205578250575
0,1651200000000017;18348,8;-0,000311092617532145;1;753;0,1652423531000463
0,1626800000000017;18373,199999999997;-0,0003229574694866093;1;754;0,16222753841171647
0,16024000000000171;18397,6;-0,0003331861013238774;1;755;0,16054056179564713
0,15780000000000172;18421,999999999996;-0,0003450223536546945;1;756;0,1573245275155407
0,15536000000000172;18446,399999999998;-0,0003573412483310663;1;757;0,15539245492739998
0,15292000000000172;18470,799999999996;-0,00036933782955770315;1;758;0,15287006673094342
0,15048000000000172;18495,199999999997;-0,000382975959532257;1;759;0,15009410177891946
0,14804000000000173;18519,6;-0,0003962361401951334;1;760;0,14777713781132676
0,14560000000000173;18543,999999999996;-0,0004106261614581995;1;761;0,1457246805266066
0,14316000000000173;18568,399999999998;-0,00042448022336264064;1;762;0,14295840797794065
0,14072000000000173;18592,799999999996;-0,0004396974334208032;1;763;0,14089101058787
0,13828000000000173;18617,199999999997;-0,0004553398879379737;1;764;0,13813641017406017
0,13584000000000174;18641,6;-0,00047057447103819665;1;765;0,13592364495567283
0,13340000000000174;18665,999999999996;-0,00048787374422156;1;766;0,13321472047617505
0,13096000000000174;18690,399999999998;-0,0005049402623399856;1;767;0,13119842077205754
0,12852000000000174;18714,799999999996;-0,0005227714386434964;1;768;0,12838930393269218
0,12608000000000175;18739,2;-0,0005413385996397331;1;769;0,12571455561559258
0,12364000000000175;18763,6;-0,0005600048283527785;1;770;0,12372494824689917
0,12120000000000175;18788,0;-0,0005796708181882177;1;771;0,12150134354874834
0,11876000000000175;18812,399999999998;-0,0006002139521055252;1;772;0,11855721098314062
0,11632000000000176;18836,8;-0,0006221809747911947;1;773;0,11628810000569967
0,11388000000000176;18861,2;-0,0006430732576820896;1;774;0,11377206797715736
0,11144000000000176;18885,6;-0,0006661605168909158;1;775;0,11172991885913096
0,10900000000000176;18910,0;-0,0006899046233411352;1;776;0,10879915602514162
0,10656000000000176;18934,399999999998;-0,0007136760520600247;1;777;0,10631259207478405
0,10412000000000177;18958,8;-0,0007388680696700359;1;778;0,10390840150713165
0,10168000000000177;18983,2;-0,0007654229100492807;1;779;0,1019218110475538
0,09924000000000177;19007,6;-0,0007913661784833342;1;780;0,0991846302427381
0,09680000000000177;19032,0;-0,0008204263825529148;1;781;0,09706276546676043
0,09436000000000178;19056,399999999998;-0,0008495306149993672;1;782;0,09429515036650109
0,09192000000000178;19080,8;-0,0008793309944386103;1;783;0,0919235776805926
0,08948000000000178;19105,2;-0,0009095957638476174;1;784;0,08920833109539782
0,08704000000000178;19129,6;-0,0009422129682987746;1;785;0,08700408065619537
0,08460000000000178;19154,0;-0,0009755500349906787;1;786;0,08413485780403504
0,08216000000000179;19178,399999999998;-0,0010099157090210445;1;787;0,08219707157056376
0,07972000000000179;19202,8;-0,0010457569988093108;1;788;0,07941663993051604
0,07728000000000179;19227,2;-0,0010827317132807628;1;789;0,07728968176115092
0,0748400000000018;19251,6;-0,0011209741806546473;1;790;0,07488125453009793
0,0724000000000018;19276,0;-0,001160183661192403;1;791;0,07256830535706017
0,0699600000000018;19300,399999999998;-0,001201109329993673;1;792;0,06993085513050491
0,0675200000000018;19324,8;-0,0012442064449825322;1;793;0,06738256943857032
0,0650800000000018;19349,199999999997;-0,0012877992433712791;1;794;0,06574531658830048
0,0626400000000018;19373,6;-0,0013331757315719404;1;795;0,06303606637477817
0,06020000000000181;19398,0;-0,0013808933278116858;1;796;0,06031476336566354
0,05776000000000181;19422,399999999998;-0,0014295489092312258;1;797;0,0574532549158813
0,05532000000000181;19446,8;-0,001480270958721742;1;798;0,05546634283612183
0,052880000000001814;19471,199999999997;-0,0015327017508016167;1;799;0,052609620618458426
0,05044000000000182;19495,6;-0,0015864959074064107;1;800;0,0507186426770648
0,04800000000000182;19520,0;-0,001642882326654609;1;801;0,047911839930231064
0,04556000000000182;19544,399999999998;-0,0017005983776423612;1;802;0,04552149845267514
0,043120000000001824;19568,8;-0,0017609846128276631;1;803;0,04363826455806531
0,040680000000001826;19593,199999999997;-0,001823175045520015;1;804;0,04106802226823265
0,03824000000000183;19617,6;-0,0018879202751120377;1;805;0,038383609409335266
0,03580000000000183;19642,0;-0,0019548459727713086;1;806;0,0357291538676777
0,03336000000000183;19666,399999999998;-0,0020238758850099894;1;807;0,033001492073069204
0,030920000000001835;19690,8;-0,0020954977972904684;1;808;0,031208595541965454
0,028480000000001837;19715,199999999997;-0,0021698971384802096;1;809;0,028466032626077692
0,02604000000000184;19739,6;-0,0022463781049520274;1;810;0,026026547595724498
0,02360000000000184;19764,0;-0,0023258277734362;1;811;0,022987327262355882
0,021160000000001844;19788,399999999998;-0,0024083716213302566;1;812;0,020831058887807525
0,018720000000001846;19812,8;-0,0024931940071455504;1;813;0,018121390361936333
0,01628000000000185;19837,199999999997;-0,0025822121167851874;1;814;0,016300187120109336
0,01384000000000185;19861,6;-0,002673313263842645;1;815;0,013804380430310906
0,011400000000001853;19886,0;-0,002768282879165136;1;816;0,010850972989280755
0,01;19910,399999999998;-0,0010959293320616642;1;817;0,009982305131077656
0,01244;19934,8;-0,0010103235956551262;1;818;0,012171392047054915
0,014879999999999999;19959,199999999997;-0,0009305268538257338;1;819;0,014148055112911534
0,01732;19983,6;-0,0008577829541683145;1;820;0,01747542413130787
0,01976;20007,999999999996;-0,0007901566980420473;1;821;0,02033244628624856
0,022199999999999998;20032,399999999998;-0,000728831456585939;1;822;0,022004868379930202
0,024639999999999995;20056,8;-0,0006713847913349626;1;823;0,024826983134046358
0,02708;20081,199999999997;-0,0006187587572960458;1;824;0,0270699349217839
0,029519999999999998;20105,6;-0,0005700248276566546;1;825;0,029397353216551368
0,031959999999999995;20129,999999999996;-0,0005252454203422885;1;826;0,032599623009286295
0,03439999999999999;20154,399999999998;-0,00048374758622370963;1;827;0,03404620896071024
0,03684;20178,8;-0,0004456182036430991;1;828;0,03703884359366071
0,039279999999999995;20203,199999999997;-0,0004105025270168623;1;829;0,038890442168616264
0,04171999999999999;20227,6;-0,0003782771452695995;1;830;0,041389209212147636
0,04416;20251,999999999996;-0,0003482031677907546;1;831;0,04437475229056301
0,046599999999999996;20276,399999999998;-0,00032047658008111345;1;832;0,04630150278737794
0,04903999999999999;20300,8;-0,00029563849259948825;1;833;0,04903490711436941
0,05147999999999999;20325,199999999997;-0,0002719766682014624;1;834;0,051317182203620734
0,05391999999999999;20349,6;-0,00025043383544651247;1;835;0,0539852859940519
0,05635999999999999;20373,999999999996;-0,00023038835374934207;1;836;0,05614241478254932
0,05879999999999999;20398,399999999998;-0,00021221592384049645;1;837;0,05894437073388953
0,06123999999999999;20422,8;-0,000195298323261572;1;838;0,06096198471139197
0,06367999999999999;20447,199999999997;-0,0001800044322075803;1;839;0,06366967463709722
0,06611999999999998;20471,6;-0,00016532698582247284;1;840;0,06601301752128418
0,06855999999999998;20495,999999999996;-0,00015235357883167024;1;841;0,06822009085781466
0,07099999999999998;20520,399999999998;-0,00013969441429797797;1;842;0,07058818033209653
0,07343999999999998;20544,8;-0,00012859892590415367;1;843;0,07325247007312442
0,07587999999999998;20569,199999999997;-0,00011814577296697587;1;844;0,07516698653425288
0,07831999999999999;20593,6;-0,00010881556076039906;1;845;0,07901306853734685
0,08075999999999998;20617,999999999996;-9,943307468270885e-05;1;846;0,08103417797633772
0,08319999999999998;20642,399999999998;-9,126743818277482e-05;1;847;0,08332819483447294
0,08563999999999998;20666,8;-8,363608444676681e-05;1;848;0,08615306387289867
0,08807999999999998;20691,199999999997;-7,621147786251043e-05;1;849;0,08741519474798061
0,09051999999999998;20715,6;-7,039692176234325e-05;1;850;0,09073022134695186
0,09295999999999997;20739,999999999996;-6,399144090248084e-05;1;851;0,09248690801943044
0,09539999999999997;20764,399999999998;-5,8786784513241976e-05;1;852;0,09549962687372225
0,09783999999999997;20788,799999999996;-5,341270634294957e-05;1;853;0,0978211375945338
0,10027999999999998;20813,199999999997;-4,854682609551598e-05;1;854;0,09979149753568473
0,10271999999999998;20837,6;-4,4008303731238276e-05;1;855;0,10291907957945705
0,10515999999999998;20861,999999999996;-3,958991768046311e-05;1;856;0,10549932213276265
0,10759999999999997;20886,399999999998;-3,5810245453529265e-05;1;857;0,10768145529911613
0,11003999999999997;20910,799999999996;-3,1834364912187876e-05;1;858;0,11009340030849474
0,11247999999999997;20935,199999999997;-2,797360962570013e-05;1;859;0,11252921452400541
0,11491999999999997;20959,6;-2,402122203378074e-05;1;860;0,11451933462898747
0,11735999999999998;20983,999999999996;-2,1296746776443557e-05;1;861;0,11734320187713154
0,11979999999999998;21008,399999999998;-1,813377806055056e-05;1;862;0,12001253649132565
0,12223999999999997;21032,799999999996;-1,4295586916767732e-05;1;863;0,12233050503481717
0,12467999999999997;21057,199999999997;-1,0651807804172961e-05;1;864;0,12514816894159686
0,12711999999999998;21081,6;-7,082242694155777e-06;1;865;0,12717823759873215
0,12955999999999998;21105,999999999996;-3,445769640519734e-06;1;866;0,1292882791064284
0,13199999999999998;21130,399999999998;7,073610271656292e-07;1;867;0,13212373528448926
0,13443999999999998;21154,799999999996;4,686323494121809e-06;1;868;0,13463552387259414
0,13687999999999997;21179,199999999997;8,688378979196528e-06;1;869;0,13673927216246393
0,13931999999999997;21203,6;1,3197821649997314e-05;1;870;0,13950022626723596
0,14175999999999997;21227,999999999996;1,8257335909183568e-05;1;871;0,1420056714084232
0,14419999999999997;21252,399999999998;2,372876190324668e-05;1;872;0,14402434950809706
0,14664;21276,799999999996;2,9763977611012748e-05;1;873;0,14688202278343052
0,14908;21301,199999999997;3,5951241708888204e-05;1;874;0,14938443109960395
0,15152;21325,6;4,354993650380513e-05;1;875;0,15116405704097394
0,15395999999999999;21349,999999999996;5,1582914106181064e-05;1;876;0,1539516437700951
0,15639999999999998;21374,399999999998;6,052046277957503e-05;1;877;0,15663225033944667
0,15883999999999998;21398,799999999996;7,03044371434712e-05;1;878;0,15886994382865455
0,16127999999999998;21423,199999999997;8,141937274154106e-05;1;879;0,16151538344138217
0,16371999999999998;21447,6;9,30293627292105e-05;1;880;0,1635853284568751
0,16615999999999997;21471,999999999996;0,00010626710129467777;1;881;0,16578586676497792
0,16859999999999997;21496,399999999998;0,0001211172236534618;1;882;0,1686382498051738
0,17103999999999997;21520,799999999996;0,00013689661632441805;1;883;0,1704483878597059
0,17347999999999997;21545,199999999997;0,00015461365386022603;1;884;0,173562514127072
0,17591999999999997;21569,599999999995;0,00017401344572929813;1;885;0,17636810828687602
0,17835999999999996;21593,999999999996;0,00019499926091037702;1;886;0,17847628694459702
0,18079999999999996;21618,399999999998;0,00021791663273271436;1;887;0,18067583688560954
0,18323999999999996;21642,799999999996;0,0002427711580557007;1;888;0,18305583000641648
0,18567999999999996;21667,199999999997;0,0002701500515270207;1;889;0,18566939790543344
0,18811999999999998;21691,599999999995;0,00029934287581155443;1;890;0,18873991805508322
0,19055999999999998;21715,999999999996;0,0003308088823689789;1;891;0,19079661115135735
0,19299999999999998;21740,399999999998;0,00036499867533204664;1;892;0,19296611625767562
0,19543999999999997;21764,799999999996;0,00040125384792891444;1;893;0,19533278765643178
0,19787999999999997;21789,199999999997;0,00044046483634157277;1;894;0,19794112857593557
0,20031999999999997;21813,599999999995;0,0004819346804480065;1;895;0,20087568689077878
0,20275999999999997;21837,999999999996;0,0005266925613770945;1;896;0,20245679944874925
0,20519999999999997;21862,399999999998;0,0005743665628419724;1;897;0,20499256677193708
0,20763999999999996;21886,799999999996;0,0006235436937277187;1;898;0,20748041704177547
0,21007999999999996;21911,199999999997;0,0006763497465648974;1;899;0,21006121370942507
0,21251999999999996;21935,599999999995;0,0007311342592802524;1;900;0,21261921249370655
0,21495999999999996;21959,999999999996;0,0007885034879986685;1;901;0,21554362976449676
0,21739999999999995;21984,399999999998;0,0008491630956982637;1;902;0,21760851345864424
0,21983999999999995;22008,799999999996;0,0009113413136788915;1;903;0,21934669527908326
0,22227999999999995;22033,199999999997;0,0009752643383962712;1;904;0,2218647103070827
0,22471999999999998;22057,599999999995;0,0010427779117404684;1;905;0,22464663084097128
0,22715999999999997;22081,999999999996;0,0011106781112861712;1;906;0,2271758366311463
0,22959999999999997;22106,399999999998;0,0011811216859317025;1;907;0,2297150543498079
0,23203999999999997;22130,799999999996;0,0012529428504232008;1;908;0,2318407347578456
0,23447999999999997;22155,199999999997;0,0013253402287368111;1;909;0,23440363938316233
0,23691999999999996;22179,599999999995;0,0013992769556154144;1;910;0,2365731756565398
0,23935999999999996;22203,999999999996;0,00147318384692124;1;911;0,23905411840933583
0,24179999999999996;22228,399999999994;0,0015466582928072702;1;912;0,2417777656476438
0,24423999999999996;22252,799999999996;0,0016209668690137038;1;913;0,2445370876860528
0,24667999999999995;22277,199999999997;0,0016945951995973923;1;914;0,2462923146671731
0,24911999999999995;22301,599999999995;0,0017667748501803038;1;915;0,24944228269003016
0,25155999999999995;22325,999999999996;0,0018379540437440075;1;916;0,2514823275287053
0,25399999999999995;22350,399999999994;0,0019075587427461235;1;917;0,2537389650370811
0,25643999999999995;22374,799999999996;0,0019745327782384687;1;918;0,25665619931198325
0,25887999999999994;22399,199999999997;0,002038691501398664;1;919;0,25879247970746366
0,26131999999999994;22423,599999999995;0,002100558241874163;1;920;0,2613749533717603
0,26375999999999994;22447,999999999996;0,00215847522351984;1;921;0,26370254546630434
0,26619999999999994;22472,399999999994;0,002212682484899155;1;922;0,2661471198727485
0,26863999999999993;22496,8;0,0022629691743649275;1;923;0,268583326448056
0,27107999999999993;22521,2;0,002309188053112393;1;924;0,2712383486870022
0,27351999999999993;22545,6;0,0023501050860200577;1;925;0,2732715566889739
0,2759599999999999;22570,0;0,0023860587726728683;1;926;0,2763428194345425
0,2783999999999999;22594,4;0,0024163357192655624;1;927;0,2786696985143286
0,2808399999999999;22618,8;0,0024417078340031183;1;928;0,28105481832666107
0,28328;22643,2;0,0024608164746081603;1;929;0,2833997312312134
0,28572;22667,6;0,002474355851509711;1;930;0,28578632478376553
0,28815999999999997;22692,0;0,0024821341033312936;1;931;0,288534472996201
0,29059999999999997;22716,4;0,002482760930000296;1;932;0,29085847036807577
0,29303999999999997;22740,8;0,002465473756017721;1;933;0,29311913932305056
0,29547999999999996;22765,2;0,0024246079422124544;1;934;0,29559910209025825
0,29791999999999996;22789,6;0,002360270448244805;1;935;0,2983954831721746
0,30035999999999996;22814,0;0,002275577502780889;1;936;0,3008511165153478
0,30279999999999996;22838,4;0,0021733874735193975;1;937;0,3032376290190241
0,30523999999999996;22862,8;0,0020551580210139138;1;938;0,3051912214518691
0,30767999999999995;22887,2;0,0019253003310647195;1;939;0,30812302586416224
0,31011999999999995;22911,6;0,0017862120436343938;1;940;0,31004895773068397
0,31255999999999995;22936,0;0,0016410015364176048;1;941;0,31282960728232306
0,31499999999999995;22960,4;0,0014925733461139468;1;942;0,3151839382031746
0,31743999999999994;22984,8;0,0013453015038494098;1;943;0,31743000524346326
0,31987999999999994;23009,2;0,0012008467117394699;1;944;0,3200858702134053
0,32231999999999994;23033,6;0,0010616028403689878;1;945;0,3225614161846662
0,32475999999999994;23058,0;0,0009286550484467003;1;946;0,3246880059302746
0,32719999999999994;23082,399999999998;0,0008051032432748466;1;947;0,3272449323569344
0,32963999999999993;23106,8;0,0006916512475860404;1;948;0,3293586981599286
0,33207999999999993;23131,2;0,0005874609632330424;1;949;0,33284406745343326
0,33451999999999993;23155,6;0,0004955978378562858;1;950;0,33429065912170675
0,3369599999999999;23180,0;0,0004137587766710798;1;951;0,3371025678199092
0,3393999999999999;23204,399999999998;0,00034212659094319834;1;952;0,3394392869129155
0,3418399999999999;23228,8;0,0002800127725467443;1;953;0,3421520973175818
0,3442799999999999;23253,2;0,0002277334951464302;1;954;0,34413198266940626
0,3467199999999999;23277,6;0,0001831781920802883;1;955;0,3470218730777116
0,3491599999999999;23302,0;0,00014665757935542162;1;956;0,3495752795823239
0,3515999999999999;23326,399999999998;0,00011570245402710672;1;957;0,35170337961843506
0,3540399999999999;23350,8;9,109987938617285e-05;1;958;0,3539427625952964
0,3564799999999999;23375,2;7,115390351993941e-05;1;959;0,356667726130482
0,3589199999999999;23399,6;5,5501523740193524e-05;1;960;0,3585749871436968
0,3613599999999999;23424,0;4,205264214127616e-05;1;961;0,3614097422160723
0,36379999999999996;23448,399999999998;3,296629543855167e-05;1;962;0,3641953931192763
0,36623999999999995;23472,8;2,5785515793394013e-05;1;963;0,3663041197195224
0,36867999999999995;23497,2;1,972397869436343e-05;1;964;0,36800890719039103
0,37111999999999995;23521,6;1,5056901884606205e-05;1;965;0,37090465069086415
0,37355999999999995;23546,0;1,2391505164782374e-05;1;966;0,37354787343946644
0,37599999999999995;23570,399999999998;1,0016220727517807e-05;1;967;0,37587714371988057
0,37843999999999994;23594,8;8,096660426522542e-06;1;968;0,37786887805446595
0,38087999999999994;23619,2;6,573927238461491e-06;1;969;0,38050983957931334
0,38331999999999994;23643,6;5,801227285451769e-06;1;970;0,38355802146103635
0,38575999999999994;23668,0;5,2932865767142286e-06;1;971;0,38577461838362387
0,38819999999999993;23692,399999999998;4,679176919159424e-06;1;972;0,3874095973910788
0,39063999999999993;23716,8;4,056855783837853e-06;1;973;0,3909354499606931
0,39307999999999993;23741,2;4,1901542905026015e-06;1;974;0,3930105589355344
0,3955199999999999;23765,6;4,258482483055896e-06;1;975;0,39548607982031736
0,3979599999999999;23790,0;4,028166150255682e-06;1;976;0,39757002714419176
0,4003999999999999;23814,399999999998;4,093296271495424e-06;1;977;0,40054029427394644
0,4028399999999999;23838,8;4,09874900176436e-06;1;978;0,4026229350113297
0,4052799999999999;23863,199999999997;4,315080616145279e-06;1;979;0,4051814571832416
0,4077199999999999;23887,6;4,689524084703749e-06;1;980;0,4073736035075919
0,4101599999999999;23912,0;4,236626399995504e-06;1;981;0,40950645926658025
0,4125999999999999;23936,399999999998;3,5886997915903805e-06;1;982;0,41299367389256686
0,4150399999999999;23960,8;3,208513365629732e-06;1;983;0,4147117681827967
0,4174799999999999;23985,199999999997;3,9745682572345065e-06;1;984;0,41724343603790714
0,4199199999999999;24009,6;4,02270894441135e-06;1;985;0,4199001099848945
0,4223599999999999;24034,0;3,6517836682268612e-06;1;986;0,42257136182105365
0,4247999999999999;24058,399999999998;4,081417918105955e-06;1;987;0,4246251931809121
0,4272399999999999;24082,8;3,769436514162676e-06;1;988;0,42738734088333763
0,4296799999999999;24107,199999999997;4,120176669871755e-06;1;989;0,43022708629793877
0,4321199999999999;24131,6;3,901663550351196e-06;1;990;0,4322401342758117
0,4345599999999999;24156,0;4,11854983941388e-06;1;991;0,4343630190441356
0,4369999999999999;24180,399999999998;3,476371252313245e-06;1;992;0,4373453236287598
0,43943999999999994;24204,8;3,867822186484632e-06;1;993;0,43917796664676545
0,44187999999999994;24229,199999999997;3,954822070414261e-06;1;994;0,44175103129033005
0,44431999999999994;24253,6;3,571979025379112e-06;1;995;0,44448528538703586
0,44675999999999993;24278,0;4,5641831191600745e-06;1;996;0,4468882341167011
0,44919999999999993;24302,399999999998;3,8372882368618405e-06;1;997;0,44873260203923404
0,45163999999999993;24326,8;4,41654824247241e-06;1;998;0,4522531883662376
0,45407999999999993;24351,199999999997;3,800288181893472e-06;1;999;0,45426471327179785
0,4565199999999999;24375,6;3,930631139901506e-06;1;1000;0,45691611093838136
0,4589599999999999;24400,0;4,35482239910291e-06;1;1001;0,4589621145195679
0,4613999999999999;24424,399999999998;4,090826998495329e-06;1;1002;0,4618468586638406
0,4638399999999999;24448,8;4,057320288901221e-06;1;1003;0,46366650939859105
0,4662799999999999;24473,199999999997;4,079510120853797e-06;1;1004;0,4662631787567582
0,4687199999999999;24497,6;3,589901031575672e-06;1;1005;0,4687085531329019
0,4711599999999999;24521,999999999996;3,88290200108473e-06;1;1006;0,47138718694533965
0,4735999999999999;24546,399999999998;3,7128524634890096e-06;1;1007;0,4731891847272756
0,4760399999999999;24570,8;4,059026957968259e-06;1;1008;0,47630166697073384
0,4784799999999999;24595,199999999997;3,836618821705755e-06;1;1009;0,47837584445523196
0,4809199999999999;24619,6;3,986614720402665e-06;1;1010;0,48074646493703865
0,4833599999999999;24643,999999999996;3,976657775146597e-06;1;1011;0,48344691214153684
0,4857999999999999;24668,399999999998;3,988946493702771e-06;1;1012;0,48521196013297163
0,4882399999999999;24692,8;3,989444595239113e-06;1;1013;0,48841915525368373
0,4906799999999999;24717,199999999997;3,8041655537218095e-06;1;1014;0,4904283349756125
0,4931199999999999;24741,6;3,683687599837957e-06;1;1015;0,4932433288919428
0,4955599999999999;24765,999999999996;3,80059026017219e-06;1;1016;0,4957153679642038
0,4979999999999999;24790,399999999998;4,321366688926914e-06;1;1017;0,49894146599766703
0,5004399999999999;24814,8;4,112161134883505e-06;1;1018;0,49964076549832165
0,5028799999999999;24839,199999999997;4,176006028806044e-06;1;1019;0,5026078985275244
0,5053199999999999;24863,6;4,413916089868887e-06;1;1020;0,5059056258606431
0,5077599999999999;24887,999999999996;3,6461022377002177e-06;1;1021;0,5074667090519084
0,5101999999999999;24912,399999999998;4,152922593503202e-06;1;1022;0,5101410225952231
0,5126399999999999;24936,8;3,677419567042637e-06;1;1023;0,5125613137402965
0,5150799999999999;24961,199999999997;3,899646565267214e-06;1;1024;0,5148904451369036
0,5175199999999999;24985,6;4,145222488952327e-06;1;1025;0,5181085807103211
0,5199599999999999;25009,999999999996;4,484257980066437e-06;1;1026;0,5199599129713549
0,5223999999999999;25034,399999999998;3,7653084791714498e-06;1;1027;0,5222686629739116
0,5248399999999999;25058,8;3,971522369584409e-06;1;1028;0,5252526490910343
0,5272799999999999;25083,199999999997;4,346835314091991e-06;1;1029;0,5271357409356614
0,5297199999999999;25107,6;3,5530246278698437e-06;1;1030;0,5296838573380883
0,5321599999999999;25131,999999999996;4,108603510867811e-06;1;1031;0,5321019450788484
0,5345999999999999;25156,399999999998;3,907488563143898e-06;1;1032;0,5351502605316972
0,5370399999999999;25180,8;3,7354657033591185e-06;1;1033;0,5369069935826047
0,5394799999999998;25205,199999999997;4,043965457460703e-06;1;1034;0,539081555706124
0,5419199999999998;25229,6;4,178455827374452e-06;1;1035;0,5421169654830782
0,5443599999999998;25253,999999999996;3,7263498532471436e-06;1;1036;0,5440569686272826
0,5467999999999998;25278,399999999998;4,113978295805206e-06;1;1037;0,5465930545578684
0,5492399999999998;25302,799999999996;4,051993814078011e-06;1;1038;0,5493289736990807
0,5516799999999998;25327,199999999997;3,627440167603109e-06;1;1039;0,5515767215386372
0,5541199999999998;25351,6;4,4660092568528205e-06;1;1040;0,553744303147653
0,5565599999999999;25375,999999999996;4,32695733842844e-06;1;1041;0,5565523756215919
0,5589999999999999;25400,399999999998;3,7420095647221196e-06;1;1042;0,5586587523499202
0,5614399999999999;25424,799999999996;3,823999293731236e-06;1;1043;0,5614790945135137
0,5638799999999999;25449,199999999997;4,231223522408202e-06;1;1044;0,5635275318216322
0,5663199999999999;25473,6;3,851355561989726e-06;1;1045;0,5662090889936781
0,5687599999999999;25497,999999999996;3,4480754541990046e-06;1;1046;0,5692960800159008
0,5711999999999999;25522,399999999998;4,314656369715108e-06;1;1047;0,5709408294921434
0,5736399999999999;25546,799999999996;4,002626808416268e-06;1;1048;0,5736456268688834
0,5760799999999999;25571,199999999997;4,572100833922821e-06;1;1049;0,5763967735514034
0,5785199999999999;25595,6;4,107233662204883e-06;1;1050;0,5788512481420403
0,5809599999999999;25619,999999999996;4,057291777835153e-06;1;1051;0,5811557121336471
0,5833999999999999;25644,399999999998;4,862344641697315e-06;1;1052;0,5833872460168876
0,5858399999999999;25668,799999999996;3,9484347233312916e-06;1;1053;0,5861909980885663
0,5882799999999999;25693,199999999997;3,714450593915113e-06;1;1054;0,5881587038944125
0,5907199999999999;25717,6;4,068755082556975e-06;1;1055;0,5913377884781721
0,5931599999999999;25741,999999999996;4,340722496365e-06;1;1056;0,5932231693797144
0,5955999999999999;25766,399999999998;3,6504602926687024e-06;1;1057;0,595130343740884
0,5980399999999999;25790,799999999996;3,7275170893473144e-06;1;1058;0,5987793254502435
0,6004799999999999;25815,199999999997;4,1349300155089534e-06;1;1059;0,6003424421662685
0,6029199999999999;25839,6;3,040793511737169e-06;1;1060;0,6030530740825745
0,6053599999999999;25863,999999999996;3,6721937560929457e-06;1;1061;0,6056370838312511
0,6077999999999999;25888,399999999998;4,238642784949013e-06;1;1062;0,6081107346486031
0,6102399999999999;25912,799999999996;3,823975775950878e-06;1;1063;0,6100181889920112
0,6126799999999999;25937,199999999997;3,5120529866829734e-06;1;1064;0,6125212308426154
0,6151199999999999;25961,6;4,577668085988504e-06;1;1065;0,6151458107267095
0,6175599999999999;25985,999999999996;3,5768376905951308e-06;1;1066;0,6184550168313756
0,6199999999999999;26010,399999999998;3,842988711342811e-06;1;1067;0,6201411879328932
0,6224399999999999;26034,799999999996;3,8881790525446135e-06;1;1068;0,6224277160899343
0,6248799999999999;26059,199999999997;4,024941937513468e-06;1;1069;0,624953757245357
0,6273199999999999;26083,599999999995;3,8891471665989225e-06;1;1070;0,6276072939953043
0,6297599999999999;26107,999999999996;3,97570930302537e-06;1;1071;0,6302960056762427
0,6321999999999999;26132,399999999998;4,01724729197719e-06;1;1072;0,6321639299604479
0,6346399999999999;26156,799999999996;3,973996074123591e-06;1;1073;0,6344554981683219
0,6370799999999999;26181,199999999997;4,027981232860059e-06;1;1074;0,6369019708939155
0,6395199999999999;26205,599999999995;3,2863214461208045e-06;1;1075;0,6393449892550949
0,6419599999999999;26229,999999999996;4,132318627999983e-06;1;1076;0,6422272177855143
0,6443999999999999;26254,399999999998;3,578662270307967e-06;1;1077;0,6445493264400233
0,6468399999999999;26278,799999999996;3,350005682598648e-06;1;1078;0,6470539119310917
0,6492799999999999;26303,199999999997;4,414403759784744e-06;1;1079;0,6498055660955158
0,6517199999999999;26327,599999999995;3,61434485189591e-06;1;1080;0,6516530386666946
0,6541599999999999;26351,999999999996;4,053960211524905e-06;1;1081;0,6544896548439907
0,6565999999999999;26376,399999999998;3,768231074258695e-06;1;1082;0,6567391833253391
0,6590399999999998;26400,799999999996;3,7964596930820396e-06;1;1083;0,6589044550211214
0,6614799999999998;26425,199999999997;4,145096022956307e-06;1;1084;0,6613343218710683
0,6639199999999998;26449,599999999995;3,685532136464766e-06;1;1085;0,6638253374428422
0,6663599999999998;26473,999999999996;4,111801936200089e-06;1;1086;0,6663888807285872
0,6687999999999998;26498,399999999998;4,1142074235089735e-06;1;1087;0,6690848315368048
0,6712399999999998;26522,799999999996;4,349334079763598e-06;1;1088;0,6715487684431679
0,6736799999999998;26547,199999999997;3,899135762431647e-06;1;1089;0,6737756604054748
0,6761199999999998;26571,599999999995;4,313974425791574e-06;1;1090;0,6764373205283853
0,6785599999999998;26595,999999999996;4,516208181350348e-06;1;1091;0,6786405155660994
0,6809999999999998;26620,399999999998;4,476004471172523e-06;1;1092;0,681105165985251
0,6834399999999998;26644,799999999996;4,1758228909949526e-06;1;1093;0,6834031154307694
0,6858799999999998;26669,199999999997;4,134749640849829e-06;1;1094;0,686480756765912
0,6883199999999998;26693,599999999995;4,854836321606303e-06;1;1095;0,6888101759152165
0,6907599999999998;26717,999999999996;4,669652634042419e-06;1;1096;0,6906126115567432
0,6931999999999998;26742,399999999998;3,7700146731685313e-06;1;1097;0,6934612853879646
0,6956399999999998;26766,799999999996;4,277082580345453e-06;1;1098;0,6957120780758965
0,6980799999999998;26791,199999999997;4,18058764927784e-06;1;1099;0,6980119564855038
0,7005199999999998;26815,599999999995;4,021680127508559e-06;1;1100;0,7007420492165602
0,7029599999999998;26839,999999999996;4,04599358716171e-06;1;1101;0,7030141640061991
0,7053999999999998;26864,399999999994;4,146335439452828e-06;1;1102;0,7054479536127419
0,7078399999999998;26888,799999999996;4,281207456278027e-06;1;1103;0,7077720999200052
0,7102799999999998;26913,199999999997;4,065630878364343e-06;1;1104;0,7102519323799964
0,7127199999999998;26937,599999999995;4,1019380404961195e-06;1;1105;0,7123144406111147
0,7151599999999999;26961,999999999996;4,417642026141379e-06;1;1106;0,7149612283660195
0,7175999999999999;26986,399999999994;4,0953160102464475e-06;1;1107;0,7175754598982583
0,7200399999999999;27010,799999999996;4,163506686636275e-06;1;1108;0,7203038263097367
0,7224799999999999;27035,199999999997;4,297068975617215e-06;1;1109;0,7229612280780728
0,7249199999999999;27059,599999999995;4,4899786756287916e-06;1;1110;0,7250279073572912
0,7273599999999999;27083,999999999996;4,368112233413696e-06;1;1111;0,7270041501842853
0,7297999999999999;27108,399999999994;4,11316444404382e-06;1;1112;0,7295809970625894
0,7322399999999999;27132,799999999996;4,062344597654053e-06;1;1113;0,7323685803622556
0,7346799999999999;27157,199999999997;3,632918891116214e-06;1;1114;0,734531829933885
0,7371199999999999;27181,599999999995;4,087618730477954e-06;1;1115;0,7367899465482417
0,7395599999999999;27205,999999999996;3,688849041821607e-06;1;1116;0,7394677428977137
0,7419999999999999;27230,399999999994;3,6927881397092405e-06;1;1117;0,7419956211740134
0,7444399999999999;27254,799999999996;4,195152652579058e-06;1;1118;0,7445631895363067
0,7468799999999999;27279,199999999997;3,969826821270141e-06;1;1119;0,7466024650330603
0,7493199999999999;27303,599999999995;4,1416628269996235e-06;1;1120;0,7492775804028503
0,7517599999999999;27327,999999999996;3,8119110446810087e-06;1;1121;0,7519504281689393
0,7541999999999999;27352,399999999994;4,360361183707778e-06;1;1122;0,7544070512099647
0,7566399999999999;27376,799999999996;4,043131636929643e-06;1;1123;0,7569807031561864
0,7590799999999999;27401,199999999997;4,356318482357603e-06;1;1124;0,7592379984511585
0,7615199999999999;27425,599999999995;4,202032132532549e-06;1;1125;0,761553660054762
0,7639599999999999;27449,999999999996;4,049574698191967e-06;1;1126;0,7646025764547187
0,7663999999999999;27474,399999999994;3,856441764324909e-06;1;1127;0,766385634873686
0,7688399999999999;27498,8;4,009452261916853e-06;1;1128;0,7693339644847307
0,7712799999999999;27523,2;4,2484031351569415e-06;1;1129;0,7711239173565932
0,7737199999999999;27547,6;4,209297310576481e-06;1;1130;0,7740677017157461
0,7761599999999999;27572,0;3,6413245953345066e-06;1;1131;0,7757246689613806
0,7785999999999998;27596,399999999998;4,307704607605747e-06;1;1132;0,778825704751417
0,7810399999999998;27620,8;3,935827609981372e-06;1;1133;0,7808450672494094
0,7834799999999998;27645,2;4,2445791093168635e-06;1;1134;0,7833852268108195
0,7859199999999998;27669,6;3,790753515138101e-06;1;1135;0,7858422106826121
0,7883599999999998;27694,0;4,191356580361195e-06;1;1136;0,788178020246153
0,7907999999999998;27718,399999999998;3,7610224296800277e-06;1;1137;0,7899718591410644
0,7932399999999998;27742,8;4,038807044453105e-06;1;1138;0,7938280011813058
0,7956799999999998;27767,2;3,910591053333497e-06;1;1139;0,7955646767358846
0,7981199999999998;27791,6;3,9143282256548456e-06;1;1140;0,7977053891372049
0,8005599999999998;27816,0;3,830023822970295e-06;1;1141;0,8009233644070313
0,8029999999999998;27840,399999999998;3,953926267481154e-06;1;1142;0,8034998244610772
0,8054399999999998;27864,8;3,4778095895906805e-06;1;1143;0,805420085554555
0,8078799999999998;27889,2;4,262979904923743e-06;1;1144;0,807817363266345
0,8103199999999998;27913,6;4,288505973271727e-06;1;1145;0,8099516395702338
0,8127599999999998;27938,0;3,867167835514115e-06;1;1146;0,8128787728178862
0,8151999999999998;27962,399999999998;3,5860736098014072e-06;1;1147;0,8148974399944048
0,8176399999999998;27986,8;3,805987216817225e-06;1;1148;0,8182156932045517
0,8200799999999998;28011,2;4,2842842968473874e-06;1;1149;0,820031520236175
0,8225199999999998;28035,6;4,187656230113625e-06;1;1150;0,8226800281778611
0,8249599999999998;28060,0;3,9098939299719465e-06;1;1151;0,824697494924232
0,8273999999999998;28084,399999999998;4,269182432426642e-06;1;1152;0,8272231340538836
0,8298399999999998;28108,8;3,6875557716109067e-06;1;1153;0,8299554011347666
0,8322799999999998;28133,2;3,816209099299702e-06;1;1154;0,8319564708579973
0,8347199999999998;28157,6;4,142382172739297e-06;1;1155;0,8349741790339067
0,8371599999999998;28182,0;3,971225999921785e-06;1;1156;0,836918642869926
0,8395999999999998;28206,399999999998;3,823232289177711e-06;1;1157;0,8396924092047047
0,8420399999999998;28230,8;3,24636167985488e-06;1;1158;0,8417648901482837
0,8444799999999998;28255,2;4,2013648994693706e-06;1;1159;0,8447519752802285
0,8469199999999998;28279,6;4,097116543176374e-06;1;1160;0,8464858809542072
0,8493599999999998;28304,0;3,4771233006575897e-06;1;1161;0,8493387018529587
0,8517999999999998;28328,399999999998;4,180097705116268e-06;1;1162;0,8517655723373767
0,8542399999999998;28352,8;3,995690871712085e-06;1;1163;0,85366823092025
0,8566799999999998;28377,199999999997;4,083650432603537e-06;1;1164;0,8564418046445618
0,8591199999999998;28401,6;4,283557961411595e-06;1;1165;0,8591573642531408
0,8615599999999998;28426,0;3,778033957997834e-06;1;1166;0,8612314923589095
0,8639999999999998;28450,399999999998;4,2140692637947854e-06;1;1167;0,8639143962692322
0,8664399999999998;28474,8;4,205156245155338e-06;1;1168;0,8656239154940926
0,8688799999999999;28499,199999999997;4,228454721372702e-06;1;1169;0,8688981368011556
0,8713199999999999;28523,6;4,490786733118165e-06;1;1170;0,8710336500604974
0,8737599999999999;28548,0;4,197620452481911e-06;1;1171;0,8734061432523278
0,8761999999999999;28572,399999999998;3,831532686580656e-06;1;1172;0,875959852769565
0,8786399999999999;28596,8;4,539515325748785e-06;1;1173;0,8785181626001728
0,8810799999999999;28621,199999999997;3,6678062360486557e-06;1;1174;0,8809120611606825
0,8835199999999999;28645,6;3,86118292144377e-06;1;1175;0,883612682752988
0,8859599999999999;28670,0;3,7106590864692926e-06;1;1176;0,8862260257814983
0,8883999999999999;28694,399999999998;3,9691717599259745e-06;1;1177;0,8885324191808058
0,8908399999999999;28718,8;4,3246657847681545e-06;1;1178;0,8907672567971809
0,8932799999999999;28743,199999999997;4,389335786872452e-06;1;1179;0,8936451362249282
0,8957199999999998;28767,6;4,139055224575486e-06;1;1180;0,895433922109346
0,8981599999999998;28792,0;3,817182680772883e-06;1;1181;0,8980306485466424
0,9005999999999998;28816,399999999998;3,833913820414028e-06;1;1182;0,8997026644471852
0,9030399999999998;28840,8;3,819041158872918e-06;1;1183;0,9030326852221583
0,9054799999999998;28865,199999999997;4,285852204577434e-06;1;1184;0,9053243854779323
0,9079199999999998;28889,6;3,7280382022065816e-06;1;1185;0,9082597785057427
0,9103599999999998;28914,0;4,259357882521949e-06;1;1186;0,9102159893044683
0,9127999999999998;28938,399999999998;3,9902217784189615e-06;1;1187;0,9126160489359955
0,9152399999999998;28962,8;4,051615321649142e-06;1;1188;0,9159283169154331
0,9176799999999998;28987,199999999997;4,453515515090516e-06;1;1189;0,9178054123869888
0,9201199999999998;29011,6;3,8573997957093426e-06;1;1190;0,9198833791684645
0,9225599999999998;29036,0;4,498518578776495e-06;1;1191;0,9220872302968435
0,9249999999999998;29060,399999999998;3,5771642021254665e-06;1;1192;0,9245970152355579
0,9274399999999998;29084,8;3,752570891761493e-06;1;1193;0,9277760141382329
0,9298799999999998;29109,199999999997;3,526482579016449e-06;1;1194;0,9298835010632429
0,9323199999999998;29133,6;3,7759654347361183e-06;1;1195;0,9324746878865458
0,9347599999999998;29157,999999999996;4,174864629118423e-06;1;1196;0,9348582878087961
0,9371999999999998;29182,399999999998;4,2213187194475175e-06;1;1197;0,9369987199900783
0,9396399999999998;29206,8;4,092032591003873e-06;1;1198;0,9394630922842544
0,9420799999999998;29231,199999999997;4,080127588464274e-06;1;1199;0,9423135054055971
0,9445199999999998;29255,6;3,6480019069551876e-06;1;1200;0,944435123282591
0,9469599999999998;29279,999999999996;3,6019504500920924e-06;1;1201;0,9468521040734866
0,9493999999999998;29304,399999999998;4,091167002218419e-06;1;1202;0,9493143945200495
0,9518399999999998;29328,8;4,40434209316628e-06;1;1203;0,9518596920790785
0,9542799999999998;29353,199999999997;3,890759571867058e-06;1;1204;0,9546806078542036
0,9567199999999998;29377,6;3,6194321150012178e-06;1;1205;0,9568302400756798
0,9591599999999998;29401,999999999996;3,540015856655058e-06;1;1206;0,9594315079133794
0,9615999999999998;29426,399999999998;3,7958044855973867e-06;1;1207;0,961283292249098
0,9640399999999998;29450,8;4,4738631466337284e-06;1;1208;0,9637455740739652
0,9664799999999998;29475,199999999997;3,937678138724611e-06;1;1209;0,9668539417287106
0,9689199999999998;29499,6;3,6886169877686244e-06;1;1210;0,9690565059997597
0,9713599999999998;29523,999999999996;3,817158746737358e-06;1;1211;0,9714505186654634
0,9737999999999998;29548,399999999998;3,8549365085967805e-06;1;1212;0,973740180995792
0,9762399999999998;29572,8;4,079684024555196e-06;1;1213;0,9767106518449774
0,9786799999999998;29597,199999999997;3,801995063916912e-06;1;1214;0,9787904391690058
0,9811199999999998;29621,6;3,7330181275890334e-06;1;1215;0,9810031513325181
0,9835599999999998;29645,999999999996;3,943594904628242e-06;1;1216;0,9834413481000841
0,9859999999999998;29670,399999999998;4,1406010973706945e-06;1;1217;0,9859163372231522
0,9884399999999998;29694,8;4,21511313037112e-06;1;1218;0,9887060356706757
0,9908799999999998;29719,199999999997;4,165159604873213e-06;1;1219;0,9910725504140181
0,9933199999999998;29743,6;3,862750921092407e-06;1;1220;0,9934868116213535
0,9957599999999998;29767,999999999996;3,4914768945860585e-06;1;1221;0,9963325865072917
0,9981999999999998;29792,399999999998;3,7604451571314623e-06;1;1222;0,998339836425458
1,0006399999999998;29816,799999999996;4,085224417977798e-06;1;1223;1,0006673689701855
1,0030799999999997;29841,199999999997;3,599909414342401e-06;1;1224;1,003290908207634
1,0055199999999997;29865,6;4,07578576689058e-06;1;1225;1,005702664596205
1,0079599999999997;29889,999999999996;3,8230072152428665e-06;1;1226;1,0074632479544887
1,0103999999999997;29914,399999999998;3,825350813945451e-06;1;1227;1,0100950420725419
1,0128399999999997;29938,799999999996;4,335852102403316e-06;1;1228;1,0130719703020419
1,0152799999999997;29963,199999999997;4,065619788960493e-06;1;1229;1,0155424101313963
1,0177199999999997;29987,6;4,411076851845104e-06;1;1230;1,0176470072784036
1,0201599999999997;30011,999999999996;3,7182241036085683e-06;1;1231;1,0200291241362285
1,0225999999999997;30036,399999999998;4,339222357636841e-06;1;1232;1,0222079307910938
1,0250399999999997;30060,799999999996;4,272724123070409e-06;1;1233;1,025085523789779
1,0274799999999997;30085,199999999997;3,1014991660385307e-06;1;1234;1,027579511670738
1,0299199999999997;30109,6;3,973518786467246e-06;1;1235;1,0301217355866394
1,0323599999999997;30133,999999999996;4,462667322675336e-06;1;1236;1,0322429260870782
1,0347999999999997;30158,399999999998;4,233417214348792e-06;1;1237;1,034630113414316
1,0372399999999997;30182,799999999996;3,867603653028132e-06;1;1238;1,0375374977779181
1,0396799999999997;30207,199999999997;3,930162882797087e-06;1;1239;1,039646493104155
1,0421199999999997;30231,6;3,609085365627582e-06;1;1240;1,0421543738341175
1,0445599999999997;30255,999999999996;4,061887747016908e-06;1;1241;1,0440725332491303
1,0469999999999997;30280,399999999998;3,4620483756312944e-06;1;1242;1,046857517317874
1,0494399999999997;30304,799999999996;3,695407976803168e-06;1;1243;1,0498345226912893
1,0518799999999997;30329,199999999997;4,335749308138736e-06;1;1244;1,0522814125614888
1,0543199999999997;30353,6;3,993830486836565e-06;1;1245;1,0542446386758149
1,0567599999999997;30377,999999999996;3,8909721853353004e-06;1;1246;1,056902178037353
1,0591999999999997;30402,399999999998;3,968226663083854e-06;1;1247;1,0592208533659617
1,0616399999999997;30426,799999999996;4,822568203745504e-06;1;1248;1,0622642822401709
1,0640799999999997;30451,199999999997;4,310556397226849e-06;1;1249;1,06331401901737
1,0665199999999997;30475,6;3,7673075876207557e-06;1;1250;1,066497325489627
1,0689599999999997;30499,999999999996;4,5000249251465915e-06;1;1251;1,0679783422112383
1,0713999999999997;30524,399999999998;3,973361518626959e-06;1;1252;1,0716245327055482
1,0738399999999997;30548,799999999996;4,221915080007852e-06;1;1253;1,074311736861818
1,0762799999999997;30573,199999999997;3,824010864169604e-06;1;1254;1,0762477973737294
1,0787199999999997;30597,599999999995;3,718643203504225e-06;1;1255;1,0787659445762527
1,0811599999999997;30621,999999999996;4,240573798376387e-06;1;1256;1,081313745507968
1,0835999999999997;30646,399999999998;3,769333975189741e-06;1;1257;1,0839600814565682
1,0860399999999997;30670,799999999996;3,7656045653502637e-06;1;1258;1,0854005411645447
1,0884799999999997;30695,199999999997;4,269350289747493e-06;1;1259;1,0883763251347132
1,0909199999999997;30719,599999999995;3,6513792910913705e-06;1;1260;1,0910147141291238
1,0933599999999997;30743,999999999996;3,574224399475448e-06;1;1261;1,09324500642186
1,0957999999999997;30768,399999999998;4,163516318904788e-06;1;1262;1,0956020582308958
1,0982399999999997;30792,799999999996;3,412035512591962e-06;1;1263;1,0979702594575105
1,1006799999999997;30817,199999999997;3,7744823029994324e-06;1;1264;1,1005932555476565
1,1031199999999999;30841,599999999995;3,890306166399676e-06;1;1265;1,1031913563162172
1,1055599999999999;30865,999999999996;3,5964079030187346e-06;1;1266;1,1059088602175844
1,1079999999999999;30890,399999999998;3,6647828435782395e-06;1;1267;1,1080302505818167
1,1104399999999999;30914,799999999996;4,199761878530356e-06;1;1268;1,11016761144664
1,1128799999999999;30939,199999999997;4,0877359198364995e-06;1;1269;1,1129187320399747
1,1153199999999999;30963,599999999995;3,716286559509785e-06;1;1270;1,1156385401290438
1,1177599999999999;30987,999999999996;4,158845669810426e-06;1;1271;1,1175976182479064
1,1201999999999999;31012,399999999998;4,455783532303106e-06;1;1272;1,1201745040658708
1,1226399999999999;31036,799999999996;3,6152746570197323e-06;1;1273;1,1228723572517703
1,1250799999999999;31061,199999999997;4,0183767384525405e-06;1;1274;1,1248952822844984
1,1275199999999999;31085,599999999995;4,592995404259746e-06;1;1275;1,1274752499262681
1,1299599999999999;31109,999999999996;4,183347966714458e-06;1;1276;1,1299677596724778
1,1323999999999999;31134,399999999998;4,244015537230145e-06;1;1277;1,1325529500734355
1,1348399999999998;31158,799999999996;3,9399541988498955e-06;1;1278;1,134254766301565
1,1372799999999998;31183,199999999997;3,760610873158662e-06;1;1279;1,1373533989226707
1,1397199999999998;31207,599999999995;4,34301150846316e-06;1;1280;1,139595003641503
1,1421599999999998;31231,999999999996;4,196117483248565e-06;1;1281;1,142133569952565
1,1445999999999998;31256,399999999998;3,984543044429397e-06;1;1282;1,1448996169657655
1,1470399999999998;31280,799999999996;3,860399282552963e-06;1;1283;1,147204608363556
1,1494799999999998;31305,199999999997;3,475682431474231e-06;1;1284;1,1501538000220888
1,1519199999999998;31329,599999999995;4,046771868735669e-06;1;1285;1,1520735430246507
1,1543599999999998;31353,999999999996;3,7924861706308453e-06;1;1286;1,1537737604366343
1,1567999999999998;31378,399999999994;3,9604437194856575e-06;1;1287;1,1566176514507729
1,1592399999999998;31402,799999999996;4,201292615276e-06;1;1288;1,1593537417343793
1,1616799999999998;31427,199999999997;4,246000811711058e-06;1;1289;1,161709361791378
1,1641199999999998;31451,599999999995;4,215700290713753e-06;1;1290;1,164497764172585
1,1665599999999998;31475,999999999996;4,676519299661563e-06;1;1291;1,1660057683804055
1,1689999999999998;31500,399999999994;4,349535558754026e-06;1;1292;1,1691283389033535
1,1714399999999998;31524,799999999996;3,776176547268172e-06;1;1293;1,1714787723105125
1,1738799999999998;31549,199999999997;3,7545094229357714e-06;1;1294;1,1739444108484203
1,1763199999999998;31573,599999999995;4,6984452173766804e-06;1;1295;1,1762627198747921
1,1787599999999998;31597,999999999996;3,801002152512111e-06;1;1296;1,1786821553165907
1,1811999999999998;31622,399999999994;3,986759397240039e-06;1;1297;1,180769482234478
1,1836399999999998;31646,799999999996;4,523457726326896e-06;1;1298;1,1841814468749434
1,1860799999999998;31671,199999999997;4,514594762348668e-06;1;1299;1,185788766619484
1,1885199999999998;31695,599999999995;3,983610391251188e-06;1;1300;1,1888192834898574
1,1909599999999998;31719,999999999996;4,072582924461655e-06;1;1301;1,1908959919108804
1,1933999999999998;31744,399999999994;3,509467209375791e-06;1;1302;1,1933503544712125
1,1958399999999998;31768,799999999996;3,727495389843366e-06;1;1303;1,1964016301384088
1,1982799999999998;31793,199999999997;3,89042226096709e-06;1;1304;1,1982213929119088
1,2007199999999998;31817,599999999995;3,998301949153392e-06;1;1305;1,2010640690724164
1,2031599999999998;31841,999999999996;3,90300385718287e-06;1;1306;1,2031253504579318
1,2055999999999998;31866,399999999994;4,045688194472714e-06;1;1307;1,2057760513127473
1,2080399999999998;31890,799999999996;4,657810454168619e-06;1;1308;1,2079222487565489
1,2104799999999998;31915,199999999997;4,1393022582697044e-06;1;1309;1,2101743976335972
1,2129199999999998;31939,599999999995;4,092612156326428e-06;1;1310;1,2127045952599915
1,2153599999999998;31963,999999999996;4,00054790676742e-06;1;1311;1,2156009677269644
1,2177999999999998;31988,399999999994;3,948427718500065e-06;1;1312;1,217938072098825
1,2202399999999998;32012,799999999996;4,3698833800629216e-06;1;1313;1,2203439918056402
1,2226799999999998;32037,199999999993;3,702621570785348e-06;1;1314;1,2226207092533086
1,2251199999999998;32061,599999999995;3,96232614248018e-06;1;1315;1,225188034333481
1,2275599999999998;32085,999999999996;3,671266830674673e-06;1;1316;1,2278284522972647
1,2299999999999998;32110,399999999994;4,026138910577015e-06;1;1317;1,2300568039363684
1,2324399999999998;32134,799999999996;4,035715096670086e-06;1;1318;1,2325026635066674
1,2348799999999998;32159,199999999993;4,276151952433918e-06;1;1319;1,2344606572916919
1,2373199999999998;32183,599999999995;4,359298486244944e-06;1;1320;1,2371345824914264
1,2397599999999998;32207,999999999996;4,1989192999900455e-06;1;1321;1,2395551161969414
1,2421999999999997;32232,399999999994;4,486677786127105e-06;1;1322;1,2419368305604876
1,2446399999999997;32256,799999999996;4,476550980391841e-06;1;1323;1,244715124226918
1,2470799999999997;32281,199999999993;4,094607606416538e-06;1;1324;1,2476232612453624
1,2495199999999997;32305,599999999995;4,112004058787599e-06;1;1325;1,249924458761492
1,2519599999999997;32329,999999999996;3,4191154924894587e-06;1;1326;1,2521231061538156
1,2543999999999997;32354,399999999994;4,096072961418265e-06;1;1327;1,254106203875621
1,2568399999999997;32378,799999999996;3,998472533836646e-06;1;1328;1,2570217169804263
1,2592799999999997;32403,199999999993;3,4934514364349515e-06;1;1329;1,2597715797818554
1,2617199999999997;32427,599999999995;3,87058419044746e-06;1;1330;1,2613949843377994
1,2641599999999997;32451,999999999996;4,287227190031624e-06;1;1331;1,2639217662914186
1,2665999999999997;32476,399999999994;3,628367702104948e-06;1;1332;1,2658138477415721
1,2690399999999997;32500,8;4,387885349405412e-06;1;1333;1,26857761576631
1,2714799999999997;32525,2;4,142439795621393e-06;1;1334;1,2720636199907427
1,2739199999999997;32549,6;3,931483572926936e-06;1;1335;1,274505390242979
1,2763599999999997;32574,0;3,957301813846383e-06;1;1336;1,276601706327827
1,2787999999999997;32598,399999999998;4,248978131274864e-06;1;1337;1,278923603278868
1,2812399999999997;32622,8;3,570581716146808e-06;1;1338;1,2810757565561008
1,2836799999999997;32647,2;4,612228581969083e-06;1;1339;1,283935168760175
1,2861199999999997;32671,6;3,7559741411396565e-06;1;1340;1,2860657742393673
1,2885599999999997;32696,0;3,770415027415873e-06;1;1341;1,2891585167327828
1,2909999999999997;32720,399999999998;4,366230459156785e-06;1;1342;1,2912974177010397
1,2934399999999997;32744,8;4,237015700503519e-06;1;1343;1,2937550561975673
1,2958799999999997;32769,2;4,397617508694943e-06;1;1344;1,2959337112091065
1,2983199999999997;32793,6;4,3137943221593435e-06;1;1345;1,298135258839225
1,3007599999999997;32818,0;4,112918778639435e-06;1;1346;1,3011240612274015
1,3031999999999997;32842,4;3,617084756013073e-06;1;1347;1,303083071320882
1,3056399999999997;32866,799999999996;3,858148026988399e-06;1;1348;1,3052456046029626
1,3080799999999997;32891,2;4,059531809386518e-06;1;1349;1,308454904235915
1,3105199999999997;32915,6;3,994845228861897e-06;1;1350;1,3107708761334216
1,3129599999999997;32940,0;3,384165153795213e-06;1;1351;1,3129634642389887
1,3153999999999997;32964,4;4,3133216078064965e-06;1;1352;1,3155484489357332
1,3178399999999997;32988,799999999996;4,519342738591438e-06;1;1353;1,3186154450444412
1,3202799999999997;33013,2;4,4392285596075875e-06;1;1354;1,3195772018258762
1,3227199999999997;33037,6;3,6946421120569367e-06;1;1355;1,3226988857038386
1,3251599999999997;33062,0;4,130790033921563e-06;1;1356;1,3252951693323094
1,3275999999999997;33086,4;3,3620505746245234e-06;1;1357;1,3275183712948995
1,3300399999999997;33110,799999999996;4,507005442594912e-06;1;1358;1,3297941774119544
1,3324799999999997;33135,2;3,4180369270663565e-06;1;1359;1,3329395741027243
1,3349199999999997;33159,6;4,123152628974161e-06;1;1360;1,3356151136739647
1,3373599999999997;33184,0;4,348773906586932e-06;1;1361;1,337662099370196
1,3397999999999997;33208,4;4,3873965192792205e-06;1;1362;1,3401971319927994
1,3422399999999997;33232,799999999996;4,103191154413872e-06;1;1363;1,3420342301697437
1,3446799999999997;33257,2;3,5723049852679774e-06;1;1364;1,344604421161916
1,3471199999999997;33281,6;3,969647262086714e-06;1;1365;1,347233638011675
1,3495599999999996;33306,0;3,919504457744516e-06;1;1366;1,3498175770030143
1,3519999999999996;33330,4;4,1105077477140845e-06;1;1367;1,3519244034796933
1,3544399999999996;33354,799999999996;4,296323795204724e-06;1;1368;1,3548510070081223
1,3568799999999996;33379,2;4,198612264692488e-06;1;1369;1,356996283162258
1,3593199999999996;33403,6;4,636484967300861e-06;1;1370;1,3595957830987875
1,3617599999999996;33428,0;4,198315256536665e-06;1;1371;1,3622434277917874
1,3641999999999996;33452,4;3,883354747508235e-06;1;1372;1,3643913006588433
1,3666399999999996;33476,799999999996;4,4889938656480545e-06;1;1373;1,3663782065466241
1,3690799999999996;33501,2;3,905641580516601e-06;1;1374;1,3687149430868557
1,3715199999999996;33525,6;4,084559053286316e-06;1;1375;1,3713410036101903
1,3739599999999996;33550,0;4,054233377909081e-06;1;1376;1,3739354265760302
1,3763999999999996;33574,4;3,3120305925069283e-06;1;1377;1,3763861929269707
1,3788399999999996;33598,799999999996;4,083045986027285e-06;1;1378;1,3787129493363521
1,3812799999999996;33623,2;4,0868319860501776e-06;1;1379;1,381368620618868
1,3837199999999996;33647,6;3,937088483508286e-06;1;1380;1,383752208248388
1,3861599999999996;33672,0;3,957613907422241e-06;1;1381;1,386330178009225
1,3885999999999996;33696,4;3,6146789519434455e-06;1;1382;1,3884689021748278
1,3910399999999996;33720,799999999996;4,024738992651401e-06;1;1383;1,3913816950325835
1,3934799999999996;33745,2;4,450877645920558e-06;1;1384;1,3927952011126794
1,3959199999999996;33769,6;3,9468191295967045e-06;1;1385;1,396023541342053
1,3983599999999996;33794,0;3,8433622745543285e-06;1;1386;1,3983862263513762
1,4007999999999996;33818,4;3,817681331556969e-06;1;1387;1,4009802230004254
1,4032399999999996;33842,799999999996;4,605126372456199e-06;1;1388;1,4037764310496192
1,4056799999999996;33867,2;3,5934269533368807e-06;1;1389;1,4059573035958426
1,4081199999999996;33891,6;4,253484930201057e-06;1;1390;1,4081861264793336
1,4105599999999996;33916,0;4,0334235415440035e-06;1;1391;1,4104362464318543
1,4129999999999996;33940,4;4,576268927037095e-06;1;1392;1,4132026261533628
1,4154399999999996;33964,799999999996;4,393379626265211e-06;1;1393;1,4153752454360582
1,4178799999999998;33989,2;3,973504592211396e-06;1;1394;1,4177516127136596
1,4203199999999998;34013,6;3,5375594087271464e-06;1;1395;1,42067144124202
1,4227599999999998;34038,0;4,428891952981573e-06;1;1396;1,4228446131420691
1,4251999999999998;34062,399999999994;4,437413100293307e-06;1;1397;1,4253254123851287
1,4276399999999998;34086,799999999996;3,668529401644462e-06;1;1398;1,427647946082769
1,4300799999999998;34111,2;4,223570049161539e-06;1;1399;1,4298306909890586
1,4325199999999998;34135,6;3,7597700353421804e-06;1;1400;1,4319093197460384
1,4349599999999998;34160,0;3,7671429080906174e-06;1;1401;1,4351114778462115
1,4373999999999998;34184,399999999994;3,517205974169187e-06;1;1402;1,4376056268106994
1,4398399999999998;34208,799999999996;4,279871568249793e-06;1;1403;1,4399086614097445
1,4422799999999998;34233,2;4,081338527829793e-06;1;1404;1,4419586065504575
1,4447199999999998;34257,6;4,148349919212497e-06;1;1405;1,4445798314126095
1,4471599999999998;34282,0;4,4357424810180265e-06;1;1406;1,4471426395419167
1,4495999999999998;34306,399999999994;4,2005873909780455e-06;1;1407;1,4491679861099085
1,4520399999999998;34330,799999999996;4,175368827050842e-06;1;1408;1,4519963836196725
1,4544799999999998;34355,2;4,224782163719999e-06;1;1409;1,4545405401036386
1,4569199999999998;34379,6;3,6806284467383874e-06;1;1410;1,4569164627379154
1,4593599999999998;34404,0;3,989660459615292e-06;1;1411;1,4590056936676234
1,4617999999999998;34428,399999999994;3,6381215336061245e-06;1;1412;1,461701571544907
1,4642399999999998;34452,799999999996;3,7300260668175517e-06;1;1413;1,4640309360516486
1,4666799999999998;34477,2;3,972455049551796e-06;1;1414;1,4663017068618573
1,4691199999999998;34501,6;4,318566285452406e-06;1;1415;1,4687149881622341
1,4715599999999998;34526,0;4,617464204169687e-06;1;1416;1,4715362052946404
1,4739999999999998;34550,399999999994;3,6744420511322414e-06;1;1417;1,4737751538665826
1,4764399999999998;34574,799999999996;4,051999124907544e-06;1;1418;1,477049296704723
1,4788799999999998;34599,2;3,978726869138158e-06;1;1419;1,478915049670555
1,4813199999999997;34623,6;4,158170686726868e-06;1;1420;1,481405206476671
1,4837599999999997;34648,0;4,17472296469269e-06;1;1421;1,4837466865253321
1,4861999999999997;34672,399999999994;4,108726349288779e-06;1;1422;1,4860037735692904
1,4886399999999997;34696,799999999996;3,7098470372657565e-06;1;1423;1,488881003205719
1,4910799999999997;34721,2;4,1184026268858485e-06;1;1424;1,4912374758620504
1,4935199999999997;34745,6;4,267698013923331e-06;1;1425;1,4937017191485007
1,4959599999999997;34770,0;3,845982750266049e-06;1;1426;1,4960859594538882
1,4983999999999997;34794,399999999994;4,593449477077161e-06;1;1427;1,497862361561644
1,5008399999999997;34818,799999999996;3,9295260454159285e-06;1;1428;1,5010114631249543
1,5032799999999997;34843,2;3,8098419406616225e-06;1;1429;1,5032125862694177
1,5057199999999997;34867,6;4,088913711522379e-06;1;1430;1,5057277333267656
1,5081599999999997;34892,0;3,922723154758121e-06;1;1431;1,5084530400519593
1,5105999999999997;34916,399999999994;3,589848155768355e-06;1;1432;1,5105147880801915
1,5130399999999997;34940,799999999996;3,9921529640431095e-06;1;1433;1,512661682300012
1,5154799999999997;34965,2;4,478710732269521e-06;1;1434;1,5156194485732928
1,5179199999999997;34989,6;4,600759695231951e-06;1;1435;1,518540731864701
1,5203599999999997;35014,0;3,829887561852783e-06;1;1436;1,519977321197967
1,5227999999999997;35038,399999999994;4,2715823810925445e-06;1;1437;1,5229005747714426
1,5252399999999997;35062,799999999996;4,039758836455924e-06;1;1438;1,5251307255350743
1,5276799999999997;35087,2;4,085165988895692e-06;1;1439;1,5280510844689335
1,5301199999999997;35111,6;4,3802113639641215e-06;1;1440;1,5301214068056908
1,5325599999999997;35136,0;4,255621458486713e-06;1;1441;1,532170653241308
1,5349999999999997;35160,399999999994;4,046296124728447e-06;1;1442;1,5343905794471469
1,5374399999999997;35184,799999999996;3,72137671429433e-06;1;1443;1,5378740886895292
1,5398799999999997;35209,2;3,6628057475302444e-06;1;1444;1,5398736564953646
1,5423199999999997;35233,6;3,980794566865806e-06;1;1445;1,5420957491081115
1,5447599999999997;35258,0;4,097083998240064e-06;1;1446;1,5447051257556865
1,5471999999999997;35282,399999999994;4,150951567677723e-06;1;1447;1,5471994924812402
1,5496399999999997;35306,799999999996;4,234590806012696e-06;1;1448;1,5493981590668329
1,5520799999999997;35331,2;4,293875538639427e-06;1;1449;1,5520129745930185
1,5545199999999997;35355,6;3,279076990973628e-06;1;1450;1,5547372361206446
1,5569599999999997;35380,0;4,271032099908889e-06;1;1451;1,556583516925602
1,5593999999999997;35404,399999999994;3,6857656670258426e-06;1;1452;1,559724294420057
1,5618399999999997;35428,799999999996;4,334220572427091e-06;1;1453;1,5616501869065271
1,5642799999999997;35453,2;4,10099329838269e-06;1;1454;1,564354305178518
1,5667199999999997;35477,6;4,18916794533611e-06;1;1455;1,5671646983212506
1,5691599999999997;35501,99999999999;3,837722275538777e-06;1;1456;1,5688544216623217
1,5715999999999997;35526,399999999994;4,0847953964098116e-06;1;1457;1,571590415622894
1,5740399999999997;35550,799999999996;3,4398362261829104e-06;1;1458;1,5741729584486468
1,5764799999999997;35575,2;4,328573985011373e-06;1;1459;1,576757761429997
1,5789199999999997;35599,6;3,900748378407755e-06;1;1460;1,5786763216921094
1,5813599999999997;35623,99999999999;3,223275911550913e-06;1;1461;1,5817945406479066
1,5837999999999997;35648,399999999994;4,318445066097767e-06;1;1462;1,5832182410030624
1,5862399999999997;35672,799999999996;4,503032117995716e-06;1;1463;1,5863102705360632
1,5886799999999996;35697,2;3,737161145078797e-06;1;1464;1,5883573121919279
1,5911199999999996;35721,6;4,363812965737825e-06;1;1465;1,5910704842512062
1,5935599999999996;35745,99999999999;3,775073364666282e-06;1;1466;1,5937972015753155
1,5959999999999996;35770,399999999994;3,320043811020187e-06;1;1467;1,5959215642162567
1,5984399999999996;35794,799999999996;3,892632257716201e-06;1;1468;1,5987453099269602
1,6008799999999996;35819,2;4,09784093559788e-06;1;1469;1,6009389930937976
1,6033199999999996;35843,6;4,0400653388133404e-06;1;1470;1,60351337994007
1,6057599999999996;35867,99999999999;4,0310793848483924e-06;1;1471;1,6059161120513843
1,6081999999999996;35892,399999999994;4,088926857328696e-06;1;1472;1,607563339542874
1,6106399999999996;35916,799999999996;4,064966699086867e-06;1;1473;1,6111282675683762
1,6130799999999996;35941,2;3,935188508962641e-06;1;1474;1,6126222991540424
1,6155199999999996;35965,6;3,819585588054008e-06;1;1475;1,6155862328230584
1,6179599999999996;35989,99999999999;3,920259745735984e-06;1;1476;1,6180580320304352
1,6203999999999996;36014,399999999994;3,894498230152592e-06;1;1477;1,619901737016103
1,6228399999999996;36038,799999999996;3,909123212969529e-06;1;1478;1,6227649940218412
1,6252799999999996;36063,2;3,669113970614363e-06;1;1479;1,6251084932972442
1,6277199999999996;36087,6;3,837221684644848e-06;1;1480;1,6274582697622495
1,6301599999999996;36111,99999999999;4,024667856635534e-06;1;1481;1,630251996894765
1,6325999999999996;36136,399999999994;4,092825673130918e-06;1;1482;1,6326690621646855
1,6350399999999996;36160,799999999996;3,980791315744395e-06;1;1483;1,6350645544180251
1,6374799999999996;36185,2;3,9449020257294e-06;1;1484;1,6375428595254626
1,6399199999999996;36209,6;4,160334962071649e-06;1;1485;1,6395126692229673
1,6423599999999996;36233,99999999999;4,244340598184513e-06;1;1486;1,6424843249666918
1,6447999999999996;36258,399999999994;4,2040239636101455e-06;1;1487;1,6444444469838884
1,6472399999999996;36282,799999999996;3,4750272743713314e-06;1;1488;1,6471132735130134
1,6496799999999996;36307,2;3,86337847262369e-06;1;1489;1,64951416975584
1,6521199999999996;36331,6;4,211696376110597e-06;1;1490;1,6517029811094373
1,6545599999999996;36355,99999999999;4,154619197103121e-06;1;1491;1,6547322388657408
1,6569999999999996;36380,399999999994;4,2039431803914224e-06;1;1492;1,657474620290882
1,6594399999999996;36404,799999999996;4,094305452405828e-06;1;1493;1,659343042498156
1,6618799999999996;36429,2;3,743938959306572e-06;1;1494;1,662088374662899
1,6643199999999996;36453,6;4,366769359702242e-06;1;1495;1,6640858794168212
1,6667599999999996;36477,99999999999;3,592123337736019e-06;1;1496;1,666926034268865
1,6691999999999996;36502,399999999994;4,295727337727122e-06;1;1497;1,6696956146788775
1,6716399999999996;36526,799999999996;3,99508746062782e-06;1;1498;1,671867050379003
1,6740799999999996;36551,2;3,558203732714001e-06;1;1499;1,6737611607895337
1,6765199999999996;36575,6;3,881152359833911e-06;1;1500;1,6765510768738152
1,6789599999999996;36599,99999999999;4,3611255239551194e-06;1;1501;1,678851876179872
1,6813999999999996;36624,399999999994;3,8234794990508476e-06;1;1502;1,6813178704270715
1,6838399999999996;36648,799999999996;3,636819280955702e-06;1;1503;1,6844111797915746
1,6862799999999996;36673,2;3,913362914872359e-06;1;1504;1,6861129555728949
1,6887199999999996;36697,6;3,754577512437533e-06;1;1505;1,688488028082149
1,6911599999999996;36721,99999999999;3,624820006231422e-06;1;1506;1,6913642219452378
1,6935999999999996;36746,399999999994;4,131261325668091e-06;1;1507;1,6933436462085392
1,6960399999999995;36770,799999999996;4,239451692279342e-06;1;1508;1,6957125832647235
1,6984799999999995;36795,2;3,8344805748426635e-06;1;1509;1,6978590898575243
1,7009199999999995;36819,6;4,157086877093465e-06;1;1510;1,7005253177065396
1,7033599999999995;36843,99999999999;3,883891895524143e-06;1;1511;1,7031667470920178
1,7057999999999995;36868,399999999994;3,9700857612529535e-06;1;1512;1,7055976600334064
1,7082399999999995;36892,799999999996;4,0370207232977706e-06;1;1513;1,708376457763002
1,7106799999999995;36917,2;4,447985062417605e-06;1;1514;1,7107333778065803
1,7131199999999995;36941,59999999999;4,152267659551609e-06;1;1515;1,7135661392318773
1,7155599999999995;36965,99999999999;3,7002660674380336e-06;1;1516;1,7157182688681134
1,7179999999999995;36990,399999999994;4,154748770724999e-06;1;1517;1,7179109299667288
1,7204399999999995;37014,799999999996;3,93364351892898e-06;1;1518;1,7204725703809525
1,7228799999999995;37039,2;3,860091877327717e-06;1;1519;1,7235463693982782
1,7253199999999995;37063,59999999999;3,748071592744003e-06;1;1520;1,725382143167199
1,7277599999999997;37087,99999999999;3,992121921233073e-06;1;1521;1,728006278366833
1,7301999999999997;37112,399999999994;3,981960269413995e-06;1;1522;1,7306264394658821
1,7326399999999997;37136,799999999996;3,879345290636656e-06;1;1523;1,732486037869086
1,7350799999999997;37161,2;3,5826557967705206e-06;1;1524;1,735324887609447
1,7375199999999997;37185,59999999999;3,487848312079143e-06;1;1525;1,7376636530532976
1,7399599999999997;37209,99999999999;4,0383953476043965e-06;1;1526;1,739865796357445
1,7423999999999997;37234,399999999994;4,0534614260368754e-06;1;1527;1,7428457974019218
1,7448399999999997;37258,799999999996;4,654938606205612e-06;1;1528;1,7445844146590044
1,7472799999999997;37283,2;3,94640109719107e-06;1;1529;1,7472010433670404
1,7497199999999997;37307,59999999999;4,3064272237514835e-06;1;1530;1,749625646527604
1,7521599999999997;37331,99999999999;4,358561116695767e-06;1;1531;1,751763112286503
1,7545999999999997;37356,399999999994;3,981679973382626e-06;1;1532;1,754928213035183
1,7570399999999997;37380,799999999996;4,023040301031273e-06;1;1533;1,7569752940217556
1,7594799999999997;37405,2;3,871046878816672e-06;1;1534;1,7591089735001915
1,7619199999999997;37429,59999999999;4,53254776323529e-06;1;1535;1,7617328211636742
1,7643599999999997;37453,99999999999;3,547470348623324e-06;1;1536;1,7641283910740904
1,7667999999999997;37478,4;3,988106155408689e-06;1;1537;1,7672212060673997
1,7692399999999997;37502,799999999996;4,415236898231095e-06;1;1538;1,7694308772116385
1,7716799999999997;37527,2;3,967695980999928e-06;1;1539;1,7720444429890683
1,7741199999999997;37551,6;3,82871875006641e-06;1;1540;1,7741831163254573
1,7765599999999997;37576,0;4,06986479108356e-06;1;1541;1,7766971656408312
1,7789999999999997;37600,4;4,158096403804769e-06;1;1542;1,7787253480267873
1,7814399999999997;37624,799999999996;4,170232922105944e-06;1;1543;1,7816460158661735
1,7838799999999997;37649,2;4,084492994480636e-06;1;1544;1,78377209282168
1,7863199999999997;37673,6;4,225027335909322e-06;1;1545;1,7864684020199748
1,7887599999999997;37698,0;4,283710316799601e-06;1;1546;1,7887202061664236
1,7911999999999997;37722,4;3,6679351262862533e-06;1;1547;1,7908796334902208
1,7936399999999997;37746,799999999996;3,886332452425704e-06;1;1548;1,794100797123063
1,7960799999999997;37771,2;4,260907397873608e-06;1;1549;1,7959647904461056
1,7985199999999997;37795,6;4,146586007344168e-06;1;1550;1,7991675757507166
1,8009599999999997;37820,0;4,070380032504504e-06;1;1551;1,8010114558933754
1,8033999999999997;37844,4;4,201743667635471e-06;1;1552;1,803434365375267
1,8058399999999997;37868,799999999996;4,2856461204102576e-06;1;1553;1,8060248213949193
1,8082799999999997;37893,2;3,742585882279965e-06;1;1554;1,808494229890339
1,8107199999999997;37917,6;3,6319166763568675e-06;1;1555;1,8109303050162064
1,8131599999999997;37942,0;3,6538955617945675e-06;1;1556;1,8131793317451095
1,8155999999999997;37966,4;4,5576022387408574e-06;1;1557;1,8157651739193466
1,8180399999999997;37990,799999999996;3,6836702280256176e-06;1;1558;1,8178259208539573
1,8204799999999997;38015,2;3,929623863236498e-06;1;1559;1,8201263929925888
1,8229199999999997;38039,6;3,944356510274555e-06;1;1560;1,823457654164222
1,8253599999999996;38064,0;4,309318049562712e-06;1;1561;1,825539143696375
1,8277999999999996;38088,4;3,4785036703297078e-06;1;1562;1,8278306567101206
1,8302399999999996;38112,799999999996;3,988219536713978e-06;1;1563;1,8297968416790882
1,8326799999999996;38137,2;4,364316504054607e-06;1;1564;1,833074626673356
1,8351199999999996;38161,6;4,334469928657181e-06;1;1565;1,8351268482775247
1,8375599999999996;38186,0;4,12279359833095e-06;1;1566;1,8371719621151934
1,8399999999999996;38210,4;3,921718273786019e-06;1;1567;1,8399035128514465
1,8424399999999996;38234,799999999996;4,527305033990505e-06;1;1568;1,842678971435903
1,8448799999999996;38259,2;3,4984158470442967e-06;1;1569;1,844958367899462
1,8473199999999996;38283,6;4,294295582563555e-06;1;1570;1,8476784246900644
1,8497599999999996;38308,0;4,152453366593759e-06;1;1571;1,8487485246242243
1,8521999999999996;38332,4;4,177311005322303e-06;1;1572;1,8525434471411204
1,8546399999999996;38356,799999999996;4,0797426490723435e-06;1;1573;1,8544809495847199
1,8570799999999996;38381,2;4,0615540442341e-06;1;1574;1,8571951699305855
1,8595199999999996;38405,6;4,279236398740665e-06;1;1575;1,8594264846952822
1,8619599999999996;38430,0;3,654086563404813e-06;1;1576;1,862132223381185
1,8643999999999996;38454,4;3,6260344163364605e-06;1;1577;1,864623250673219
1,8668399999999996;38478,799999999996;4,0487359706031465e-06;1;1578;1,8671726691285473
1,8692799999999996;38503,2;4,015645237504673e-06;1;1579;1,8693428257571463
1,8717199999999996;38527,6;4,049098048701912e-06;1;1580;1,8719490899499207
1,8741599999999996;38552,0;4,477129895051559e-06;1;1581;1,874313441286012
1,8765999999999996;38576,399999999994;3,826207193932107e-06;1;1582;1,8764096558272465
1,8790399999999996;38600,799999999996;4,225395628342229e-06;1;1583;1,8790326455681254
1,8814799999999996;38625,2;4,115334311122053e-06;1;1584;1,881836707989244
1,8839199999999996;38649,6;4,709968720702145e-06;1;1585;1,883300679623178
1,8863599999999996;38674,0;3,579344004550323e-06;1;1586;1,8868128026112407
1,8887999999999996;38698,399999999994;3,836197864500475e-06;1;1587;1,8887624850461642
1,8912399999999996;38722,799999999996;3,8629629897901475e-06;1;1588;1,8915422415169239
1,8936799999999996;38747,2;4,39618086898124e-06;1;1589;1,8936280160875592
1,8961199999999996;38771,6;3,7540244287492354e-06;1;1590;1,8956903483835426
1,8985599999999996;38796,0;4,4973828998549004e-06;1;1591;1,898093886638515
1,9009999999999996;38820,399999999994;4,479432493940406e-06;1;1592;1,9008067711743324
1,9034399999999996;38844,799999999996;4,259683795268181e-06;1;1593;1,9030173900346996
1,9058799999999996;38869,2;4,131212812068096e-06;1;1594;1,9061230001570582
1,9083199999999996;38893,6;3,533146543319018e-06;1;1595;1,9078666364340342
1,9107599999999996;38918,0;4,054644852063503e-06;1;1596;1,9102052724770928
1,9131999999999996;38942,399999999994;3,5707985023784916e-06;1;1597;1,9134595029283308
1,9156399999999996;38966,799999999996;3,8912120831165475e-06;1;1598;1,9155689117173103
1,9180799999999996;38991,2;4,060930219988909e-06;1;1599;1,9177743459747036
1,9205199999999996;39015,6;3,90733858630924e-06;1;1600;1,920306072281231
1,9229599999999996;39040,0;4,285241686662732e-06;1;1601;1,9228942723826978
1,9253999999999996;39064,399999999994;3,961247155861103e-06;1;1602;1,9253661521584413
1,9278399999999996;39088,799999999996;3,535425333918647e-06;1;1603;1,927709642223579
1,9302799999999996;39113,2;3,681982832190793e-06;1;1604;1,9294980991037902
1,9327199999999995;39137,6;3,6178274829650207e-06;1;1605;1,9324424480487612
1,9351599999999995;39162,0;3,905070886670219e-06;1;1606;1,9347311520407586
1,9375999999999995;39186,399999999994;4,374275457105936e-06;1;1607;1,9375211585097967
1,9400399999999995;39210,799999999996;4,151723814443984e-06;1;1608;1,9401353168778623
1,9424799999999995;39235,2;4,10185284147391e-06;1;1609;1,9424491522647431
1,9449199999999995;39259,6;3,6143855820542043e-06;1;1610;1,9448277015989164
1,9473599999999995;39284,0;4,710749155897059e-06;1;1611;1,9472892935672743
1,9497999999999995;39308,399999999994;3,9915210513434745e-06;1;1612;1,9492083266905154
1,9522399999999995;39332,799999999996;4,725073800949651e-06;1;1613;1,9524605798897694
1,9546799999999995;39357,2;3,7397735661092497e-06;1;1614;1,9548853220288744
1,9571199999999995;39381,6;3,829646055839194e-06;1;1615;1,9573104025352155
1,9595599999999995;39406,0;4,7798984470801e-06;1;1616;1,9596182248802818
1,9619999999999995;39430,399999999994;3,6775018062232782e-06;1;1617;1,9617205821194377
1,9644399999999995;39454,799999999996;4,125611746207564e-06;1;1618;1,964326537035756
1,9668799999999995;39479,2;3,898538417656581e-06;1;1619;1,9667883568884794
1,9693199999999995;39503,6;3,755976298092697e-06;1;1620;1,9690497853068143
1,9717599999999995;39528,0;4,648323878985387e-06;1;1621;1,9722061839288194
1,9741999999999995;39552,399999999994;3,6987606847568097e-06;1;1622;1,9743139932758944
1,9766399999999995;39576,799999999996;4,269230500479179e-06;1;1623;1,9771242927656125
1,9790799999999995;39601,2;4,331293779245143e-06;1;1624;1,9793700676478696
1,9815199999999995;39625,6;3,6964595633573573e-06;1;1625;1,9815962251978247
1,9839599999999995;39650,0;3,4308324127436916e-06;1;1626;1,9838721702203337
1,9863999999999995;39674,399999999994;3,4658080308208885e-06;1;1627;1,9864328424696427
1,9888399999999995;39698,799999999996;3,7601249596576857e-06;1;1628;1,9886910730563683
1,9912799999999995;39723,2;4,066799400625753e-06;1;1629;1,990999828135693
1,9937199999999995;39747,6;4,100632639151143e-06;1;1630;1,993426644637731
1,9961599999999995;39772,0;3,943286027750101e-06;1;1631;1,9962518402389113
1,9985999999999995;39796,399999999994;3,9684080246047615e-06;1;1632;1,998220334683875
2,0;39820,799999999996;-3,707785793756239e-06;2;1633;1,999946369614571
1,99756;39845,2;-3,7695541077943186e-06;2;1634;1,9971323260556515
1,99512;39869,6;-3,886373733819423e-06;2;1635;1,9954861798785166
1,99268;39894,0;-4,185090136842299e-06;2;1636;1,9926424293990461
1,99024;39918,399999999994;-3,7667281677752677e-06;2;1637;1,9901737950643454
1,9878;39942,799999999996;-3,9456370982855616e-06;2;1638;1,9878756754758284
1,98536;39967,2;-4,224350545728968e-06;2;1639;1,9852370305856808
1,98292;39991,6;-4,1730687647348406e-06;2;1640;1,9825125519628963
1,98048;40015,99999999999;-3,631405674147578e-06;2;1641;1,9803390285993934
1,97804;40040,399999999994;-3,446385412963281e-06;2;1642;1,9784802777940196
1,9756;40064,799999999996;-4,15891802152909e-06;2;1643;1,9756897988176163
1,97316;40089,2;-4,623420448163457e-06;2;1644;1,9734998474238579
1,97072;40113,6;-3,823760886831899e-06;2;1645;1,9714722299683134
1,96828;40137,99999999999;-4,270978849859425e-06;2;1646;1,9683573638410492
1,96584;40162,399999999994;-3,780250553821398e-06;2;1647;1,965786797552064
1,9634;40186,799999999996;-4,1127871854531425e-06;2;1648;1,9637850409344122
1,96096;40211,2;-3,3311204582718337e-06;2;1649;1,9609824159933016
1,95852;40235,6;-3,9663266506951146e-06;2;1650;1,9582103061276794
1,95608;40259,99999999999;-3,7291447920447672e-06;2;1651;1,955681977503662
1,95364;40284,399999999994;-4,364516121848402e-06;2;1652;1,9534302069727767
1,9512;40308,799999999996;-4,845787434079833e-06;2;1653;1,9512780792612117
1,94876;40333,2;-3,959400667120351e-06;2;1654;1,9486577037725625
1,94632;40357,6;-3,921411075704205e-06;2;1655;1,9462048856405785
1,94388;40381,99999999999;-3,7839101121490983e-06;2;1656;1,9435283675359878
1,94144;40406,399999999994;-4,166143439028678e-06;2;1657;1,9412948097108158
1,939;40430,799999999996;-4,387551554429363e-06;2;1658;1,939021841882766
1,93656;40455,2;-4,4801486158984465e-06;2;1659;1,9360117073087009
1,93412;40479,6;-3,834057728844047e-06;2;1660;1,9338686505759293
1,93168;40503,99999999999;-3,7869127255427787e-06;2;1661;1,93232789098151
1,92924;40528,399999999994;-4,262727502009375e-06;2;1662;1,9295706871952378
1,9268;40552,799999999996;-4,158410389699556e-06;2;1663;1,9271879913647425
1,92436;40577,2;-4,218455636416993e-06;2;1664;1,9237436362128142
1,92192;40601,6;-4,5685622487395e-06;2;1665;1,9218805498177212
1,91948;40625,99999999999;-3,940265321397778e-06;2;1666;1,9196240303942402
1,91704;40650,399999999994;-3,746195169170812e-06;2;1667;1,9170238143018652
1,9146;40674,799999999996;-4,067004917521921e-06;2;1668;1,9148597972743384
1,91216;40699,2;-4,426741695850257e-06;2;1669;1,912278866468337
1,90972;40723,6;-4,059496569648173e-06;2;1670;1,9098932648346216
1,90728;40747,99999999999;-3,5906731975897097e-06;2;1671;1,9075898097054007
1,90484;40772,399999999994;-3,3610281864263177e-06;2;1672;1,90432005445376
1,9024;40796,799999999996;-3,919270863343248e-06;2;1673;1,9025034382400203
1,89996;40821,2;-4,236682313912051e-06;2;1674;1,899608956593538
1,89752;40845,6;-4,5956726436226114e-06;2;1675;1,8976516717772947
1,89508;40869,99999999999;-4,463780833956768e-06;2;1676;1,8954739697343952
1,89264;40894,399999999994;-4,0266662709439265e-06;2;1677;1,8926159953843589
1,8902;40918,799999999996;-3,93227037703604e-06;2;1678;1,889721895853644
1,88776;40943,2;-3,923008028989074e-06;2;1679;1,8873488087359847
1,88532;40967,6;-4,078893246170982e-06;2;1680;1,885306085631168
1,88288;40991,99999999999;-4,462966638197116e-06;2;1681;1,8826910749453882
1,8804400000000001;41016,399999999994;-4,472936785927781e-06;2;1682;1,8809214078921452
1,8780000000000001;41040,799999999996;-3,955802697960304e-06;2;1683;1,8779123522092775
1,8755600000000001;41065,2;-4,247370372109131e-06;2;1684;1,8761134091661633
1,8731200000000001;41089,6;-3,6085493453183874e-06;2;1685;1,8731166356294813
1,8706800000000001;41113,99999999999;-4,437673834109309e-06;2;1686;1,8703475093475372
1,8682400000000001;41138,399999999994;-3,493870631242249e-06;2;1687;1,868909093035239
1,8658000000000001;41162,799999999996;-4,199948863307048e-06;2;1688;1,865711014898214
1,8633600000000001;41187,2;-3,933043308536409e-06;2;1689;1,8638089638818034
1,8609200000000001;41211,6;-3,933051430471944e-06;2;1690;1,8613643200156647
1,8584800000000001;41235,99999999999;-4,103202274549376e-06;2;1691;1,85843556739163
1,8560400000000001;41260,399999999994;-4,604044863320306e-06;2;1692;1,8562490208874658
1,8536000000000001;41284,799999999996;-4,14471862620962e-06;2;1693;1,8538962837344641
1,8511600000000001;41309,2;-3,5432619518388715e-06;2;1694;1,8515770749669132
1,8487200000000001;41333,6;-4,3842379935452135e-06;2;1695;1,8486415819417745
1,8462800000000001;41357,99999999999;-4,552632755609129e-06;2;1696;1,8459571363021852
1,8438400000000001;41382,399999999994;-4,06566206091184e-06;2;1697;1,8441903476590202
1,8414000000000001;41406,799999999996;-4,12371613186522e-06;2;1698;1,8415784886283442
1,8389600000000002;41431,2;-4,387852540096595e-06;2;1699;1,8384020745147467
1,8365200000000002;41455,6;-4,225771827556294e-06;2;1700;1,8368414795666281
1,8340800000000002;41479,99999999999;-4,1443237384730355e-06;2;1701;1,8336676217790122
1,8316400000000002;41504,399999999994;-4,123862353113576e-06;2;1702;1,8315342518067845
1,8292000000000002;41528,799999999996;-3,951167867864848e-06;2;1703;1,829023891969501
1,8267600000000002;41553,2;-3,7880010393933727e-06;2;1704;1,8266773186634235
1,8243200000000002;41577,59999999999;-3,883877544073684e-06;2;1705;1,824311411845399
1,8218800000000002;41601,99999999999;-3,89747539561017e-06;2;1706;1,8216011696129684
1,8194400000000002;41626,399999999994;-3,4959571300946633e-06;2;1707;1,8197493401083593
1,8170000000000002;41650,799999999996;-3,6714090498463267e-06;2;1708;1,8171690073987623
1,8145600000000002;41675,2;-4,873852064011011e-06;2;1709;1,8147538456807837
1,8121200000000002;41699,59999999999;-4,108948571688762e-06;2;1710;1,8125037428831072
1,8096800000000002;41723,99999999999;-4,472965076415342e-06;2;1711;1,8100600257305495
1,8072400000000002;41748,399999999994;-4,206740959184603e-06;2;1712;1,807302937246404
1,8048000000000002;41772,799999999996;-3,768677861197957e-06;2;1713;1,804860146585711
1,8023600000000002;41797,2;-4,060355858606131e-06;2;1714;1,8021917364370361
1,7999200000000002;41821,59999999999;-4,128516801132392e-06;2;1715;1,8000443169104359
1,7974800000000002;41845,99999999999;-3,60490856406487e-06;2;1716;1,7973925882954414
1,7950400000000002;41870,399999999994;-4,451133406224432e-06;2;1717;1,794519965224322
1,7926000000000002;41894,799999999996;-4,028144329618624e-06;2;1718;1,792737295739677
1,7901600000000002;41919,2;-3,835372367801752e-06;2;1719;1,7898527109244238
1,7877200000000002;41943,59999999999;-3,9927596149840265e-06;2;1720;1,7881664749647748
1,7852800000000002;41967,99999999999;-4,3489825906385e-06;2;1721;1,7858375269479168
1,7828400000000002;41992,399999999994;-4,006770297254515e-06;2;1722;1,7830683858456984
1,7804000000000002;42016,799999999996;-3,7577463766522744e-06;2;1723;1,7800899516801743
1,7779600000000002;42041,2;-3,892825038331346e-06;2;1724;1,777988875059413
1,7755200000000002;42065,59999999999;-3,9046926036525555e-06;2;1725;1,7752164849754837
1,7730800000000002;42089,99999999999;-3,9077656236284404e-06;2;1726;1,772855792352382
1,7706400000000002;42114,399999999994;-3,959442526098107e-06;2;1727;1,7703711257342638
1,7682000000000002;42138,799999999996;-4,372378275549833e-06;2;1728;1,7681645193923912
1,7657600000000002;42163,2;-4,092730691990918e-06;2;1729;1,7657914806915254
1,7633200000000002;42187,59999999999;-3,8707487294471725e-06;2;1730;1,7632982956730778
1,7608800000000002;42211,99999999999;-4,934352799439964e-06;2;1731;1,7609735112617915
1,7584400000000002;42236,399999999994;-3,77284665029225e-06;2;1732;1,758135226910429
1,7560000000000002;42260,799999999996;-3,898772702829503e-06;2;1733;1,7563383739713858
1,7535600000000002;42285,2;-4,3252539562122785e-06;2;1734;1,7538772560760383
1,7511200000000002;42309,59999999999;-4,2239050744444e-06;2;1735;1,750936246474152
1,7486800000000002;42333,99999999999;-4,061152434935339e-06;2;1736;1,7488090427043084
1,7462400000000002;42358,399999999994;-3,8759695599192044e-06;2;1737;1,7460468738777914
1,7438000000000002;42382,799999999996;-4,112208043425402e-06;2;1738;1,7435500879834622
1,7413600000000002;42407,2;-3,6498991187241958e-06;2;1739;1,7413439164835165
1,7389200000000002;42431,59999999999;-3,876062369186167e-06;2;1740;1,7392039275098659
1,7364800000000002;42455,99999999999;-4,235971476567932e-06;2;1741;1,7364074386815633
1,7340400000000002;42480,399999999994;-4,14135463244892e-06;2;1742;1,7341248524945334
1,7316000000000003;42504,799999999996;-3,931726171711948e-06;2;1743;1,7316872943934851
1,7291600000000003;42529,2;-3,7814878513642888e-06;2;1744;1,7287594919924054
1,7267200000000003;42553,59999999999;-3,795995420350229e-06;2;1745;1,7258665168175589
1,7242800000000003;42577,99999999999;-4,029278190739426e-06;2;1746;1,7238511781442816
1,7218400000000003;42602,399999999994;-3,955151553289555e-06;2;1747;1,721657688939495
1,7194000000000003;42626,799999999996;-4,0075303823649954e-06;2;1748;1,7191579772214842
1,7169600000000003;42651,2;-3,753403094850212e-06;2;1749;1,7166740279668287
1,7145200000000003;42675,59999999999;-4,295873429890679e-06;2;1750;1,7139753958943036
1,7120800000000003;42699,99999999999;-3,819147269822701e-06;2;1751;1,7121464989713346
1,7096400000000003;42724,399999999994;-4,555720999334035e-06;2;1752;1,7099533733376093
1,7072000000000003;42748,799999999996;-3,864690195515535e-06;2;1753;1,7076093784278816
1,7047600000000003;42773,2;-3,923136241521659e-06;2;1754;1,7049284191426455
1,7023200000000003;42797,59999999999;-4,0001123348515155e-06;2;1755;1,7020906605224404
1,6998800000000003;42821,99999999999;-4,639782891544434e-06;2;1756;1,7000369018649233
1,6974400000000003;42846,399999999994;-3,5299828746949266e-06;2;1757;1,6968844814156858
1,6950000000000003;42870,799999999996;-3,7304767556021195e-06;2;1758;1,695264494728635
1,6925600000000003;42895,2;-3,992365602710147e-06;2;1759;1,6928217591362371
1,6901200000000003;42919,59999999999;-3,862387907056985e-06;2;1760;1,6898602339029376
1,6876800000000003;42943,99999999999;-4,281814755399902e-06;2;1761;1,687766685246788
1,6852400000000003;42968,399999999994;-3,8463181679151855e-06;2;1762;1,6853332144031463
1,6828000000000003;42992,799999999996;-3,5319739738554674e-06;2;1763;1,6828417867643863
1,6803600000000003;43017,19999999999;-4,353425799090636e-06;2;1764;1,6809006037889742
1,6779200000000003;43041,59999999999;-3,1921728815915842e-06;2;1765;1,677962741209758
1,6754800000000003;43065,99999999999;-4,131078819057311e-06;2;1766;1,675118370818438
1,6730400000000003;43090,399999999994;-3,7517777737627485e-06;2;1767;1,6726835040765737
1,6706000000000003;43114,799999999996;-4,247833375003487e-06;2;1768;1,670936790303201
1,6681600000000003;43139,19999999999;-3,882878455598157e-06;2;1769;1,6676811026107894
1,6657200000000003;43163,59999999999;-4,382181967295191e-06;2;1770;1,6657785973121142
1,6632800000000003;43187,99999999999;-4,1976983600199235e-06;2;1771;1,6628120018553183
1,6608400000000003;43212,399999999994;-4,068573345463016e-06;2;1772;1,6610113304510117
1,6584000000000003;43236,799999999996;-4,196746650323245e-06;2;1773;1,658361414615811
1,6559600000000003;43261,19999999999;-4,072429163227979e-06;2;1774;1,6562614717004709
1,6535200000000003;43285,59999999999;-3,707214320147667e-06;2;1775;1,653074736187383
1,6510800000000003;43309,99999999999;-4,38312575181048e-06;2;1776;1,6506311343232742
1,6486400000000003;43334,399999999994;-4,35872614426139e-06;2;1777;1,6485508201547712
1,6462000000000003;43358,799999999996;-3,985882422562721e-06;2;1778;1,6460312964693997
1,6437600000000003;43383,19999999999;-4,1692571074450485e-06;2;1779;1,6441210946742468
1,6413200000000003;43407,59999999999;-4,3011249302296906e-06;2;1780;1,641285383509781
1,6388800000000003;43431,99999999999;-3,960390383992277e-06;2;1781;1,6388925843048185
1,6364400000000003;43456,399999999994;-4,169310285508477e-06;2;1782;1,6363476593873991
1,6340000000000003;43480,799999999996;-3,89915817803915e-06;2;1783;1,6344011428277345
1,6315600000000003;43505,19999999999;-4,0119282667810714e-06;2;1784;1,6308959864288735
1,6291200000000003;43529,59999999999;-4,06036472476934e-06;2;1785;1,6290621399578276
1,6266800000000003;43553,99999999999;-4,020472250387927e-06;2;1786;1,6262663302031404
1,6242400000000004;43578,399999999994;-3,6930281479523286e-06;2;1787;1,623745816990637
1,6218000000000004;43602,799999999996;-3,6057689329054094e-06;2;1788;1,622365076185051
1,6193600000000004;43627,19999999999;-4,047881578830227e-06;2;1789;1,6197437343751704
1,6169200000000004;43651,59999999999;-4,308990573292724e-06;2;1790;1,6172162017851721
1,6144800000000004;43675,99999999999;-4,45338779377187e-06;2;1791;1,614228640729976
1,6120400000000004;43700,399999999994;-4,670073770250555e-06;2;1792;1,6121897451707847
1,6096000000000004;43724,799999999996;-4,352787121067549e-06;2;1793;1,609743959193103
1,6071600000000004;43749,19999999999;-4,255696258172052e-06;2;1794;1,607170193173442
1,6047200000000004;43773,59999999999;-4,015761024641129e-06;2;1795;1,604920785627641
1,6022800000000004;43797,99999999999;-4,564162020957748e-06;2;1796;1,6026213209085602
1,5998400000000004;43822,399999999994;-3,5710930255702145e-06;2;1797;1,6000635172857227
1,5974000000000004;43846,799999999996;-3,680933675928178e-06;2;1798;1,5977868861243125
1,5949600000000004;43871,19999999999;-3,6264493063015717e-06;2;1799;1,5952906582395878
1,5925200000000004;43895,59999999999;-4,153867492942253e-06;2;1800;1,5924425471984043
1,5900800000000004;43919,99999999999;-3,926800065392901e-06;2;1801;1,5902602052295625
1,5876400000000004;43944,399999999994;-4,284209755038843e-06;2;1802;1,5872917582632364
1,5852000000000004;43968,799999999996;-3,5350576060735394e-06;2;1803;1,5847180033051922
1,5827600000000004;43993,19999999999;-4,363908011391883e-06;2;1804;1,5830841160983293
1,5803200000000004;44017,59999999999;-4,154088106866506e-06;2;1805;1,5800520046058883
1,5778800000000004;44041,99999999999;-3,5729757656697777e-06;2;1806;1,5779728755813873
1,5754400000000004;44066,399999999994;-3,253056913110268e-06;2;1807;1,5752303392992197
1,5730000000000004;44090,799999999996;-4,027518510011869e-06;2;1808;1,5730111157012343
1,5705600000000004;44115,19999999999;-4,12427085412728e-06;2;1809;1,5709557264819343
1,5681200000000004;44139,59999999999;-4,752140188320148e-06;2;1810;1,5684957860996234
1,5656800000000004;44163,99999999999;-3,4868650238078885e-06;2;1811;1,565638640030587
1,5632400000000004;44188,399999999994;-3,9075459976709045e-06;2;1812;1,5633954296123367
1,5608000000000004;44212,799999999996;-4,5651829203139305e-06;2;1813;1,5607311033263416
1,5583600000000004;44237,19999999999;-3,7385936300339445e-06;2;1814;1,558511637246869
1,5559200000000004;44261,59999999999;-3,815836338227246e-06;2;1815;1,5556242017977027
1,5534800000000004;44285,99999999999;-4,106320635426034e-06;2;1816;1,5537569896331953
1,5510400000000004;44310,399999999994;-4,1673516857030374e-06;2;1817;1,5511615774242724
1,5486000000000004;44334,799999999996;-3,7809632050700515e-06;2;1818;1,5483750086207535
1,5461600000000004;44359,19999999999;-3,9298172308434806e-06;2;1819;1,5465135062997426
1,5437200000000004;44383,59999999999;-3,853950767853149e-06;2;1820;1,543605359772543
1,5412800000000004;44407,99999999999;-3,63205247120368e-06;2;1821;1,54088934405879
1,5388400000000004;44432,399999999994;-3,642043936567741e-06;2;1822;1,538833480476109
1,5364000000000004;44456,79999999999;-3,7718470236757193e-06;2;1823;1,5364776991164102
1,5339600000000004;44481,19999999999;-3,824415577978346e-06;2;1824;1,5341941775292762
1,5315200000000004;44505,59999999999;-4,38345644142691e-06;2;1825;1,5314778350802747
1,5290800000000004;44529,99999999999;-4,33463881073248e-06;2;1826;1,5294135467779217
1,5266400000000004;44554,399999999994;-3,7544442828476855e-06;2;1827;1,5267648899011859
1,5242000000000004;44578,79999999999;-3,805840303671599e-06;2;1828;1,5239835432073086
1,5217600000000004;44603,19999999999;-3,844546655263877e-06;2;1829;1,5217062969274393
1,5193200000000004;44627,59999999999;-3,747897062367671e-06;2;1830;1,5197575380619381
1,5168800000000005;44651,99999999999;-4,1662022665782546e-06;2;1831;1,5163389417381676
1,5144400000000005;44676,399999999994;-3,830524277683588e-06;2;1832;1,5148192664347178
1,5120000000000005;44700,79999999999;-4,296665657373668e-06;2;1833;1,5117977851494797
1,5095600000000005;44725,19999999999;-3,981287359695036e-06;2;1834;1,5098181898131702
1,5071200000000005;44749,59999999999;-3,72120366648781e-06;2;1835;1,506982542133243
1,5046800000000005;44773,99999999999;-4,203060843316506e-06;2;1836;1,504943218307929
1,5022400000000005;44798,399999999994;-3,414129176215586e-06;2;1837;1,5024498090618632
1,4998000000000005;44822,79999999999;-3,6597777633010313e-06;2;1838;1,4992484408250761
1,4973600000000005;44847,19999999999;-3,588369522303663e-06;2;1839;1,496832071467732
1,4949200000000005;44871,59999999999;-4,063348648191233e-06;2;1840;1,4947912808574164
1,4924800000000005;44895,99999999999;-4,416686620354933e-06;2;1841;1,4921372414904226
1,4900400000000005;44920,399999999994;-4,2095788017880455e-06;2;1842;1,4897244652877573
1,4876000000000005;44944,79999999999;-3,834501826790996e-06;2;1843;1,4878388291136002
1,4851600000000005;44969,19999999999;-4,083702896343393e-06;2;1844;1,4849943051494965
1,4827200000000005;44993,6;-3,783592506280465e-06;2;1845;1,482512772839167
1,4802800000000005;45018,0;-3,954865654532476e-06;2;1846;1,4801195262767362
1,4778400000000005;45042,4;-4,176928331252257e-06;2;1847;1,4775056739716466
1,4754000000000005;45066,8;-3,719737696799629e-06;2;1848;1,4752323716548381
1,4729600000000005;45091,2;-3,5944789545365528e-06;2;1849;1,4726920679783477
1,4705200000000005;45115,6;-4,219647212092697e-06;2;1850;1,4710234062498555
1,4680800000000005;45140,0;-3,8464302486340725e-06;2;1851;1,4684847667061343
1,4656400000000005;45164,4;-3,953024371423622e-06;2;1852;1,465662774093498
1,4632000000000005;45188,8;-3,915738820405826e-06;2;1853;1,4635597936049767
1,4607600000000005;45213,2;-4,031235054380417e-06;2;1854;1,4609634232657263
1,4583200000000005;45237,6;-4,375807343813585e-06;2;1855;1,4582672177289693
1,4558800000000005;45262,0;-3,5771458906731606e-06;2;1856;1,455871514552876
1,4534400000000005;45286,4;-4,313080685114658e-06;2;1857;1,453395312058601
1,4510000000000005;45310,8;-4,261191137285054e-06;2;1858;1,4515089580316736
1,4485600000000005;45335,2;-3,8031221728935147e-06;2;1859;1,4488619743438
1,4461200000000005;45359,6;-3,946041029520475e-06;2;1860;1,4460033106703754
1,4436800000000005;45384,0;-4,2388147051246395e-06;2;1861;1,4433800140163588
1,4412400000000005;45408,4;-4,1972679329194345e-06;2;1862;1,440965299285691
1,4388000000000005;45432,8;-4,047613099180464e-06;2;1863;1,4388388831726806
1,4363600000000005;45457,2;-4,130828642554803e-06;2;1864;1,436520610403867
1,4339200000000005;45481,6;-3,8060462328305675e-06;2;1865;1,4340202959027557
1,4314800000000005;45506,0;-4,349270012022597e-06;2;1866;1,4312186536584846
1,4290400000000005;45530,4;-3,891008224497122e-06;2;1867;1,4291076637991167
1,4266000000000005;45554,8;-3,540844139955464e-06;2;1868;1,4268424971442841
1,4241600000000005;45579,2;-3,9395960902001e-06;2;1869;1,4235468001834832
1,4217200000000005;45603,6;-4,266492938833023e-06;2;1870;1,4214000354024838
1,4192800000000005;45628,0;-4,2169166353137085e-06;2;1871;1,4189549958239205
1,4168400000000005;45652,4;-3,986905928538635e-06;2;1872;1,4166840658381972
1,4144000000000005;45676,8;-4,187269684509611e-06;2;1873;1,414334542907009
1,4119600000000005;45701,2;-3,6296249703609323e-06;2;1874;1,4117296017223118
1,4095200000000006;45725,6;-4,552120961685868e-06;2;1875;1,4095219837650173
1,4070800000000006;45750,0;-3,5083172146365558e-06;2;1876;1,406240949165108
1,4046400000000006;45774,4;-4,607503219060527e-06;2;1877;1,4046746121650968
1,4022000000000006;45798,8;-4,012309159574685e-06;2;1878;1,4019420289677713
1,3997600000000006;45823,2;-4,324898389429998e-06;2;1879;1,4002602434842712
1,3973200000000006;45847,6;-3,753951995094909e-06;2;1880;1,3968360548162269
1,3948800000000006;45872,0;-4,232217316822656e-06;2;1881;1,3944805046004605
1,3924400000000006;45896,4;-4,339927824079896e-06;2;1882;1,3921625340570152
1,3900000000000006;45920,8;-4,102015229347098e-06;2;1883;1,3903594859146857
1,3875600000000006;45945,2;-4,123310620195139e-06;2;1884;1,3871291389865048
1,3851200000000006;45969,6;-4,580517332847404e-06;2;1885;1,385155672760622
1,3826800000000006;45994,0;-3,863653744202424e-06;2;1886;1,3830021049901093
1,3802400000000006;46018,4;-4,717796539346316e-06;2;1887;1,3803087710243571
1,3778000000000006;46042,8;-3,6471080136848295e-06;2;1888;1,3773792610736346
1,3753600000000006;46067,2;-4,099028996428178e-06;2;1889;1,3753375983290776
1,3729200000000006;46091,6;-3,714107838349254e-06;2;1890;1,3728811278064896
1,3704800000000006;46116,0;-4,1801776778623876e-06;2;1891;1,3703695245476002
1,3680400000000006;46140,4;-4,237942704972982e-06;2;1892;1,3678001009625373
1,3656000000000006;46164,799999999996;-3,804486517964532e-06;2;1893;1,3657968633895747
1,3631600000000006;46189,2;-4,175253276452833e-06;2;1894;1,363222659439535
1,3607200000000006;46213,6;-4,464293576056669e-06;2;1895;1,3610115845907078
1,3582800000000006;46238,0;-4,026135231313941e-06;2;1896;1,3585408352279267
1,3558400000000006;46262,4;-4,41313348197002e-06;2;1897;1,3555995559879161
1,3534000000000006;46286,799999999996;-4,003885213857654e-06;2;1898;1,3532191194271421
1,3509600000000006;46311,2;-3,586331659631124e-06;2;1899;1,3514916567904829
1,3485200000000006;46335,6;-3,711213476608884e-06;2;1900;1,3478606578073944
1,3460800000000006;46360,0;-3,999458966119942e-06;2;1901;1,346467101028809
1,3436400000000006;46384,4;-4,04973061765843e-06;2;1902;1,3441190678561095
1,3412000000000006;46408,799999999996;-4,095051150237308e-06;2;1903;1,3412058699891571
1,3387600000000006;46433,2;-4,19127970099487e-06;2;1904;1,3389366654307355
1,3363200000000006;46457,6;-3,893494487882942e-06;2;1905;1,3372403114356624
1,3338800000000006;46482,0;-4,04738277225319e-06;2;1906;1,3336294430440487
1,3314400000000006;46506,4;-4,114527600674915e-06;2;1907;1,3317831036428411
1,3290000000000006;46530,799999999996;-3,919004166542082e-06;2;1908;1,3291847668744257
1,3265600000000006;46555,2;-4,605532163698264e-06;2;1909;1,3264106280858592
1,3241200000000006;46579,6;-3,413075769377132e-06;2;1910;1,3244347464728683
1,3216800000000006;46604,0;-3,8109803737516514e-06;2;1911;1,3219115164984656
1,3192400000000006;46628,4;-4,4181502510078846e-06;2;1912;1,3190850125035616
1,3168000000000006;46652,799999999996;-3,96550805517722e-06;2;1913;1,317183947474204
1,3143600000000006;46677,2;-4,338748333890458e-06;2;1914;1,3142244901400473
1,3119200000000006;46701,6;-4,161804099769038e-06;2;1915;1,3119163639392568
1,3094800000000006;46726,0;-4,268557261686884e-06;2;1916;1,3095750287431993
1,3070400000000006;46750,4;-3,6724670509512236e-06;2;1917;1,3075835319725935
1,3046000000000006;46774,799999999996;-4,576246239031464e-06;2;1918;1,3050159386598037
1,3021600000000007;46799,2;-4,1063451491349384e-06;2;1919;1,3024527712847436
1,2997200000000007;46823,6;-4,494746979629885e-06;2;1920;1,2996468852841074
1,2972800000000007;46848,0;-4,006163973306345e-06;2;1921;1,2976187663000913
1,2948400000000007;46872,4;-4,0953425241084084e-06;2;1922;1,294320856615101
1,2924000000000007;46896,799999999996;-4,422047162312324e-06;2;1923;1,2921509089534446
1,2899600000000007;46921,2;-3,5681119688707126e-06;2;1924;1,2902806027987628
1,2875200000000007;46945,6;-3,5310005635961572e-06;2;1925;1,2877645216055718
1,2850800000000007;46970,0;-4,1692893757108285e-06;2;1926;1,2855445495900646
1,2826400000000007;46994,4;-3,843457395525392e-06;2;1927;1,2831116347536204
1,2802000000000007;47018,799999999996;-4,044679128518713e-06;2;1928;1,2801554992358124
1,2777600000000007;47043,2;-3,927006229426244e-06;2;1929;1,2774295600060481
1,2753200000000007;47067,6;-3,5404005161745635e-06;2;1930;1,2748781467621189
1,2728800000000007;47092,0;-4,080633401510677e-06;2;1931;1,2730358599472682
1,2704400000000007;47116,4;-3,462392434356963e-06;2;1932;1,2705959606984092
1,2680000000000007;47140,799999999996;-4,086502649371414e-06;2;1933;1,2686960442641235
1,2655600000000007;47165,2;-4,02811194126153e-06;2;1934;1,2655001033004092
1,2631200000000007;47189,6;-3,433252152915813e-06;2;1935;1,263408417857763
1,2606800000000007;47214,0;-3,917483905785142e-06;2;1936;1,2613749643347474
1,2582400000000007;47238,4;-4,609633295515965e-06;2;1937;1,2585058396202735
1,2558000000000007;47262,799999999996;-3,9326117450902285e-06;2;1938;1,2565095904559047
1,2533600000000007;47287,2;-4,384610442589731e-06;2;1939;1,253745109786329
1,2509200000000007;47311,6;-4,498837274080788e-06;2;1940;1,2507188737672652
1,2484800000000007;47336,0;-4,282851265803614e-06;2;1941;1,2481137654601662
1,2460400000000007;47360,4;-3,9022363642937865e-06;2;1942;1,2460969406791798
1,2436000000000007;47384,799999999996;-4,334072919534991e-06;2;1943;1,2438933715600637
1,2411600000000007;47409,2;-4,420442397838886e-06;2;1944;1,2410668071066158
1,2387200000000007;47433,6;-4,113995605011254e-06;2;1945;1,2391025835181224
1,2362800000000007;47458,0;-3,878686332647571e-06;2;1946;1,2364009672787244
1,2338400000000007;47482,4;-4,208985478591935e-06;2;1947;1,233807367761759
1,2314000000000007;47506,799999999996;-4,392005462700076e-06;2;1948;1,2313726281223574
1,2289600000000007;47531,2;-4,651884975633324e-06;2;1949;1,228889906239307
1,2265200000000007;47555,6;-4,232940675923092e-06;2;1950;1,2264925546711944
1,2240800000000007;47580,0;-3,746790232292646e-06;2;1951;1,2240401986040987
1,2216400000000007;47604,399999999994;-3,699458634257396e-06;2;1952;1,2217977993780467
1,2192000000000007;47628,799999999996;-3,7631453050940066e-06;2;1953;1,2188105776315095
1,2167600000000007;47653,2;-4,052679261004609e-06;2;1954;1,216601927044408
1,2143200000000007;47677,6;-3,961289732666901e-06;2;1955;1,214003214257401
1,2118800000000007;47702,0;-3,619787489181723e-06;2;1956;1,2113417725127396
1,2094400000000007;47726,399999999994;-4,260705245782744e-06;2;1957;1,2094127136371258
1,2070000000000007;47750,799999999996;-3,890882963548241e-06;2;1958;1,2061880207367115
1,2045600000000007;47775,2;-4,561378302289084e-06;2;1959;1,2041268803273333
1,2021200000000007;47799,6;-3,7954239648702643e-06;2;1960;1,201923747540232
1,1996800000000007;47824,0;-4,135430192785327e-06;2;1961;1,1991762279261953
1,1972400000000007;47848,399999999994;-4,346810871840434e-06;2;1962;1,1972234582395402
1,1948000000000008;47872,799999999996;-3,7682755645927506e-06;2;1963;1,1950879091872522
1,1923600000000008;47897,2;-4,33350069526502e-06;2;1964;1,1922995730421766
1,1899200000000008;47921,6;-4,260319331816356e-06;2;1965;1,1895556785581418
1,1874800000000008;47946,0;-3,539094084527657e-06;2;1966;1,1877595170042305
1,1850400000000008;47970,399999999994;-4,31395208853748e-06;2;1967;1,1852124134323931
1,1826000000000008;47994,799999999996;-4,196951199166987e-06;2;1968;1,1822172963727915
1,1801600000000008;48019,2;-4,205131349161302e-06;2;1969;1,180388858238202
1,1777200000000008;48043,6;-3,764720213418345e-06;2;1970;1,1777172916005094
1,1752800000000008;48068,0;-4,550939701500293e-06;2;1971;1,1752936544620884
1,1728400000000008;48092,399999999994;-3,6250533825440284e-06;2;1972;1,172730997414025
1,1704000000000008;48116,799999999996;-4,073184350896217e-06;2;1973;1,170224989383516
1,1679600000000008;48141,2;-4,09524441890349e-06;2;1974;1,16770401095083
1,1655200000000008;48165,6;-4,2691954825187645e-06;2;1975;1,1655166025248898
1,1630800000000008;48190,0;-4,04383323289337e-06;2;1976;1,1628845941602428
1,1606400000000008;48214,399999999994;-3,559086795388617e-06;2;1977;1,1604991556846271
1,1582000000000008;48238,799999999996;-3,936356402671768e-06;2;1978;1,1583458176174284
1,1557600000000008;48263,2;-4,279981700389216e-06;2;1979;1,155668695465758
1,1533200000000008;48287,6;-4,104433982744509e-06;2;1980;1,152908343007723
1,1508800000000008;48312,0;-3,839899581461316e-06;2;1981;1,1505901035296242
1,1484400000000008;48336,399999999994;-3,9746463334325554e-06;2;1982;1,148708465775667
1,1460000000000008;48360,799999999996;-4,0774456825244324e-06;2;1983;1,146483492709065
1,1435600000000008;48385,2;-3,818889587920148e-06;2;1984;1,143538796403602
1,1411200000000008;48409,6;-3,891944730846503e-06;2;1985;1,1410019279404184
1,1386800000000008;48434,0;-4,323595144309875e-06;2;1986;1,1385591542991425
1,1362400000000008;48458,399999999994;-4,5747651897186054e-06;2;1987;1,1363274316771745
1,1338000000000008;48482,799999999996;-3,850154119952413e-06;2;1988;1,13380568602945
1,1313600000000008;48507,2;-3,4430780066616536e-06;2;1989;1,1320931396358487
1,1289200000000008;48531,6;-4,24654170168326e-06;2;1990;1,1288765112893966
1,1264800000000008;48556,0;-4,04263723054419e-06;2;1991;1,1264431202386875
1,1240400000000008;48580,399999999994;-3,594121138091802e-06;2;1992;1,1242075688332935
1,1216000000000008;48604,799999999996;-3,4784676205840636e-06;2;1993;1,1219342296856727
1,1191600000000008;48629,2;-3,9807997360756536e-06;2;1994;1,119037272341401
1,1167200000000008;48653,6;-3,625466062535664e-06;2;1995;1,1164976786503917
1,1142800000000008;48678,0;-3,7752070621008688e-06;2;1996;1,1142933683093128
1,1118400000000008;48702,399999999994;-4,167156063705391e-06;2;1997;1,1118997679701779
1,1094000000000008;48726,799999999996;-4,606069421093312e-06;2;1998;1,1093841861624107
1,1069600000000008;48751,2;-4,27326931289162e-06;2;1999;1,1075170837877293
1,1045200000000008;48775,6;-3,8896878896183804e-06;2;2000;1,1047087568629101
1,1020800000000008;48800,0;-3,874696438347111e-06;2;2001;1,1024770942837712
1,0996400000000008;48824,399999999994;-4,151163028321471e-06;2;2002;1,0999906729962228
1,0972000000000008;48848,799999999996;-4,2578170198331324e-06;2;2003;1,0967438707498962
1,0947600000000008;48873,2;-4,4806165893566295e-06;2;2004;1,0945608082037188
1,0923200000000008;48897,6;-4,504643743850686e-06;2;2005;1,0922659943277746
1,0898800000000008;48922,0;-4,037198960561907e-06;2;2006;1,0899043621002973
1,0874400000000009;48946,399999999994;-4,47300306948608e-06;2;2007;1,0875130555333834
1,0850000000000009;48970,799999999996;-4,00513536561544e-06;2;2008;1,08473642117129
1,0825600000000009;48995,2;-4,240019239922303e-06;2;2009;1,0827083629286787
1,0801200000000009;49019,6;-4,128496510242724e-06;2;2010;1,07982719931291
1,0776800000000009;49043,99999999999;-3,3630597946956932e-06;2;2011;1,0778675113491711
1,0752400000000009;49068,399999999994;-3,986215113756745e-06;2;2012;1,0756499015706662
1,0728000000000009;49092,799999999996;-4,103784361061766e-06;2;2013;1,0728819882780358
1,0703600000000009;49117,2;-4,052744721379672e-06;2;2014;1,070452288450295
1,0679200000000009;49141,6;-4,442867525281261e-06;2;2015;1,0686013491907755
1,0654800000000009;49165,99999999999;-3,599052908552218e-06;2;2016;1,0655210662305732
1,0630400000000009;49190,399999999994;-3,746481057199385e-06;2;2017;1,0628410815309877
1,0606000000000009;49214,799999999996;-4,160453821563738e-06;2;2018;1,0603298145995839
1,0581600000000009;49239,2;-3,932099169736514e-06;2;2019;1,0580085660287728
1,0557200000000009;49263,6;-4,202390352688109e-06;2;2020;1,0558404879261685
1,0532800000000009;49287,99999999999;-3,882065194926777e-06;2;2021;1,0530838640890752
1,0508400000000009;49312,399999999994;-4,403875062049999e-06;2;2022;1,0511227116665443
1,0484000000000009;49336,799999999996;-3,920776913181032e-06;2;2023;1,048222557980449
1,045960000000001;49361,2;-3,550673287158176e-06;2;2024;1,0456192843996377
1,043520000000001;49385,6;-3,867207252097927e-06;2;2025;1,0433481541907241
1,041080000000001;49409,99999999999;-4,178157172734544e-06;2;2026;1,0412003804558445
1,038640000000001;49434,399999999994;-3,7162394585213143e-06;2;2027;1,038567657946941
1,036200000000001;49458,799999999996;-3,4160490714713783e-06;2;2028;1,0363557161629746
1,033760000000001;49483,2;-3,7819747511588093e-06;2;2029;1,033914338724883
1,031320000000001;49507,6;-3,97212927294493e-06;2;2030;1,0319201762755432
1,028880000000001;49531,99999999999;-4,242011069561607e-06;2;2031;1,029443901583991
1,026440000000001;49556,399999999994;-3,870701592587486e-06;2;2032;1,0265638219939235
1,024000000000001;49580,799999999996;-3,424762700778496e-06;2;2033;1,0242872417272766
1,021560000000001;49605,2;-4,606557950536424e-06;2;2034;1,0216332066995895
1,019120000000001;49629,6;-3,7083600649656713e-06;2;2035;1,0189266358673588
1,016680000000001;49653,99999999999;-3,957264200284289e-06;2;2036;1,016962356753604
1,014240000000001;49678,399999999994;-3,5476515764309395e-06;2;2037;1,0137843792749
1,011800000000001;49702,799999999996;-4,0400979174633326e-06;2;2038;1,012739511919245
1,009360000000001;49727,2;-4,650895082374113e-06;2;2039;1,0092080649402868
1,006920000000001;49751,6;-3,4044101956512614e-06;2;2040;1,0067613613446347
1,004480000000001;49775,99999999999;-4,34972159933666e-06;2;2041;1,0044113957909961
1,002040000000001;49800,399999999994;-3,761878299664535e-06;2;2042;1,00189733341641
0,9996000000000009;49824,799999999996;-4,040315485662553e-06;2;2043;0,998965466075049
0,9971600000000009;49849,2;-4,013992807681567e-06;2;2044;0,9976415194505126
0,9947200000000009;49873,6;-3,960904852878917e-06;2;2045;0,9944535867172101
0,9922800000000009;49897,99999999999;-4,1660295847146165e-06;2;2046;0,9919520120088863
0,9898400000000009;49922,399999999994;-3,946375119793672e-06;2;2047;0,989633411025464
0,9874000000000009;49946,799999999996;-3,910131139477475e-06;2;2048;0,987518926717492
0,984960000000001;49971,2;-3,762039802606734e-06;2;2049;0,9853346755879229
0,982520000000001;49995,6;-3,965102905913524e-06;2;2050;0,9826049756577719
0,980080000000001;50019,99999999999;-3,907094270021193e-06;2;2051;0,9806328890875063
0,977640000000001;50044,399999999994;-3,604342402935312e-06;2;2052;0,978023519563965
0,975200000000001;50068,799999999996;-4,27350354373576e-06;2;2053;0,9751755083345532
0,972760000000001;50093,2;-3,981956593544138e-06;2;2054;0,9724589432173198
0,970320000000001;50117,6;-3,859612415243849e-06;2;2055;0,9706062756957029
0,967880000000001;50141,99999999999;-3,692585430124215e-06;2;2056;0,9679081807155068
0,965440000000001;50166,399999999994;-4,022405083404916e-06;2;2057;0,9655533610080894
0,963000000000001;50190,799999999996;-3,973643911303314e-06;2;2058;0,9631877697248036
0,960560000000001;50215,2;-4,107054983947256e-06;2;2059;0,9606256427619703
0,958120000000001;50239,6;-3,6316207623564596e-06;2;2060;0,958027192489785
0,955680000000001;50263,99999999999;-4,1001803451865195e-06;2;2061;0,9554039133979194
0,953240000000001;50288,399999999994;-3,798376761895713e-06;2;2062;0,9536793511772406
0,950800000000001;50312,799999999996;-4,034667700921755e-06;2;2063;0,9509859014870573
0,948360000000001;50337,2;-3,994997374761201e-06;2;2064;0,948560524853079
0,945920000000001;50361,6;-4,371319036535344e-06;2;2065;0,9457318753714651
0,943480000000001;50385,99999999999;-3,98754407980888e-06;2;2066;0,9436868960436023
0,941040000000001;50410,399999999994;-4,0136131987192e-06;2;2067;0,9407563802559179
0,938600000000001;50434,799999999996;-4,449966923410803e-06;2;2068;0,9383826731144644
0,936160000000001;50459,2;-4,227192239045321e-06;2;2069;0,9366185986937431
0,933720000000001;50483,6;-4,1413952977304245e-06;2;2070;0,934324011097196
0,931280000000001;50507,99999999999;-4,4640368468542946e-06;2;2071;0,9315376679872424
0,928840000000001;50532,399999999994;-4,370767051711803e-06;2;2072;0,9282766433375357
0,926400000000001;50556,799999999996;-3,5649482073181973e-06;2;2073;0,9265748193202303
0,923960000000001;50581,2;-4,315018272474267e-06;2;2074;0,9236463916006524
0,921520000000001;50605,59999999999;-4,2632406063737815e-06;2;2075;0,9217319665155244
0,919080000000001;50629,99999999999;-4,4251867895180265e-06;2;2076;0,9195150140564604
0,916640000000001;50654,399999999994;-3,638472973580407e-06;2;2077;0,9166065166589346
0,914200000000001;50678,799999999996;-3,731462319200817e-06;2;2078;0,9136670547095734
0,911760000000001;50703,2;-3,911705416562444e-06;2;2079;0,9116723453049245
0,909320000000001;50727,59999999999;-3,982152537953573e-06;2;2080;0,9089977919036333
0,906880000000001;50751,99999999999;-4,15525024281849e-06;2;2081;0,9068535034098948
0,904440000000001;50776,399999999994;-4,093283577326214e-06;2;2082;0,9043042045451012
0,902000000000001;50800,799999999996;-4,210489635918864e-06;2;2083;0,9024528939015627
0,899560000000001;50825,2;-3,811055388653944e-06;2;2084;0,8988757972643494
0,897120000000001;50849,59999999999;-3,8011800760471474e-06;2;2085;0,8969155739843229
0,894680000000001;50873,99999999999;-3,7353633749620284e-06;2;2086;0,8945540307240795
0,892240000000001;50898,399999999994;-3,3948080259738303e-06;2;2087;0,8920300648769126
0,889800000000001;50922,799999999996;-3,7976620960337994e-06;2;2088;0,8897618526963568
0,887360000000001;50947,2;-3,81980223348493e-06;2;2089;0,8874734717228355
0,884920000000001;50971,59999999999;-3,7094117861619194e-06;2;2090;0,885474111542795
0,882480000000001;50995,99999999999;-4,473497341526131e-06;2;2091;0,8824739389225355
0,880040000000001;51020,399999999994;-4,009861087980143e-06;2;2092;0,8794635099195939
0,877600000000001;51044,799999999996;-4,465431847616374e-06;2;2093;0,877551604938575
0,875160000000001;51069,2;-3,538919674517936e-06;2;2094;0,8750325594412457
0,872720000000001;51093,59999999999;-4,160427250890931e-06;2;2095;0,8730054329032297
0,870280000000001;51117,99999999999;-3,4810323964099123e-06;2;2096;0,8702029740206361
0,867840000000001;51142,399999999994;-3,694971717412412e-06;2;2097;0,8682174342006934
0,8654000000000011;51166,799999999996;-4,1795758471928685e-06;2;2098;0,8649713898917107
0,8629600000000011;51191,2;-4,512328168038141e-06;2;2099;0,8622694345436326
0,8605200000000011;51215,59999999999;-4,3521141504953085e-06;2;2100;0,8606844531668216
0,8580800000000011;51239,99999999999;-3,703821436307524e-06;2;2101;0,8584431755995824
0,8556400000000011;51264,399999999994;-4,112376184754581e-06;2;2102;0,8554471180492962
0,8532000000000011;51288,799999999996;-4,460937962771448e-06;2;2103;0,8533511790498952
0,8507600000000011;51313,2;-4,084553091334074e-06;2;2104;0,8506810243099594
0,8483200000000011;51337,59999999999;-3,5099357497987123e-06;2;2105;0,8489352205232593
0,8458800000000011;51361,99999999999;-3,535606027404203e-06;2;2106;0,8461800094394629
0,8434400000000011;51386,399999999994;-4,160954799965262e-06;2;2107;0,843527544911076
0,8410000000000011;51410,799999999996;-3,927269384932569e-06;2;2108;0,8410557004618775
0,8385600000000011;51435,2;-3,836579156909179e-06;2;2109;0,8390392094121213
0,8361200000000011;51459,59999999999;-4,464876151264212e-06;2;2110;0,8361750749413676
0,8336800000000011;51483,99999999999;-4,181752748990118e-06;2;2111;0,8337465738455412
0,8312400000000011;51508,399999999994;-4,14427599757387e-06;2;2112;0,8312729031244226
0,8288000000000011;51532,799999999996;-3,902239834068304e-06;2;2113;0,8289506126865913
0,8263600000000011;51557,2;-4,177377895010012e-06;2;2114;0,8270828942141605
0,8239200000000011;51581,59999999999;-4,444365117495332e-06;2;2115;0,8238395100293753
0,8214800000000011;51605,99999999999;-3,928779054893869e-06;2;2116;0,8217152399378881
0,8190400000000011;51630,399999999994;-4,219567030497063e-06;2;2117;0,8187619964443471
0,8166000000000011;51654,799999999996;-4,396290169927016e-06;2;2118;0,8166988307530595
0,8141600000000011;51679,2;-4,396530771262573e-06;2;2119;0,8136605008221817
0,8117200000000011;51703,59999999999;-4,0968307801534914e-06;2;2120;0,8121923138668337
0,8092800000000011;51727,99999999999;-3,5956821030425436e-06;2;2121;0,8095762728798046
0,8068400000000011;51752,399999999994;-4,0844626010050684e-06;2;2122;0,8068710460702349
0,8044000000000011;51776,799999999996;-3,7112998836388696e-06;2;2123;0,8040364019003919
0,8019600000000011;51801,2;-4,708255864887178e-06;2;2124;0,8026167234175331
0,7995200000000011;51825,59999999999;-4,287235527040097e-06;2;2125;0,8000819762662054
0,7970800000000011;51849,99999999999;-4,414298275618307e-06;2;2126;0,7967473528820529
0,7946400000000011;51874,399999999994;-4,1205768357529385e-06;2;2127;0,7944310027194759
0,7922000000000011;51898,799999999996;-3,8085072237169826e-06;2;2128;0,7920036477346085
0,7897600000000011;51923,2;-4,204909175831886e-06;2;2129;0,7895871734772041
0,7873200000000011;51947,59999999999;-4,41576988055852e-06;2;2130;0,7872109459138776
0,7848800000000011;51971,99999999999;-3,7596053503361443e-06;2;2131;0,7849509700311083
0,7824400000000011;51996,399999999994;-4,274125102378511e-06;2;2132;0,7820803347207562
0,7800000000000011;52020,799999999996;-3,965331364375664e-06;2;2133;0,7802967623948972
0,7775600000000011;52045,19999999999;-4,248268653475225e-06;2;2134;0,7775356826310679
0,7751200000000011;52069,59999999999;-3,8953614572457305e-06;2;2135;0,7751112668137823
0,7726800000000011;52093,99999999999;-4,167354863805838e-06;2;2136;0,7731013304222046
0,7702400000000011;52118,399999999994;-3,8155982149503735e-06;2;2137;0,7706076447921062
0,7678000000000011;52142,799999999996;-3,869764874940928e-06;2;2138;0,7678235858025776
0,7653600000000012;52167,19999999999;-3,3916741332708084e-06;2;2139;0,7652371115416815
0,7629200000000012;52191,59999999999;-4,08416660097851e-06;2;2140;0,7630452173664037
0,7604800000000012;52215,99999999999;-4,354846041336189e-06;2;2141;0,7603939664200909
0,7580400000000012;52240,399999999994;-4,412789817720042e-06;2;2142;0,7583664976974424
0,7556000000000012;52264,799999999996;-4,245936085467042e-06;2;2143;0,7552134961763833
0,7531600000000012;52289,19999999999;-3,956514088262786e-06;2;2144;0,7530233378044956
0,7507200000000012;52313,59999999999;-4,285707282650421e-06;2;2145;0,7505879374744568
0,7482800000000012;52337,99999999999;-3,618407868700596e-06;2;2146;0,7482067444300801
0,7458400000000012;52362,399999999994;-4,016631072757678e-06;2;2147;0,7458510093204032
0,7434000000000012;52386,799999999996;-4,372553834806249e-06;2;2148;0,7432678574130891
0,7409600000000012;52411,19999999999;-4,2211522900410776e-06;2;2149;0,7405780058731909
0,7385200000000012;52435,59999999999;-4,276698582599865e-06;2;2150;0,7385146809203931
0,7360800000000012;52459,99999999999;-4,034725913251473e-06;2;2151;0,7363537729972911
0,7336400000000012;52484,399999999994;-4,398947002284436e-06;2;2152;0,7329812395855329
0,7312000000000012;52508,799999999996;-3,7099854346919814e-06;2;2153;0,7312387301821042
0,7287600000000012;52533,19999999999;-4,204822266424168e-06;2;2154;0,7288144684509923
0,7263200000000012;52557,59999999999;-4,172587098106896e-06;2;2155;0,726620364408353
0,7238800000000012;52581,99999999999;-3,828055158584181e-06;2;2156;0,723706904660995
0,7214400000000012;52606,399999999994;-4,333266280622074e-06;2;2157;0,7214448177105259
0,7190000000000012;52630,799999999996;-4,112992702825499e-06;2;2158;0,7191838691110328
0,7165600000000012;52655,19999999999;-3,5789106643080454e-06;2;2159;0,7164306918987728
0,7141200000000012;52679,59999999999;-3,997366954778967e-06;2;2160;0,714036158284981
0,7116800000000012;52703,99999999999;-4,036844830524033e-06;2;2161;0,7115854605015398
0,7092400000000012;52728,399999999994;-4,272343996796819e-06;2;2162;0,7088392595404165
0,7068000000000012;52752,799999999996;-4,4322883543741326e-06;2;2163;0,7069751458611331
0,7043600000000012;52777,19999999999;-3,6141274232113833e-06;2;2164;0,7044851363937396
0,7019200000000012;52801,59999999999;-4,191724941215681e-06;2;2165;0,7019417006731395
0,6994800000000012;52825,99999999999;-3,5793921835840945e-06;2;2166;0,6992190690012089
0,6970400000000012;52850,399999999994;-4,359235845042076e-06;2;2167;0,6971498010871074
0,6946000000000012;52874,799999999996;-3,7830466297259048e-06;2;2168;0,6946630722009368
0,6921600000000012;52899,19999999999;-4,226786394791638e-06;2;2169;0,6919956998506983
0,6897200000000012;52923,59999999999;-4,046016464690524e-06;2;2170;0,6892832040539458
0,6872800000000012;52947,99999999999;-3,8121058846786403e-06;2;2171;0,6874154221378026
0,6848400000000012;52972,399999999994;-4,050940800499011e-06;2;2172;0,6848393309056359
0,6824000000000012;52996,799999999996;-3,9491336435036096e-06;2;2173;0,6826115900435563
0,6799600000000012;53021,19999999999;-4,665521968532624e-06;2;2174;0,679602494339319
0,6775200000000012;53045,59999999999;-4,341828815384201e-06;2;2175;0,6767674327118111
0,6750800000000012;53069,99999999999;-3,5974343868760867e-06;2;2176;0,6751808001221578
0,6726400000000012;53094,399999999994;-4,287060891790699e-06;2;2177;0,672580015300457
0,6702000000000012;53118,799999999996;-4,130475275123674e-06;2;2178;0,6698353695315878
0,6677600000000012;53143,19999999999;-4,283009990968826e-06;2;2179;0,6676027950058996
0,6653200000000012;53167,59999999999;-4,428859809307708e-06;2;2180;0,6651994107134973
0,6628800000000012;53191,99999999999;-4,69920193743261e-06;2;2181;0,6626369896002517
0,6604400000000012;53216,399999999994;-4,6024096614645344e-06;2;2182;0,6606421762848623
0,6580000000000013;53240,799999999996;-3,76433471022513e-06;2;2183;0,6574793729499975
0,6555600000000013;53265,19999999999;-4,3023696441192005e-06;2;2184;0,6549749792165354
0,6531200000000013;53289,59999999999;-4,645178304988447e-06;2;2185;0,6524484648398988
0,6506800000000013;53313,99999999999;-4,569990209150128e-06;2;2186;0,6507824287359034
0,6482400000000013;53338,399999999994;-4,04733992468669e-06;2;2187;0,6472846425613847
0,6458000000000013;53362,799999999996;-4,604487340886564e-06;2;2188;0,6458605277562963
0,6433600000000013;53387,19999999999;-4,519311021312048e-06;2;2189;0,6434562435377116
0,6409200000000013;53411,59999999999;-4,678461733582168e-06;2;2190;0,6408804121962507
0,6384800000000013;53435,99999999999;-4,733394268582884e-06;2;2191;0,6385063454699819
0,6360400000000013;53460,399999999994;-3,8735525512416195e-06;2;2192;0,6362742289118974
0,6336000000000013;53484,799999999996;-4,423601013636721e-06;2;2193;0,6334483836971466
0,6311600000000013;53509,19999999999;-4,491312819965646e-06;2;2194;0,6311575786813733
0,6287200000000013;53533,59999999999;-4,589302043550491e-06;2;2195;0,6292940609184337
0,6262800000000013;53557,99999999999;-4,209634533151888e-06;2;2196;0,6261721443643706
0,6238400000000013;53582,399999999994;-4,419946699661076e-06;2;2197;0,6237551334995556
0,6214000000000013;53606,79999999999;-4,3662360337880316e-06;2;2198;0,6216241405693029
0,6189600000000013;53631,19999999999;-4,428980749617372e-06;2;2199;0,6190496037546694
0,6165200000000013;53655,59999999999;-4,593910178901056e-06;2;2200;0,6165068240916138
0,6140800000000013;53679,99999999999;-4,6482448139608035e-06;2;2201;0,6141420790622713
0,6116400000000013;53704,399999999994;-5,042325912368229e-06;2;2202;0,611446877279921
0,6092000000000013;53728,79999999999;-4,687899876145005e-06;2;2203;0,6092157199024227
0,6067600000000013;53753,19999999999;-3,910466789391427e-06;2;2204;0,6070604726227247
0,6043200000000013;53777,59999999999;-4,951212818166569e-06;2;2205;0,604389164676376
0,6018800000000013;53801,99999999999;-4,598621979390009e-06;2;2206;0,6015315159690561
0,5994400000000013;53826,399999999994;-4,520496612446333e-06;2;2207;0,5991558291330462
0,5970000000000013;53850,79999999999;-4,285042276276608e-06;2;2208;0,5965321592100997
0,5945600000000013;53875,19999999999;-3,8685840428959085e-06;2;2209;0,5946409513777161
0,5921200000000013;53899,59999999999;-4,8087323809629625e-06;2;2210;0,5924348615109096
0,5896800000000013;53923,99999999999;-4,977289242975124e-06;2;2211;0,5894927373756171
0,5872400000000013;53948,399999999994;-4,421439056545834e-06;2;2212;0,5876800634411065
0,5848000000000013;53972,79999999999;-4,701819094067931e-06;2;2213;0,5846462690261055
0,5823600000000013;53997,19999999999;-4,1909698751964205e-06;2;2214;0,5818839795105598
0,5799200000000013;54021,59999999999;-4,603407130375709e-06;2;2215;0,5797305291784707
0,5774800000000013;54045,99999999999;-5,050770005748753e-06;2;2216;0,5775634625591152
0,5750400000000013;54070,399999999994;-4,9392770527331e-06;2;2217;0,5750687690474604
0,5726000000000013;54094,79999999999;-4,784600185170753e-06;2;2218;0,5725891251003381
0,5701600000000013;54119,19999999999;-4,793638125969335e-06;2;2219;0,5697308280165013
0,5677200000000013;54143,59999999999;-5,317559226769148e-06;2;2220;0,5678443862597539
0,5652800000000013;54167,99999999999;-5,589254043538218e-06;2;2221;0,5651037673070992
0,5628400000000013;54192,399999999994;-5,529022257330118e-06;2;2222;0,5624350986500082
0,5604000000000013;54216,79999999999;-4,8999116803167635e-06;2;2223;0,5604629696777907
0,5579600000000013;54241,19999999999;-5,169520184400653e-06;2;2224;0,5580081633140155
0,5555200000000013;54265,59999999999;-5,7138554181646356e-06;2;2225;0,5557865437171019
0,5530800000000013;54289,99999999999;-5,3699230130453785e-06;2;2226;0,5529812433294802
0,5506400000000014;54314,399999999994;-5,828507334024779e-06;2;2227;0,5513685169575077
0,5482000000000014;54338,79999999999;-5,370603903960154e-06;2;2228;0,5485193882975574
0,5457600000000014;54363,19999999999;-5,597075352699427e-06;2;2229;0,5459999179578003
0,5433200000000014;54387,59999999999;-5,552299553668176e-06;2;2230;0,5428534454806321
0,5408800000000014;54411,99999999999;-5,459341484431715e-06;2;2231;0,5402318035244497
0,5384400000000014;54436,399999999994;-5,4301137968378e-06;2;2232;0,5384382176589111
0,5360000000000014;54460,79999999999;-5,519708311640411e-06;2;2233;0,5362534496342406
0,5335600000000014;54485,19999999999;-5,20461213184147e-06;2;2234;0,5339347571719449
0,5311200000000014;54509,59999999999;-4,928282079218298e-06;2;2235;0,5308347180244889
0,5286800000000014;54533,99999999999;-5,451479708704171e-06;2;2236;0,5291994322611095
0,5262400000000014;54558,399999999994;-5,824511503701898e-06;2;2237;0,5258539821033399
0,5238000000000014;54582,79999999999;-5,604732132626526e-06;2;2238;0,5235723670602412
0,5213600000000014;54607,19999999999;-6,113427201575879e-06;2;2239;0,5211358703281573
0,5189200000000014;54631,59999999999;-6,210226191805496e-06;2;2240;0,5191294875708032
0,5164800000000014;54655,99999999999;-6,293460884323203e-06;2;2241;0,5163568870721617
0,5140400000000014;54680,399999999994;-6,01646141710339e-06;2;2242;0,5144103873623079
0,5116000000000014;54704,79999999999;-5,807256134793057e-06;2;2243;0,5113800053981272
0,5091600000000014;54729,19999999999;-5,588853321458518e-06;2;2244;0,5096321426413124
0,5067200000000014;54753,59999999999;-5,9388402461851465e-06;2;2245;0,5067563788231741
0,5042800000000014;54777,99999999999;-6,209681876859499e-06;2;2246;0,5041095530978056
0,5018400000000014;54802,399999999994;-6,71129189360784e-06;2;2247;0,5018285016279055
0,4994000000000014;54826,79999999999;-6,57064890387139e-06;2;2248;0,4996387671540561
0,4969600000000014;54851,19999999999;-6,52260671161044e-06;2;2249;0,4967872196841075
0,4945200000000014;54875,59999999999;-6,817584995622682e-06;2;2250;0,49427758996595883
0,4920800000000014;54899,99999999999;-6,320694345143454e-06;2;2251;0,492372830080447
0,4896400000000014;54924,399999999994;-7,227680918308586e-06;2;2252;0,4900077536309905
0,4872000000000014;54948,79999999999;-7,3017030729127145e-06;2;2253;0,48760257279686664
0,4847600000000014;54973,2;-7,082965976943855e-06;2;2254;0,4843780863459219
0,4823200000000014;54997,6;-6,708341872509409e-06;2;2255;0,48243005070309836
0,4798800000000014;55022,0;-7,97162984644383e-06;2;2256;0,4800701296446068
0,4774400000000014;55046,4;-7,80320958947002e-06;2;2257;0,4769723889474788
0,4750000000000014;55070,8;-7,288930048621831e-06;2;2258;0,47513600907627246
0,4725600000000014;55095,2;-8,00935569787684e-06;2;2259;0,47275286369781383
0,4701200000000014;55119,6;-7,322935838645277e-06;2;2260;0,4706823042352857
0,46768000000000143;55144,0;-8,326902525864395e-06;2;2261;0,46734546152901596
0,46524000000000143;55168,4;-7,903489504575783e-06;2;2262;0,46521989768537964
0,46280000000000143;55192,799999999996;-8,401515436646354e-06;2;2263;0,46357577497145797
0,46036000000000143;55217,2;-8,392385727177248e-06;2;2264;0,4600961601651041
0,45792000000000144;55241,6;-9,001715062641268e-06;2;2265;0,4577640009563978
0,45548000000000144;55266,0;-9,339208084850716e-06;2;2266;0,4553317114729982
0,45304000000000144;55290,4;-8,796979635454429e-06;2;2267;0,4525905857882885
0,45060000000000144;55314,799999999996;-9,366847195391807e-06;2;2268;0,45085833235729605
0,44816000000000145;55339,2;-9,668401778048991e-06;2;2269;0,44888885079771945
0,44572000000000145;55363,6;-9,915673680734144e-06;2;2270;0,44591390901397154
0,44328000000000145;55388,0;-1,009567398328246e-05;2;2271;0,44355710749811517
0,44084000000000145;55412,4;-9,58129884332384e-06;2;2272;0,4404233643377798
0,43840000000000146;55436,799999999996;-1,047643879970369e-05;2;2273;0,43832381396912673
0,43596000000000146;55461,2;-1,0582300102649462e-05;2;2274;0,4357237436039898
0,43352000000000146;55485,6;-1,0057266044741745e-05;2;2275;0,4331521810542533
0,43108000000000146;55510,0;-1,1012756641066085e-05;2;2276;0,4305803158311632
0,42864000000000146;55534,4;-1,1128913196337353e-05;2;2277;0,42883908387661485
0,42620000000000147;55558,799999999996;-1,1269736017760971e-05;2;2278;0,4258889511293065
0,42376000000000147;55583,2;-1,1730613814990082e-05;2;2279;0,42396299798628895
0,42132000000000147;55607,6;-1,211932077917616e-05;2;2280;0,42148931626845093
0,4188800000000015;55632,0;-1,1809901327706315e-05;2;2281;0,4189755287588943
0,4164400000000015;55656,4;-1,2388257911388004e-05;2;2282;0,4161131628450883
0,4140000000000015;55680,799999999996;-1,2974005078347266e-05;2;2283;0,41442858721703985
0,4115600000000015;55705,2;-1,3512371527495665e-05;2;2284;0,41179584807304126
0,4091200000000015;55729,6;-1,3766762712812655e-05;2;2285;0,40960579608349174
0,4066800000000015;55754,0;-1,4060949705338162e-05;2;2286;0,4070805590741989
0,4042400000000015;55778,4;-1,4746358283800576e-05;2;2287;0,40437026182980956
0,4018000000000015;55802,799999999996;-1,410563097727143e-05;2;2288;0,40223217419687995
0,3993600000000015;55827,2;-1,4798139450821563e-05;2;2289;0,3994541273208142
0,3969200000000015;55851,6;-1,5051889166219776e-05;2;2290;0,39683918123650475
0,3944800000000015;55876,0;-1,603628855009283e-05;2;2291;0,3942798232230309
0,3920400000000015;55900,4;-1,6168008072610124e-05;2;2292;0,39207161646926436
0,3896000000000015;55924,799999999996;-1,6520964158269497e-05;2;2293;0,3896335360034657
0,3871600000000015;55949,2;-1,6867843149006305e-05;2;2294;0,3866432440367621
0,3847200000000015;55973,6;-1,740965548246377e-05;2;2295;0,38479761807134255
0,3822800000000015;55998,0;-1,8194716068516818e-05;2;2296;0,3826660515453385
0,3798400000000015;56022,4;-1,7983947845822887e-05;2;2297;0,3796812651173246
0,3774000000000015;56046,799999999996;-1,8606071788930402e-05;2;2298;0,37810257223623245
0,3749600000000015;56071,2;-1,9322360772024755e-05;2;2299;0,3747252020467463
0,3725200000000015;56095,6;-1,9579456577727784e-05;2;2300;0,3726559235738206
0,3700800000000015;56120,0;-2,0090311195614155e-05;2;2301;0,37045006025469224
0,3676400000000015;56144,4;-2,0618178254392016e-05;2;2302;0,3680062081256317
0,3652000000000015;56168,799999999996;-2,1591752113515816e-05;2;2303;0,3653723272907821
0,3627600000000015;56193,2;-2,2360843732941016e-05;2;2304;0,36282304161089995
0,36032000000000153;56217,6;-2,3058290593982513e-05;2;2305;0,3604963042650486
0,35788000000000153;56242,0;-2,331790255575455e-05;2;2306;0,35749388416852945
0,35544000000000153;56266,4;-2,4490436271823187e-05;2;2307;0,35533813288341987
0,35300000000000153;56290,799999999996;-2,5273422097030075e-05;2;2308;0,35271363203682865
0,35056000000000154;56315,2;-2,557792988325219e-05;2;2309;0,35072804304543403
0,34812000000000154;56339,6;-2,6358654782573692e-05;2;2310;0,3486080588564259
0,34568000000000154;56364,0;-2,712325785241997e-05;2;2311;0,34553503386318557
0,34324000000000154;56388,4;-2,839598498850641e-05;2;2312;0,3432635876121735
0,34080000000000155;56412,799999999996;-2,8907330292752997e-05;2;2313;0,3413663820670446
0,33836000000000155;56437,2;-2,9609669780670163e-05;2;2314;0,338334416524172
0,33592000000000155;56461,6;-3,0946368957096556e-05;2;2315;0,33601457795573136
0,33348000000000155;56486,0;-3,183359038190207e-05;2;2316;0,33355110519765296
0,33104000000000156;56510,4;-3,282698850943961e-05;2;2317;0,3311404188233352
0,32860000000000156;56534,799999999996;-3,330121050382236e-05;2;2318;0,3281040860921168
0,32616000000000156;56559,2;-3,454226615265391e-05;2;2319;0,3264251744843029
0,32372000000000156;56583,6;-3,630765403423838e-05;2;2320;0,32390371240741145
0,32128000000000156;56608,0;-3,749345260357499e-05;2;2321;0,3207202494229833
0,31884000000000157;56632,399999999994;-3,801408298125005e-05;2;2322;0,31942483158092855
0,31640000000000157;56656,799999999996;-3,948650514987887e-05;2;2323;0,3163693461951812
0,31396000000000157;56681,2;-4,0519304015789624e-05;2;2324;0,31355309699929135
0,3115200000000016;56705,6;-4,190043900363846e-05;2;2325;0,31148625600941515
0,3090800000000016;56730,0;-4,302449057204097e-05;2;2326;0,30930983560421954
0,3066400000000016;56754,399999999994;-4,521009693988954e-05;2;2327;0,30643982913235357
0,3042000000000016;56778,799999999996;-4,6331236468728775e-05;2;2328;0,30438508814342075
0,3017600000000016;56803,2;-4,758731328401032e-05;2;2329;0,3017108146419813
0,2993200000000016;56827,6;-4,914106091984957e-05;2;2330;0,29958115619276476
0,2968800000000016;56852,0;-5,109957219910898e-05;2;2331;0,2968617618296994
0,2944400000000016;56876,399999999994;-5,263389378467567e-05;2;2332;0,2945875827777668
0,2920000000000016;56900,799999999996;-5,4371019643131744e-05;2;2333;0,2922454022393226
0,2895600000000016;56925,2;-5,5962378192345764e-05;2;2334;0,2896454444976825
0,2871200000000016;56949,6;-5,760928584181322e-05;2;2335;0,28732498849965515
0,2846800000000016;56974,0;-5,9811167198096175e-05;2;2336;0,2846905223320229
0,2822400000000016;56998,399999999994;-6,175123255119221e-05;2;2337;0,2823456619328248
0,2798000000000016;57022,799999999996;-6,438047950824792e-05;2;2338;0,28023865744137966
0,2773600000000016;57047,2;-6,619007473579838e-05;2;2339;0,27721858552913387
0,2749200000000016;57071,6;-6,751055017851445e-05;2;2340;0,2750642506295649
0,2724800000000016;57096,0;-7,085340689305162e-05;2;2341;0,2718037166451893
0,2700400000000016;57120,399999999994;-7,228283885628426e-05;2;2342;0,27001746101879553
0,2676000000000016;57144,799999999996;-7,521815657259244e-05;2;2343;0,2678390654103364
0,2651600000000016;57169,2;-7,824081386767697e-05;2;2344;0,265297189157838
0,2627200000000016;57193,6;-7,982710984221258e-05;2;2345;0,2624712122029207
0,2602800000000016;57218,0;-8,258442862672355e-05;2;2346;0,2603104302938667
0,2578400000000016;57242,399999999994;-8,592181728970849e-05;2;2347;0,2577850958365374
0,2554000000000016;57266,799999999996;-8,841121655722389e-05;2;2348;0,255608550705739
0,25296000000000163;57291,2;-9,178161274211259e-05;2;2349;0,2531342928042341
0,25052000000000163;57315,6;-9,476954873764949e-05;2;2350;0,2502870643929083
0,24808000000000163;57340,0;-9,795524459459728e-05;2;2351;0,24874911541044573
0,24564000000000163;57364,399999999994;-0,0001014089571463593;2;2352;0,2453349597649598
0,24320000000000164;57388,799999999996;-0,00010463515237128968;2;2353;0,2434907813363829
0,24076000000000164;57413,2;-0,00010825202693484424;2;2354;0,24066257980520467
0,23832000000000164;57437,6;-0,00011222672637005482;2;2355;0,23860006472105777
0,23588000000000164;57462,0;-0,00011581449260445422;2;2356;0,23637838261288316
0,23344000000000165;57486,399999999994;-0,0001200288750092134;2;2357;0,23375459808593363
0,23100000000000165;57510,799999999996;-0,0001239427633011939;2;2358;0,23106932162686436
0,22856000000000165;57535,2;-0,00012838797636943646;2;2359;0,22866380158764443
0,22612000000000165;57559,6;-0,00013261670298168524;2;2360;0,22602328926492174
0,22368000000000166;57584,0;-0,0001367289943201158;2;2361;0,22358156098402993
0,22124000000000166;57608,399999999994;-0,0001421305216878677;2;2362;0,22156455452380336
0,21880000000000166;57632,799999999996;-0,000147266068574502;2;2363;0,21873976936456152
0,21636000000000166;57657,2;-0,00015141521846993638;2;2364;0,21649342602534094
0,21392000000000166;57681,6;-0,00015705177220618903;2;2365;0,21436122952009792
0,21148000000000167;57706,0;-0,00016276681966676077;2;2366;0,21163406616616226
0,20904000000000167;57730,399999999994;-0,000168271347556674;2;2367;0,20873990722351624
0,20660000000000167;57754,799999999996;-0,00017429491730260404;2;2368;0,20630606499727738
0,20416000000000167;57779,2;-0,0001797703778874887;2;2369;0,2037671689139166
0,20172000000000168;57803,6;-0,00018608259650012762;2;2370;0,20142268838223648
0,19928000000000168;57828,0;-0,0001925744101719797;2;2371;0,19903641846465445
0,19684000000000168;57852,399999999994;-0,0001993926786259365;2;2372;0,19698269195213877
0,19440000000000168;57876,799999999996;-0,00020700702032704914;2;2373;0,19412717768212
0,19196000000000168;57901,2;-0,0002139273048517128;2;2374;0,19180598276891486
0,1895200000000017;57925,6;-0,0002209197538221621;2;2375;0,18897006044860065
0,1870800000000017;57950,0;-0,00022949911346090816;2;2376;0,18678497863254015
0,1846400000000017;57974,399999999994;-0,00023669700626781264;2;2377;0,18457408775388354
0,1822000000000017;57998,799999999996;-0,00024523415543807565;2;2378;0,18222803481284758
0,1797600000000017;58023,2;-0,00025328266609219;2;2379;0,18011717541134362
0,1773200000000017;58047,6;-0,00026238087214915253;2;2380;0,17728636701279707
0,1748800000000017;58072,0;-0,0002711673519845515;2;2381;0,17534516951791834
0,1724400000000017;58096,399999999994;-0,0002808718993771495;2;2382;0,17186740331623873
0,1700000000000017;58120,799999999996;-0,0002907638016723055;2;2383;0,17031421204244518
0,1675600000000017;58145,2;-0,00030126315929505584;2;2384;0,1674671675721796
0,1651200000000017;58169,6;-0,0003113169385391855;2;2385;0,1654344015509089
0,1626800000000017;58193,99999999999;-0,0003216992230207081;2;2386;0,1630532025368014
0,16024000000000171;58218,399999999994;-0,0003342208152909476;2;2387;0,16041158891288054
0,15780000000000172;58242,799999999996;-0,0003457101185545844;2;2388;0,15754628858494518
0,15536000000000172;58267,2;-0,0003570139403238033;2;2389;0,15544384084616183
0,15292000000000172;58291,6;-0,00036989936985696415;2;2390;0,15319200184774515
0,15048000000000172;58315,99999999999;-0,0003831262319974619;2;2391;0,15027701391951587
0,14804000000000173;58340,399999999994;-0,0003962479903415473;2;2392;0,1482342426028069
0,14560000000000173;58364,799999999996;-0,00041030488963296404;2;2393;0,1458905021995161
0,14316000000000173;58389,2;-0,0004250163171679929;2;2394;0,1432090252062686
0,14072000000000173;58413,6;-0,0004399482684852504;2;2395;0,14040497733709983
0,13828000000000173;58437,99999999999;-0,0004549479453137025;2;2396;0,13807868424865494
0,13584000000000174;58462,399999999994;-0,0004711065613820211;2;2397;0,13578308245330703
0,13340000000000174;58486,799999999996;-0,0004874589995778694;2;2398;0,13367263200078322
0,13096000000000174;58511,2;-0,000504746786514011;2;2399;0,1309148777460033
0,12852000000000174;58535,6;-0,0005228964532500174;2;2400;0,12826779063125862
0,12608000000000175;58559,99999999999;-0,0005406546635171216;2;2401;0,12644785236500977
0,12364000000000175;58584,399999999994;-0,0005604411589469759;2;2402;0,12385010546512736
0,12120000000000175;58608,799999999996;-0,0005800283295922697;2;2403;0,121534818601542
0,11876000000000175;58633,2;-0,0006005550985120865;2;2404;0,11835592215130811
0,11632000000000176;58657,6;-0,0006218931553645094;2;2405;0,11594695246710081
0,11388000000000176;58681,99999999999;-0,0006431888786840348;2;2406;0,11405429167354131
0,11144000000000176;58706,399999999994;-0,000666371301354055;2;2407;0,11149939511956483
0,10900000000000176;58730,799999999996;-0,0006897449937703296;2;2408;0,10827297555003883
0,10656000000000176;58755,2;-0,0007135742044706315;2;2409;0,10662505300353921
0,10412000000000177;58779,6;-0,0007387773605512059;2;2410;0,10387836210646234
0,10168000000000177;58803,99999999999;-0,0007652964152026993;2;2411;0,10196863873687977
0,09924000000000177;58828,399999999994;-0,00079250032101781;2;2412;0,0994714985155808
0,09680000000000177;58852,799999999996;-0,0008200947706831611;2;2413;0,09694009737385217
0,09436000000000178;58877,2;-0,0008494900739543321;2;2414;0,09401304852152702
0,09192000000000178;58901,6;-0,0008792878702732665;2;2415;0,0921925466087461
0,08948000000000178;58925,99999999999;-0,0009101383366899837;2;2416;0,08885730922002444
0,08704000000000178;58950,399999999994;-0,0009422076503481288;2;2417;0,08674246279312112
0,08460000000000178;58974,799999999996;-0,0009756049870478258;2;2418;0,08406827668573412
0,08216000000000179;58999,2;-0,0010099406651751367;2;2419;0,08133262845613769
0,07972000000000179;59023,6;-0,0010451634025407574;2;2420;0,07943340319041002
0,07728000000000179;59047,99999999999;-0,001082336496408207;2;2421;0,0773365257143281
0,0748400000000018;59072,399999999994;-0,0011203680481292994;2;2422;0,07471105489924615
0,0724000000000018;59096,799999999996;-0,001160127239029848;2;2423;0,07272687266686824
0,0699600000000018;59121,2;-0,0012013458722586986;2;2424;0,06936667619702735
0,0675200000000018;59145,6;-0,0012442540692962584;2;2425;0,06729850625521504
0,0650800000000018;59169,99999999999;-0,0012882718378873508;2;2426;0,06480095201368595
0,0626400000000018;59194,399999999994;-0,001333418369327875;2;2427;0,06272348106843047
0,06020000000000181;59218,799999999996;-0,0013806913845111877;2;2428;0,05998913546096113
0,05776000000000181;59243,2;-0,0014296785021828385;2;2429;0,05791100914125537
0,05532000000000181;59267,6;-0,0014798366280891638;2;2430;0,055342549983868485
0,052880000000001814;59291,99999999999;-0,001531947218485232;2;2431;0,053064495261250476
0,05044000000000182;59316,399999999994;-0,001586546892512526;2;2432;0,04969409413243985
0,04800000000000182;59340,799999999996;-0,0016426357362754377;2;2433;0,04800216514734525
0,04556000000000182;59365,2;-0,0017009518058295093;2;2434;0,045293526950796296
0,043120000000001824;59389,6;-0,0017611821685231575;2;2435;0,04310979823875423
0,040680000000001826;59413,99999999999;-0,0018227067378155225;2;2436;0,04041942556773707
0,03824000000000183;59438,399999999994;-0,0018882095135438401;2;2437;0,03848015864461819
0,03580000000000183;59462,799999999996;-0,00195470384095612;2;2438;0,03559058338717285
0,03336000000000183;59487,2;-0,002023982825113841;2;2439;0,03364384460861869
0,030920000000001835;59511,6;-0,002095529265941692;2;2440;0,031010952066140404
0,028480000000001837;59535,99999999999;-0,00216937148182236;2;2441;0,02841441921983066
0,02604000000000184;59560,399999999994;-0,002246207954798306;2;2442;0,026077378012429632
0,02360000000000184;59584,799999999996;-0,0023260937854922598;2;2443;0,02335454718194792
0,021160000000001844;59609,2;-0,0024080819974304393;2;2444;0,020736670372323462
0,018720000000001846;59633,59999999999;-0,0024939380185637914;2;2445;0,018301641838825433
0,01628000000000185;59657,99999999999;-0,002581915711948631;2;2446;0,016551932691321925
0,01384000000000185;59682,399999999994;-0,0026729355891604136;2;2447;0,013578398079518352
0,011400000000001853;59706,799999999996;-0,0027683335351067697;2;2448;0,011468872291701758
0,01;59731,2;-0,0010959381856905555;2;2449;0,00984825693326573
0,01244;59755,59999999999;-0,0010096250368727484;2;2450;0,012511156099851468
0,014879999999999999;59779,99999999999;-0,0009311141341048693;2;2451;0,01501997325275065
0,01732;59804,399999999994;-0,0008578164628963797;2;2452;0,017409643583362264
0,01976;59828,799999999996;-0,0007906088115039225;2;2453;0,02017702426768354
0,022199999999999998;59853,2;-0,0007287867108416342;2;2454;0,021805857690599888
0,024639999999999995;59877,59999999999;-0,0006711154584392669;2;2455;0,024169684141348947
0,02708;59901,99999999999;-0,0006187442262736869;2;2456;0,027438684150446025
0,029519999999999998;59926,399999999994;-0,0005693685187619957;2;2457;0,0292308040651878
0,031959999999999995;59950,799999999996;-0,000525031439075628;2;2458;0,03180627777899518
0,03439999999999999;59975,2;-0,00048377446880678947;2;2459;0,03513351507989235
0,03684;59999,59999999999;-0,00044560076796067475;2;2460;0,037112250001605486
0,039279999999999995;60023,99999999999;-0,0004104593953430005;2;2461;0,03845169346325477
0,04171999999999999;60048,399999999994;-0,0003781702553750446;2;2462;0,04195335943740026
0,04416;60072,799999999996;-0,0003482422267883087;2;2463;0,044247859555749836
0,046599999999999996;60097,2;-0,000320911708197583;2;2464;0,04596887100050079
0,04903999999999999;60121,59999999999;-0,00029551764177993553;2;2465;0,04934882260831751
0,05147999999999999;60145,99999999999;-0,00027181882173622237;2;2466;0,05179756449255569
0,05391999999999999;60170,399999999994;-0,00025105251927488127;2;2467;0,05361495664734118
0,05635999999999999;60194,799999999996;-0,00023076870509922278;2;2468;0,056469275288494145
0,05879999999999999;60219,2;-0,00021219419970368094;2;2469;0,05899969107433242
0,06123999999999999;60243,59999999999;-0,00019519090968393843;2;2470;0,060955002395852505
0,06367999999999999;60267,99999999999;-0,0001798242659192784;2;2471;0,06356845478738445
0,06611999999999998;60292,399999999994;-0,0001652926297611373;2;2472;0,06635165369374357
0,06855999999999998;60316,799999999996;-0,00015218185289473242;2;2473;0,06876148235532946
0,07099999999999998;60341,2;-0,00014040733964223025;2;2474;0,07093677951781405
0,07343999999999998;60365,59999999999;-0,00012828581896950903;2;2475;0,07304988663784566
0,07587999999999998;60389,99999999999;-0,0001180773316934887;2;2476;0,07560014051494873
0,07831999999999999;60414,399999999994;-0,00010883541075690756;2;2477;0,07843356812985171
0,08075999999999998;60438,799999999996;-9,923170947060068e-05;2;2478;0,08051847859729269
0,08319999999999998;60463,2;-9,127188400768365e-05;2;2479;0,08361735076098625
0,08563999999999998;60487,59999999999;-8,408219296431793e-05;2;2480;0,08559932616641396
0,08807999999999998;60511,99999999999;-7,65477236676311e-05;2;2481;0,08765531442621037
0,09051999999999998;60536,399999999994;-7,021945759865007e-05;2;2482;0,08954148245484496
0,09295999999999997;60560,799999999996;-6,410379932150384e-05;2;2483;0,09296912590044552
0,09539999999999997;60585,2;-5,89301742972436e-05;2;2484;0,09558955235223948
0,09783999999999997;60609,59999999999;-5,369792257781555e-05;2;2485;0,09776332454925782
0,10027999999999998;60633,99999999999;-4,8903166569023754e-05;2;2486;0,10019054609048088
0,10271999999999998;60658,399999999994;-4,4249998802756874e-05;2;2487;0,1024836461702421
0,10515999999999998;60682,799999999996;-4,048132104229632e-05;2;2488;0,10495451700365735
0,10759999999999997;60707,2;-3,539393471775988e-05;2;2489;0,1072853955640085
0,11003999999999997;60731,59999999999;-3,2200779054028675e-05;2;2490;0,11033839647319948
0,11247999999999997;60755,99999999999;-2,7963288801615506e-05;2;2491;0,1123459427006329
0,11491999999999997;60780,399999999994;-2,4935043994956195e-05;2;2492;0,11500385151673348
0,11735999999999998;60804,799999999996;-2,1008997730942464e-05;2;2493;0,11747444230914915
0,11979999999999998;60829,2;-1,7949643778030197e-05;2;2494;0,12049508801834789
0,12223999999999997;60853,59999999999;-1,4156324963805817e-05;2;2495;0,12216578791469763
0,12467999999999997;60877,99999999999;-1,1158695206179581e-05;2;2496;0,12466603799678584
0,12711999999999998;60902,399999999994;-7,312312138698283e-06;2;2497;0,12747480152466145
0,12955999999999998;60926,799999999996;-3,2755427535534477e-06;2;2498;0,12989572901917057
0,13199999999999998;60951,2;4,166928587931423e-07;2;2499;0,13237718782895697
0,13443999999999998;60975,59999999999;4,444822327419613e-06;2;2500;0,1344126888743974
0,13687999999999997;60999,99999999999;8,445628572370175e-06;2;2501;0,1364245747769489
0,13931999999999997;61024,399999999994;1,2679726122524349e-05;2;2502;0,13912381047749292
0,14175999999999997;61048,799999999996;1,809323084800912e-05;2;2503;0,140976640509383
0,14419999999999997;61073,2;2,3682367923952404e-05;2;2504;0,14370481077781935
0,14664;61097,59999999999;3,027543214890133e-05;2;2505;0,14727314022706317
0,14908;61121,99999999999;3,6593894048787836e-05;2;2506;0,14934267801568954
0,15152;61146,399999999994;4,3783187436832525e-05;2;2507;0,1513588836159831
0,15395999999999999;61170,799999999996;5,1535819097263696e-05;2;2508;0,1537586040188434
0,15639999999999998;61195,19999999999;6,0358349029171295e-05;2;2509;0,15610842821029006
0,15883999999999998;61219,59999999999;7,05729136726452e-05;2;2510;0,1585573617610276
0,16127999999999998;61243,99999999999;8,110615522467741e-05;2;2511;0,16137907194087542
0,16371999999999998;61268,399999999994;9,308787739619411e-05;2;2512;0,1639653962153155
0,16615999999999997;61292,799999999996;0,00010697403095578826;2;2513;0,1661100221010628
0,16859999999999997;61317,19999999999;0,00012066009621813882;2;2514;0,16896893683658312
0,17103999999999997;61341,59999999999;0,00013688272906561586;2;2515;0,17028463208726213
0,17347999999999997;61365,99999999999;0,00015447381045611766;2;2516;0,1737666729172189
0,17591999999999997;61390,399999999994;0,00017361724508555102;2;2517;0,17647949036484625
0,17835999999999996;61414,799999999996;0,0001944492000888884;2;2518;0,17855449731310077
0,18079999999999996;61439,19999999999;0,0002182232892044928;2;2519;0,18057539763250982
0,18323999999999996;61463,59999999999;0,00024240635663524388;2;2520;0,18310305262450988
0,18567999999999996;61487,99999999999;0,0002696731989793314;2;2521;0,18528469947103834
0,18811999999999998;61512,399999999994;0,00029936709039598;2;2522;0,18783200159923363
0,19055999999999998;61536,799999999996;0,0003305872174833264;2;2523;0,19001684217555018
0,19299999999999998;61561,19999999999;0,0003649971781626459;2;2524;0,1930705485819607
0,19543999999999997;61585,59999999999;0,0004015423082258652;2;2525;0,19530654517177373
0,19787999999999997;61609,99999999999;0,00044068227812015605;2;2526;0,19799488204790863
0,20031999999999997;61634,399999999994;0,00048245753284267384;2;2527;0,20050298014942347
0,20275999999999997;61658,799999999996;0,0005264740145849216;2;2528;0,20282404093137402
0,20519999999999997;61683,19999999999;0,0005738010483169252;2;2529;0,20493258299984388
0,20763999999999996;61707,59999999999;0,0006240959942529706;2;2530;0,2073565508612166
0,21007999999999996;61731,99999999999;0,0006764626673816503;2;2531;0,2101282222637526
0,21251999999999996;61756,399999999994;0,0007309610606923551;2;2532;0,21220689788439384
0,21495999999999996;61780,799999999996;0,0007890391214023003;2;2533;0,21508943145887385
0,21739999999999995;61805,19999999999;0,0008484796522857699;2;2534;0,2175829131118885
0,21983999999999995;61829,59999999999;0,0009107574643759227;2;2535;0,21982209514394457
0,22227999999999995;61853,99999999999;0,0009751846996292936;2;2536;0,22231515654017706
0,22471999999999998;61878,399999999994;0,0010421315916085802;2;2537;0,22464503112146078
0,22715999999999997;61902,799999999996;0,001111138512031897;2;2538;0,22734329110436896
0,22959999999999997;61927,19999999999;0,0011810773957365846;2;2539;0,2294662420418102
0,23203999999999997;61951,59999999999;0,0012532409066336068;2;2540;0,23200081804460382
0,23447999999999997;61975,99999999999;0,0013256820155999013;2;2541;0,23516374957288874
0,23691999999999996;62000,399999999994;0,0013988350079800246;2;2542;0,236634182643987
0,23935999999999996;62024,799999999996;0,0014728884836280622;2;2543;0,239283498118125
0,24179999999999996;62049,19999999999;0,0015470665819628984;2;2544;0,2419766994587893
0,24423999999999996;62073,59999999999;0,0016214083310311061;2;2545;0,2440957944699923
0,24667999999999995;62097,99999999999;0,0016943953205238477;2;2546;0,24676246033327484
0,24911999999999995;62122,399999999994;0,0017669429991444344;2;2547;0,24916993936669243
0,25155999999999995;62146,799999999996;0,0018377982934057186;2;2548;0,2516886771765285
0,25399999999999995;62171,19999999999;0,0019077084335467917;2;2549;0,2541986450200844
0,25643999999999995;62195,59999999999;0,00197433301077386;2;2550;0,25702720516134325
0,25887999999999994;62219,99999999999;0,0020387736481321654;2;2551;0,25913001967745425
0,26131999999999994;62244,399999999994;0,002100049817738567;2;2552;0,26155340747570655
0,26375999999999994;62268,799999999996;0,0021589487786510754;2;2553;0,2640730737108172
0,26619999999999994;62293,19999999999;0,0022128695318754804;2;2554;0,26627849183101576
0,26863999999999993;62317,59999999999;0,002263287074647317;2;2555;0,269190131165266
0,27107999999999993;62341,99999999999;0,002308978832435357;2;2556;0,2708873913060995
0,27351999999999993;62366,399999999994;0,002350057564645183;2;2557;0,2734811390663522
0,2759599999999999;62390,799999999996;0,0023854623786985028;2;2558;0,2761622915124086
0,2783999999999999;62415,19999999999;0,002416444208228248;2;2559;0,27840778332614036
0,2808399999999999;62439,59999999999;0,002441437929435797;2;2560;0,2806662973317137
0,28328;62463,99999999999;0,002461781143504546;2;2561;0,28313722628097243
0,28572;62488,399999999994;0,002475037829438615;2;2562;0,2857004732896954
0,28815999999999997;62512,799999999996;0,0024823150643904918;2;2563;0,2878179202399606
0,29059999999999997;62537,19999999999;0,0024839219762639486;2;2564;0,29039455583702534
0,29303999999999997;62561,59999999999;0,0024656561725455;2;2565;0,29294537618456207
0,29547999999999996;62585,99999999999;0,0024234584603301345;2;2566;0,2952549736991336
0,29791999999999996;62610,399999999994;0,0023597472338562713;2;2567;0,2981703944253204
0,30035999999999996;62634,79999999999;0,0022759707332170526;2;2568;0,3001845998299282
0,30279999999999996;62659,19999999999;0,002173448016818167;2;2569;0,30298956464564514
0,30523999999999996;62683,59999999999;0,0020556880955895818;2;2570;0,3047774837505295
0,30767999999999995;62707,99999999999;0,0019251661366306112;2;2571;0,3077092559561091
0,31011999999999995;62732,399999999994;0,0017866135007142874;2;2572;0,3106015511737759
0,31255999999999995;62756,79999999999;0,0016407193869446893;2;2573;0,3123651619997985
0,31499999999999995;62781,19999999999;0,001493218938044529;2;2574;0,3155084226187948
0,31743999999999994;62805,59999999999;0,0013456495776242624;2;2575;0,317952310741775
0,31987999999999994;62829,99999999999;0,001200324218712887;2;2576;0,31999914248595784
0,32231999999999994;62854,399999999994;0,0010612492272309433;2;2577;0,3222705300605461
0,32475999999999994;62878,79999999999;0,0009293431804351355;2;2578;0,3249798392718557
0,32719999999999994;62903,19999999999;0,0008057999768819989;2;2579;0,3265593784293187
0,32963999999999993;62927,59999999999;0,0006918604534885658;2;2580;0,32969483944988787
0,33207999999999993;62951,99999999999;0,0005884713018881492;2;2581;0,3323818992902259
0,33451999999999993;62976,399999999994;0,00049578080319123;2;2582;0,3346298797332967
0,3369599999999999;63000,79999999999;0,0004142206992350781;2;2583;0,33688066430823077
0,3393999999999999;63025,19999999999;0,00034243931172641307;2;2584;0,3395178369813632
0,3418399999999999;63049,59999999999;0,0002805252218969801;2;2585;0,3417136093608471
0,3442799999999999;63073,99999999999;0,00022766534837589478;2;2586;0,3441481832569878
0,3467199999999999;63098,399999999994;0,0001830053775335837;2;2587;0,3468633215817411
0,3491599999999999;63122,79999999999;0,000146378277332084;2;2588;0,3491151271289213
0,3515999999999999;63147,19999999999;0,0001165373336853134;2;2589;0,35150432501313333
0,3540399999999999;63171,59999999999;9,103949930581805e-05;2;2590;0,3535844546397993
0,3564799999999999;63195,99999999999;7,103142105145231e-05;2;2591;0,3568660245607697
0,3589199999999999;63220,399999999994;5,525905368864221e-05;2;2592;0,35859312048806746
0,3613599999999999;63244,79999999999;4,275255288764556e-05;2;2593;0,36112742907607676
0,36379999999999996;63269,19999999999;3,290073042801942e-05;2;2594;0,36385054197758715
0,36623999999999995;63293,59999999999;2,5750602533609384e-05;2;2595;0,3662080365957557
0,36867999999999995;63317,99999999999;1,9930223134826694e-05;2;2596;0,36826770479578835
0,37111999999999995;63342,399999999994;1,586984422325079e-05;2;2597;0,3709590675614777
0,37355999999999995;63366,79999999999;1,2473978824158215e-05;2;2598;0,3734864811020836
0,37599999999999995;63391,19999999999;9,971159966724476e-06;2;2599;0,37635786671393984
0,37843999999999994;63415,59999999999;7,5468873653829075e-06;2;2600;0,3782008676110082
0,38087999999999994;63439,99999999999;6,9810101492939255e-06;2;2601;0,3805934917128788
0,38331999999999994;63464,399999999994;5,827490900340682e-06;2;2602;0,38338105851451076
0,38575999999999994;63488,79999999999;5,710731886761258e-06;2;2603;0,38559699002349795
0,38819999999999993;63513,19999999999;4,963868751975005e-06;2;2604;0,3879175734674536
0,39063999999999993;63537,59999999999;4,404123938423526e-06;2;2605;0,3907854537114435
0,39307999999999993;63561,99999999999;4,257968154981552e-06;2;2606;0,3930317382471391
0,3955199999999999;63586,399999999994;3,916559555627022e-06;2;2607;0,3955088774602309
0,3979599999999999;63610,79999999999;4,0160200313592535e-06;2;2608;0,39828745203567156
0,4003999999999999;63635,19999999999;4,210524170157547e-06;2;2609;0,40041572771904377
0,4028399999999999;63659,59999999999;4,427298678222529e-06;2;2610;0,40270549236176517
0,4052799999999999;63683,99999999999;4,202064752876812e-06;2;2611;0,4048121887802579
0,4077199999999999;63708,399999999994;4,271285591246453e-06;2;2612;0,40734741190315243
0,4101599999999999;63732,79999999999;4,284424354119893e-06;2;2613;0,41001865169547547
0,4125999999999999;63757,19999999999;3,9129103980793925e-06;2;2614;0,41245230509659786
0,4150399999999999;63781,59999999999;4,441540608755812e-06;2;2615;0,41464835702775465
0,4174799999999999;63805,99999999999;3,597394873952381e-06;2;2616;0,41735530828298334
0,4199199999999999;63830,399999999994;4,038307144400471e-06;2;2617;0,41981090230062584
0,4223599999999999;63854,79999999999;3,842619080288416e-06;2;2618;0,42186589245343575
0,4247999999999999;63879,19999999999;3,410174645125644e-06;2;2619;0,4246121606245572
0,4272399999999999;63903,59999999999;4,4972167893524865e-06;2;2620;0,4267682760237626
0,4296799999999999;63927,99999999999;3,4000683159014516e-06;2;2621;0,4291874443362786
0,4321199999999999;63952,399999999994;4,20612407576233e-06;2;2622;0,432442222422165
0,4345599999999999;63976,79999999999;4,5372635752102635e-06;2;2623;0,4347299611793644
0,4369999999999999;64001,19999999999;3,9383927856402695e-06;2;2624;0,4363742476896556
0,43943999999999994;64025,59999999999;3,964750753094813e-06;2;2625;0,4390870599877239
0,44187999999999994;64049,99999999999;3,429765934143924e-06;2;2626;0,44183890286697997
0,44431999999999994;64074,39999999999;3,924499342772366e-06;2;2627;0,4441689481948889
0,44675999999999993;64098,79999999999;4,434757144339742e-06;2;2628;0,44674445788197376
0,44919999999999993;64123,19999999999;3,842884426460459e-06;2;2629;0,44918390092567323
0,45163999999999993;64147,59999999999;3,7072370326987606e-06;2;2630;0,45175346654295784
0,45407999999999993;64171,99999999999;3,3048658212417994e-06;2;2631;0,45360111313199475
0,4565199999999999;64196,39999999999;4,385326064127384e-06;2;2632;0,45648975512842344
0,4589599999999999;64220,79999999999;4,123188345901658e-06;2;2633;0,4590467036902252
0,4613999999999999;64245,19999999999;3,9090730778970266e-06;2;2634;0,4610051067229363
0,4638399999999999;64269,59999999999;4,312539142934772e-06;2;2635;0,4638927373156138
0,4662799999999999;64293,99999999999;3,840522673992525e-06;2;2636;0,46662555650728404
0,4687199999999999;64318,39999999999;3,899542832284031e-06;2;2637;0,46855577742335064
0,4711599999999999;64342,79999999999;4,636974312676062e-06;2;2638;0,4712433392176642
0,4735999999999999;64367,19999999999;3,730906457027678e-06;2;2639;0,4735763739064758
0,4760399999999999;64391,59999999999;4,086902574972387e-06;2;2640;0,47685276848072383
0,4784799999999999;64415,99999999999;4,066875307561267e-06;2;2641;0,47877484259878333
0,4809199999999999;64440,39999999999;4,029065069145587e-06;2;2642;0,4808312135682806
0,4833599999999999;64464,79999999999;4,001727669267341e-06;2;2643;0,48280169591394184
0,4857999999999999;64489,19999999999;3,6078593978040488e-06;2;2644;0,4859419079861428
0,4882399999999999;64513,59999999999;3,958618457544322e-06;2;2645;0,48815697282792914
0,4906799999999999;64537,99999999999;3,92713769634308e-06;2;2646;0,4912086480879058
0,4931199999999999;64562,39999999999;3,799211105959666e-06;2;2647;0,49365860182214927
0,4955599999999999;64586,79999999999;3,749835162330889e-06;2;2648;0,4959996685875278
0,4979999999999999;64611,19999999999;3,6993885089445895e-06;2;2649;0,49811973833652196
0,5004399999999999;64635,59999999999;3,7570845281245687e-06;2;2650;0,5000644928327258
0,5028799999999999;64659,99999999999;4,122648210441046e-06;2;2651;0,5031963112641542
0,5053199999999999;64684,39999999999;4,0108625878871915e-06;2;2652;0,505315645539271
0,5077599999999999;64708,79999999999;4,49658076554917e-06;2;2653;0,5081703709926331
0,5101999999999999;64733,19999999999;4,180936734264926e-06;2;2654;0,5101091556407084
0,5126399999999999;64757,59999999999;3,8214242337245855e-06;2;2655;0,5121535366062597
0,5150799999999999;64781,99999999999;3,838211651734376e-06;2;2656;0,5145394849438452
0,5175199999999999;64806,39999999999;3,948058992038456e-06;2;2657;0,5171864702271006
0,5199599999999999;64830,79999999999;3,894948061498066e-06;2;2658;0,5202472219122601
0,5223999999999999;64855,19999999999;4,001066172958661e-06;2;2659;0,5219564879841956
0,5248399999999999;64879,59999999999;4,582320237776088e-06;2;2660;0,5248297296111215
0,5272799999999999;64903,99999999999;3,9543706553627e-06;2;2661;0,5270660620839069
0,5297199999999999;64928,39999999999;4,039566160631786e-06;2;2662;0,5301260479237132
0,5321599999999999;64952,79999999999;3,6424785886177353e-06;2;2663;0,5321772886916389
0,5345999999999999;64977,2;3,549808025818035e-06;2;2664;0,5343087844043347
0,5370399999999999;65001,6;3,959281715242892e-06;2;2665;0,5370795915470278
0,5394799999999998;65026,0;3,874790456660385e-06;2;2666;0,5398628746047317
0,5419199999999998;65050,4;4,06048933447304e-06;2;2667;0,5420256406008969
0,5443599999999998;65074,799999999996;4,407076186979689e-06;2;2668;0,5444386000280632
0,5467999999999998;65099,2;3,846842022099497e-06;2;2669;0,5463356281376038
0,5492399999999998;65123,6;3,794606296970231e-06;2;2670;0,5495357466523438
0,5516799999999998;65148,0;4,293533608133495e-06;2;2671;0,5517294552786842
0,5541199999999998;65172,4;3,869281573120343e-06;2;2672;0,554407192873384
0,5565599999999999;65196,799999999996;4,0172410299268225e-06;2;2673;0,5564772981623071
0,5589999999999999;65221,2;3,968283736382497e-06;2;2674;0,5588273011230398
0,5614399999999999;65245,6;4,563744015910083e-06;2;2675;0,5618634859391997
0,5638799999999999;65270,0;3,4950485890254173e-06;2;2676;0,5635359305365949
0,5663199999999999;65294,4;3,7537185557762835e-06;2;2677;0,566079656075277
0,5687599999999999;65318,799999999996;4,195228815534063e-06;2;2678;0,5688211868368974
0,5711999999999999;65343,2;4,348020564772766e-06;2;2679;0,5705156434174053
0,5736399999999999;65367,6;3,6912718249287598e-06;2;2680;0,573608462850463
0,5760799999999999;65392,0;4,35364527054123e-06;2;2681;0,5764788558462604
0,5785199999999999;65416,4;3,8586828261207955e-06;2;2682;0,5781796000019322
0,5809599999999999;65440,799999999996;3,7821156109877694e-06;2;2683;0,5804951599364482
0,5833999999999999;65465,2;3,8109569837899344e-06;2;2684;0,5832721969318994
0,5858399999999999;65489,6;4,106144037528021e-06;2;2685;0,5862077333826029
0,5882799999999999;65514,0;4,145377205056118e-06;2;2686;0,5881140853583282
0,5907199999999999;65538,4;3,7375618276075375e-06;2;2687;0,5902179184282171
0,5931599999999999;65562,8;4,061785173814063e-06;2;2688;0,5934359208633174
0,5955999999999999;65587,2;3,885368855141968e-06;2;2689;0,5955468163355422
0,5980399999999999;65611,59999999999;3,642163409128225e-06;2;2690;0,5980947298798552
0,6004799999999999;65636,0;4,5075327907673045e-06;2;2691;0,601301416586224
0,6029199999999999;65660,4;3,7097413838411894e-06;2;2692;0,602836850442699
0,6053599999999999;65684,8;4,03075950262813e-06;2;2693;0,6048249727851512
0,6077999999999999;65709,2;3,6505384736250203e-06;2;2694;0,6080628602221982
0,6102399999999999;65733,59999999999;3,870579608392978e-06;2;2695;0,6106498282050856
0,6126799999999999;65758,0;4,027259508756518e-06;2;2696;0,6127148632571208
0,6151199999999999;65782,4;4,04841673680384e-06;2;2697;0,6152997844812403
0,6175599999999999;65806,8;3,692871256562875e-06;2;2698;0,6176828867205072
0,6199999999999999;65831,2;3,964036453254393e-06;2;2699;0,6201803377196922
0,6224399999999999;65855,59999999999;4,104982320074935e-06;2;2700;0,6229899907454072
0,6248799999999999;65880,0;4,445251943614474e-06;2;2701;0,6243857959534075
0,6273199999999999;65904,4;4,2394444239268e-06;2;2702;0,627262499813047
0,6297599999999999;65928,8;4,321863437482199e-06;2;2703;0,6299057235368648
0,6321999999999999;65953,2;4,189906188345225e-06;2;2704;0,6325415570513553
0,6346399999999999;65977,59999999999;3,7998646244182837e-06;2;2705;0,6341510807374247
0,6370799999999999;66002,0;3,901488871308259e-06;2;2706;0,6371114587913452
0,6395199999999999;66026,4;4,271958279441767e-06;2;2707;0,6394316356432835
0,6419599999999999;66050,8;3,7937713821055485e-06;2;2708;0,6416676450562788
0,6443999999999999;66075,2;3,663594312247469e-06;2;2709;0,6448161749171086
0,6468399999999999;66099,59999999999;3,986866106178984e-06;2;2710;0,6470581633319595
0,6492799999999999;66124,0;3,4546007787719676e-06;2;2711;0,6496545174444471
0,6517199999999999;66148,4;3,7652730801711967e-06;2;2712;0,6520417273572244
0,6541599999999999;66172,8;3,658134967632035e-06;2;2713;0,6542507264583626
0,6565999999999999;66197,2;3,876250607177013e-06;2;2714;0,6562869043749328
0,6590399999999998;66221,59999999999;4,3937021478853165e-06;2;2715;0,6585659378527757
0,6614799999999998;66246,0;4,695755073582396e-06;2;2716;0,6615417308657808
0,6639199999999998;66270,4;4,177914868272667e-06;2;2717;0,663920922836687
0,6663599999999998;66294,8;3,7118108596307315e-06;2;2718;0,6660652034255905
0,6687999999999998;66319,2;4,219329862985263e-06;2;2719;0,6688082885797987
0,6712399999999998;66343,59999999999;4,126147265873358e-06;2;2720;0,6710831415914268
0,6736799999999998;66368,0;3,819289280275769e-06;2;2721;0,6737942186851354
0,6761199999999998;66392,4;4,2643228822420504e-06;2;2722;0,6768014675291567
0,6785599999999998;66416,8;3,854930650680986e-06;2;2723;0,6786037687106552
0,6809999999999998;66441,2;3,8261663871191776e-06;2;2724;0,6811784157087127
0,6834399999999998;66465,59999999999;4,017211077287839e-06;2;2725;0,6836128693034529
0,6858799999999998;66490,0;4,2056385479451306e-06;2;2726;0,6864149508992874
0,6883199999999998;66514,4;3,889504423547093e-06;2;2727;0,6882126116651579
0,6907599999999998;66538,8;4,1065659255377776e-06;2;2728;0,6904481745904101
0,6931999999999998;66563,2;3,4511730608222727e-06;2;2729;0,693078286666499
0,6956399999999998;66587,59999999999;4,0876835562696164e-06;2;2730;0,6953273003917405
0,6980799999999998;66612,0;3,85646778023106e-06;2;2731;0,6983320515421365
0,7005199999999998;66636,4;3,843123837803122e-06;2;2732;0,7005479470644416
0,7029599999999998;66660,8;3,242262973534882e-06;2;2733;0,7025115347910033
0,7053999999999998;66685,2;3,565239165196523e-06;2;2734;0,7055682899221218
0,7078399999999998;66709,59999999999;3,4763360648948408e-06;2;2735;0,707362029770689
0,7102799999999998;66734,0;4,181636054156867e-06;2;2736;0,7100237602444572
0,7127199999999998;66758,4;3,723420491870325e-06;2;2737;0,7128814111372909
0,7151599999999999;66782,8;4,081995730182261e-06;2;2738;0,714667970262384
0,7175999999999999;66807,2;4,197672732528001e-06;2;2739;0,7178314848701786
0,7200399999999999;66831,59999999999;3,836075245203476e-06;2;2740;0,7197226621372036
0,7224799999999999;66856,0;3,691762373675643e-06;2;2741;0,7218467205033079
0,7249199999999999;66880,4;4,363152984708701e-06;2;2742;0,7250774391544685
0,7273599999999999;66904,8;4,0785823676135884e-06;2;2743;0,7275706342760402
0,7297999999999999;66929,2;3,6301949095464625e-06;2;2744;0,7296817090014122
0,7322399999999999;66953,59999999999;4,14412453122317e-06;2;2745;0,7323376963377012
0,7346799999999999;66978,0;3,800854309989603e-06;2;2746;0,734319659801243
0,7371199999999999;67002,4;4,139467526247429e-06;2;2747;0,7373210313812271
0,7395599999999999;67026,8;4,247852548613359e-06;2;2748;0,7401388248200996
0,7419999999999999;67051,2;3,7549183545061887e-06;2;2749;0,7416709296655067
0,7444399999999999;67075,59999999999;4,147492099295413e-06;2;2750;0,7441211282605159
0,7468799999999999;67100,0;3,0965649537339832e-06;2;2751;0,7467208500526081
0,7493199999999999;67124,4;4,1641383958145544e-06;2;2752;0,7497350477726547
0,7517599999999999;67148,8;3,4119828453121855e-06;2;2753;0,7515054737274685
0,7541999999999999;67173,2;4,757666435203194e-06;2;2754;0,7541784015179337
0,7566399999999999;67197,59999999999;4,1062487142217186e-06;2;2755;0,7564803362849998
0,7590799999999999;67222,0;3,8159357411081e-06;2;2756;0,7588703531279494
0,7615199999999999;67246,4;4,339984055919928e-06;2;2757;0,7613117602497154
0,7639599999999999;67270,8;3,7646664462259407e-06;2;2758;0,7641489316548467
0,7663999999999999;67295,2;4,0357525326673905e-06;2;2759;0,7662680423375168
0,7688399999999999;67319,59999999999;3,914528013131094e-06;2;2760;0,7694355029692317
0,7712799999999999;67344,0;4,0003532817079985e-06;2;2761;0,7710999421652363
0,7737199999999999;67368,4;3,832136585806201e-06;2;2762;0,7741974584343339
0,7761599999999999;67392,8;4,131441931182826e-06;2;2763;0,7764524428131834
0,7785999999999998;67417,2;3,7780450444077502e-06;2;2764;0,7783132353068226
0,7810399999999998;67441,59999999999;4,033756160078136e-06;2;2765;0,7813659929634303
0,7834799999999998;67466,0;4,188548035679616e-06;2;2766;0,7837180065977449
0,7859199999999998;67490,4;3,821348714954254e-06;2;2767;0,7858333998804471
0,7883599999999998;67514,8;4,250687394308472e-06;2;2768;0,7882902569519828
0,7907999999999998;67539,2;4,145717002820796e-06;2;2769;0,7910517493011162
0,7932399999999998;67563,59999999999;3,9113430092047454e-06;2;2770;0,7932587303126061
0,7956799999999998;67588,0;3,845801356087648e-06;2;2771;0,7958799393903782
0,7981199999999998;67612,4;3,9853615217860555e-06;2;2772;0,7982939588909893
0,8005599999999998;67636,8;3,864145507835172e-06;2;2773;0,8009570616082229
0,8029999999999998;67661,2;3,8458507702376646e-06;2;2774;0,802869545733738
0,8054399999999998;67685,59999999999;3,960192550436128e-06;2;2775;0,8051690374731683
0,8078799999999998;67710,0;3,936328585250371e-06;2;2776;0,8082862687127972
0,8103199999999998;67734,4;4,03203316984455e-06;2;2777;0,8101201223939094
0,8127599999999998;67758,8;4,425936093198146e-06;2;2778;0,8131649385594479
0,8151999999999998;67783,2;4,273531469941423e-06;2;2779;0,815164629656464
0,8176399999999998;67807,59999999999;4,2548679933646044e-06;2;2780;0,817431101131159
0,8200799999999998;67832,0;4,155194817547646e-06;2;2781;0,8203025194607999
0,8225199999999998;67856,4;3,818863447166121e-06;2;2782;0,8227225924409416
0,8249599999999998;67880,8;3,6818015468058103e-06;2;2783;0,8254047513291213
0,8273999999999998;67905,2;3,931730928985063e-06;2;2784;0,8270954224106345
0,8298399999999998;67929,59999999999;4,35584754355949e-06;2;2785;0,830483214478866
0,8322799999999998;67954,0;4,359759065906281e-06;2;2786;0,8322124872322683
0,8347199999999998;67978,4;3,5625935377021164e-06;2;2787;0,8346580838775437
0,8371599999999998;68002,79999999999;3,467756167953217e-06;2;2788;0,837173208256175
0,8395999999999998;68027,2;4,502458067256584e-06;2;2789;0,8397414724656116
0,8420399999999998;68051,59999999999;4,427504050787963e-06;2;2790;0,8419182815231683
0,8444799999999998;68076,0;3,8120314571664633e-06;2;2791;0,8443971338717525
0,8469199999999998;68100,4;3,9768347003925175e-06;2;2792;0,8468031818302327
0,8493599999999998;68124,79999999999;4,014996653234427e-06;2;2793;0,8497929039150164
0,8517999999999998;68149,2;4,330955474115898e-06;2;2794;0,8513552093748978
0,8542399999999998;68173,59999999999;3,853607092391722e-06;2;2795;0,8539417983661917
0,8566799999999998;68198,0;4,177537044886083e-06;2;2796;0,8566069763446365
0,8591199999999998;68222,4;4,082133463786498e-06;2;2797;0,8590732293867581
0,8615599999999998;68246,79999999999;4,090189387127809e-06;2;2798;0,861177767685188
0,8639999999999998;68271,2;4,316204971083957e-06;2;2799;0,8637686304004669
0,8664399999999998;68295,59999999999;4,043997626768401e-06;2;2800;0,8662784850038553
0,8688799999999999;68320,0;3,6156034384411086e-06;2;2801;0,8690995582399841
0,8713199999999999;68344,4;4,270721404031675e-06;2;2802;0,8714465209459625
0,8737599999999999;68368,79999999999;3,853885639763619e-06;2;2803;0,8740543868713567
0,8761999999999999;68393,2;4,269343520261069e-06;2;2804;0,8760211810125573
0,8786399999999999;68417,59999999999;4,0794247478863865e-06;2;2805;0,8782903569329414
0,8810799999999999;68442,0;3,7065919513219745e-06;2;2806;0,8813060643189691
0,8835199999999999;68466,4;4,076515069507581e-06;2;2807;0,8833398651678895
0,8859599999999999;68490,79999999999;3,809489613584661e-06;2;2808;0,8855797189374204
0,8883999999999999;68515,2;4,081065084634548e-06;2;2809;0,8881924067069458
0,8908399999999999;68539,59999999999;3,878712203572616e-06;2;2810;0,8908447326109127
0,8932799999999999;68564,0;4,303015152785755e-06;2;2811;0,8926915142955341
0,8957199999999998;68588,4;3,7864819153606427e-06;2;2812;0,8955906161318314
0,8981599999999998;68612,79999999999;3,889710194923039e-06;2;2813;0,8984873313639814
0,9005999999999998;68637,2;3,7900354778758236e-06;2;2814;0,9004461198744835
0,9030399999999998;68661,59999999999;3,761830546823857e-06;2;2815;0,90324985360793
0,9054799999999998;68686,0;3,919074014323919e-06;2;2816;0,9059001615094302
0,9079199999999998;68710,4;4,064262314033861e-06;2;2817;0,9080176695546482
0,9103599999999998;68734,79999999999;4,168216716866999e-06;2;2818;0,9103680482980874
0,9127999999999998;68759,2;4,015311597059198e-06;2;2819;0,9127976820570844
0,9152399999999998;68783,59999999999;3,863475518981299e-06;2;2820;0,9159013824954276
0,9176799999999998;68808,0;3,5322749085078137e-06;2;2821;0,9177721197951179
0,9201199999999998;68832,4;4,282638442146917e-06;2;2822;0,920300777165753
0,9225599999999998;68856,79999999999;3,847714206913058e-06;2;2823;0,922848898807748
0,9249999999999998;68881,2;4,120219778364439e-06;2;2824;0,9248810502830835
0,9274399999999998;68905,59999999999;3,680467761431541e-06;2;2825;0,9277059688791034
0,9298799999999998;68930,0;4,454266560136316e-06;2;2826;0,9292878025631869
0,9323199999999998;68954,4;4,2074666173514165e-06;2;2827;0,9324503866500858
0,9347599999999998;68978,79999999999;3,733404175874442e-06;2;2828;0,934943453410566
0,9371999999999998;69003,2;4,104419546654929e-06;2;2829;0,9372480647167851
0,9396399999999998;69027,59999999999;4,402820738197951e-06;2;2830;0,939444288097699
0,9420799999999998;69052,0;3,947013733422983e-06;2;2831;0,9420272348556521
0,9445199999999998;69076,4;3,4896095898536173e-06;2;2832;0,9449319768103043
0,9469599999999998;69100,79999999999;4,137043988901027e-06;2;2833;0,9471416766045916
0,9493999999999998;69125,2;4,554222791425494e-06;2;2834;0,9495345551748898
0,9518399999999998;69149,59999999999;3,5208311117859874e-06;2;2835;0,9518019324470095
0,9542799999999998;69174,0;4,307447983184904e-06;2;2836;0,9539348516552854
0,9567199999999998;69198,4;3,930143334146593e-06;2;2837;0,9564888710854099
0,9591599999999998;69222,79999999999;3,9726497566487395e-06;2;2838;0,959061287736755
0,9615999999999998;69247,2;4,057520463874258e-06;2;2839;0,9617247522551985
0,9640399999999998;69271,59999999999;4,003695761671459e-06;2;2840;0,964392130421627
0,9664799999999998;69296,0;4,2588363422026125e-06;2;2841;0,9657991569530456
0,9689199999999998;69320,4;3,6506300118084993e-06;2;2842;0,9686410128857417
0,9713599999999998;69344,79999999999;3,9741880593057924e-06;2;2843;0,9714039763084594
0,9737999999999998;69369,2;3,7193243774045153e-06;2;2844;0,9743589477390793
0,9762399999999998;69393,59999999999;3,8467863714327635e-06;2;2845;0,975821892759438
0,9786799999999998;69418,0;4,89177228777939e-06;2;2846;0,9785470810613428
0,9811199999999998;69442,4;3,7462139983601745e-06;2;2847;0,9815071559079485
0,9835599999999998;69466,79999999999;4,134656507599161e-06;2;2848;0,9837395490257431
0,9859999999999998;69491,2;4,091896733332663e-06;2;2849;0,9853749795317223
0,9884399999999998;69515,59999999999;3,4240146439169306e-06;2;2850;0,9878308987474378
0,9908799999999998;69540,0;3,655834804733863e-06;2;2851;0,9906584760703857
0,9933199999999998;69564,4;3,45513672032765e-06;2;2852;0,9928402524977031
0,9957599999999998;69588,79999999999;3,954136707264604e-06;2;2853;0,9957279864831321
0,9981999999999998;69613,2;3,605604347749006e-06;2;2854;0,9985346301290235
1,0006399999999998;69637,59999999999;3,7308241623067887e-06;2;2855;1,0006134915293654
1,0030799999999997;69662,0;3,539461266151487e-06;2;2856;1,0031424473362174
1,0055199999999997;69686,4;4,201958365903727e-06;2;2857;1,005135577521722
1,0079599999999997;69710,79999999999;4,1790594451322054e-06;2;2858;1,007714113866456
1,0103999999999997;69735,2;4,445906950588475e-06;2;2859;1,0105927995077002
1,0128399999999997;69759,59999999999;3,947237729218885e-06;2;2860;1,0129969487960775
1,0152799999999997;69784,0;4,221426544451096e-06;2;2861;1,015579273938707
1,0177199999999997;69808,4;4,338880082127984e-06;2;2862;1,0178787065882002
1,0201599999999997;69832,79999999999;4,627612112487762e-06;2;2863;1,0205450944899017
1,0225999999999997;69857,2;3,625134509212489e-06;2;2864;1,022120912794494
1,0250399999999997;69881,59999999999;3,756897500128654e-06;2;2865;1,0253989473764638
1,0274799999999997;69906,0;3,7057129534150205e-06;2;2866;1,0267219702252117
1,0299199999999997;69930,4;3,5840115067915014e-06;2;2867;1,0300944871725948
1,0323599999999997;69954,79999999999;4,214332419900526e-06;2;2868;1,033010532566111
1,0347999999999997;69979,2;4,218440013099405e-06;2;2869;1,0346817078377268
1,0372399999999997;70003,59999999999;3,5806558444304492e-06;2;2870;1,0373736942956815
1,0396799999999997;70028,0;3,674282630571235e-06;2;2871;1,0396347681127676
1,0421199999999997;70052,4;4,094109748538172e-06;2;2872;1,0417928852343477
1,0445599999999997;70076,79999999999;3,852488590255575e-06;2;2873;1,044514214170065
1,0469999999999997;70101,2;4,06870374761426e-06;2;2874;1,047118781171443
1,0494399999999997;70125,59999999999;3,949277194533808e-06;2;2875;1,0494799324902457
1,0518799999999997;70150,0;4,318004931777742e-06;2;2876;1,0520471051050155
1,0543199999999997;70174,4;4,338012656914505e-06;2;2877;1,0542575414166488
1,0567599999999997;70198,79999999999;3,4510452146662816e-06;2;2878;1,0562682271823878
1,0591999999999997;70223,2;4,406885498116841e-06;2;2879;1,059623478479029
1,0616399999999997;70247,59999999999;3,855456377322491e-06;2;2880;1,0616196346203277
1,0640799999999997;70272,0;3,6597902587683594e-06;2;2881;1,0637046438331983
1,0665199999999997;70296,4;4,180871959986152e-06;2;2882;1,0662639250342254
1,0689599999999997;70320,79999999999;3,706090472365893e-06;2;2883;1,0687150871581974
1,0713999999999997;70345,2;3,62282826494384e-06;2;2884;1,0713015876253733
1,0738399999999997;70369,59999999999;3,896508580519472e-06;2;2885;1,0738589879875027
1,0762799999999997;70394,0;4,408358874297238e-06;2;2886;1,0760647394036522
1,0787199999999997;70418,4;3,4546260325725095e-06;2;2887;1,0781470839550804
1,0811599999999997;70442,79999999999;3,6876030136289875e-06;2;2888;1,0809738310321986
1,0835999999999997;70467,2;3,4925360328349554e-06;2;2889;1,084089263015539
1,0860399999999997;70491,59999999999;3,638580956008783e-06;2;2890;1,0860772753126438
1,0884799999999997;70516,0;3,955431726990481e-06;2;2891;1,0888255160805347
1,0909199999999997;70540,4;3,604063351142341e-06;2;2892;1,0905722827584627
1,0933599999999997;70564,79999999999;4,0931132560188715e-06;2;2893;1,0933877492332627
1,0957999999999997;70589,2;4,031745924464955e-06;2;2894;1,0957450813846936
1,0982399999999997;70613,59999999999;4,216661443516735e-06;2;2895;1,0989429432551023
1,1006799999999997;70638,0;4,576010630413514e-06;2;2896;1,101169907508529
1,1031199999999999;70662,4;3,7034579082779606e-06;2;2897;1,1026086930649626
1,1055599999999999;70686,79999999999;3,855718988284211e-06;2;2898;1,105416612610852
1,1079999999999999;70711,2;3,818708616615612e-06;2;2899;1,1083606196484679
1,1104399999999999;70735,59999999999;3,864350162122604e-06;2;2900;1,110103891655301
1,1128799999999999;70760,0;4,1210087149443495e-06;2;2901;1,1121887396102574
1,1153199999999999;70784,4;4,179951306993033e-06;2;2902;1,1152733638695342
1,1177599999999999;70808,79999999999;3,848211847161835e-06;2;2903;1,117965421994441
1,1201999999999999;70833,2;4,399511122772224e-06;2;2904;1,1202143603597379
1,1226399999999999;70857,59999999999;3,918508799058709e-06;2;2905;1,1225544172219095
1,1250799999999999;70881,99999999999;3,965233666321203e-06;2;2906;1,1254678008007135
1,1275199999999999;70906,4;3,733026307781977e-06;2;2907;1,1276050767597292
1,1299599999999999;70930,79999999999;4,200392600662674e-06;2;2908;1,1297450079652036
1,1323999999999999;70955,2;4,2237134867425175e-06;2;2909;1,1322738739519735
1,1348399999999998;70979,59999999999;4,000841010822173e-06;2;2910;1,134712388034792
1,1372799999999998;71003,99999999999;3,354097059178278e-06;2;2911;1,1375371874619133
1,1397199999999998;71028,4;3,926844591962499e-06;2;2912;1,1398258974808577
1,1421599999999998;71052,79999999999;4,177982217955268e-06;2;2913;1,141670880743527
1,1445999999999998;71077,2;3,874814393208505e-06;2;2914;1,1447551210386813
1,1470399999999998;71101,59999999999;3,970981584742041e-06;2;2915;1,1466556898305598
1,1494799999999998;71125,99999999999;4,153766857947312e-06;2;2916;1,1493495697430338
1,1519199999999998;71150,4;3,454182380115521e-06;2;2917;1,152338357749592
1,1543599999999998;71174,79999999999;4,238411851126734e-06;2;2918;1,1538582735413052
1,1567999999999998;71199,2;3,4318904576549997e-06;2;2919;1,1565788497667269
1,1592399999999998;71223,59999999999;4,0286619281272566e-06;2;2920;1,1591012889542838
1,1616799999999998;71247,99999999999;4,172487915149872e-06;2;2921;1,1613127217586443
1,1641199999999998;71272,4;3,849415568535768e-06;2;2922;1,1644735464108893
1,1665599999999998;71296,79999999999;4,1401447903281e-06;2;2923;1,1663915275871553
1,1689999999999998;71321,2;4,148157987667389e-06;2;2924;1,1690054268575314
1,1714399999999998;71345,59999999999;3,840480374146034e-06;2;2925;1,171383412216409
1,1738799999999998;71369,99999999999;3,872686423462364e-06;2;2926;1,1741384258097936
1,1763199999999998;71394,4;4,241167767301518e-06;2;2927;1,1764416509802909
1,1787599999999998;71418,79999999999;4,091941999635651e-06;2;2928;1,179099063447325
1,1811999999999998;71443,2;4,180146732330017e-06;2;2929;1,1808799768604135
1,1836399999999998;71467,59999999999;4,123250847094519e-06;2;2930;1,183540285550668
1,1860799999999998;71491,99999999999;3,8292013423866414e-06;2;2931;1,186350112690457
1,1885199999999998;71516,4;3,6829091606403037e-06;2;2932;1,188690963952294
1,1909599999999998;71540,79999999999;3,6935849444407855e-06;2;2933;1,1911535605373773
1,1933999999999998;71565,2;3,5992149471789305e-06;2;2934;1,193454477345176
1,1958399999999998;71589,59999999999;3,397355879157335e-06;2;2935;1,1956082431525101
1,1982799999999998;71613,99999999999;3,822992637132415e-06;2;2936;1,198347104823439
1,2007199999999998;71638,4;3,729755775282015e-06;2;2937;1,2006583410595435
1,2031599999999998;71662,79999999999;4,019299945437035e-06;2;2938;1,2032827906896422
1,2055999999999998;71687,2;3,9315149329449795e-06;2;2939;1,2053819033194546
1,2080399999999998;71711,59999999999;4,1119447245138724e-06;2;2940;1,20775880964945
1,2104799999999998;71735,99999999999;4,337749080943732e-06;2;2941;1,210400024596043
1,2129199999999998;71760,4;3,70572073266885e-06;2;2942;1,2132078311451735
1,2153599999999998;71784,79999999999;3,924927052305455e-06;2;2943;1,2157347460491958
1,2177999999999998;71809,2;3,885779190012962e-06;2;2944;1,2175566857508207
1,2202399999999998;71833,59999999999;3,737929389822843e-06;2;2945;1,2204075772607468
1,2226799999999998;71857,99999999999;3,6420973873188437e-06;2;2946;1,2227964519084085
1,2251199999999998;71882,4;4,017894609825932e-06;2;2947;1,2245664317392706
1,2275599999999998;71906,79999999999;4,079067951486282e-06;2;2948;1,227384970092973
1,2299999999999998;71931,2;3,916816494836681e-06;2;2949;1,2302521286860957
1,2324399999999998;71955,59999999999;4,16870695805781e-06;2;2950;1,2327118169014368
1,2348799999999998;71979,99999999999;4,093542831085179e-06;2;2951;1,2345843862716703
1,2373199999999998;72004,4;4,303498958581877e-06;2;2952;1,2372791332210797
1,2397599999999998;72028,79999999999;4,012978779754492e-06;2;2953;1,2394564763884766
1,2421999999999997;72053,2;4,04595755774967e-06;2;2954;1,2418000020970552
1,2446399999999997;72077,59999999999;4,336238691636469e-06;2;2955;1,2444705768218454
1,2470799999999997;72101,99999999999;3,870515280739148e-06;2;2956;1,2472758721654535
1,2495199999999997;72126,4;4,138614290563773e-06;2;2957;1,2492486243712466
1,2519599999999997;72150,79999999999;4,298603479607592e-06;2;2958;1,2518853605141342
1,2543999999999997;72175,2;4,27079841621918e-06;2;2959;1,2539264785853244
1,2568399999999997;72199,59999999999;4,249553075256043e-06;2;2960;1,25675455755335
1,2592799999999997;72223,99999999999;4,187523367023911e-06;2;2961;1,2586416891015662
1,2617199999999997;72248,4;3,91536721901962e-06;2;2962;1,2617149048752314
1,2641599999999997;72272,79999999999;4,295331946876774e-06;2;2963;1,2647747373413512
1,2665999999999997;72297,2;3,8491390621662876e-06;2;2964;1,266574786737333
1,2690399999999997;72321,59999999999;3,873952348972535e-06;2;2965;1,268884494272055
1,2714799999999997;72345,99999999999;3,936300693896436e-06;2;2966;1,2718139785269233
1,2739199999999997;72370,4;4,162617564249034e-06;2;2967;1,2737053148937747
1,2763599999999997;72394,79999999999;4,4828520610160025e-06;2;2968;1,2767389846998776
1,2787999999999997;72419,2;4,396386137487555e-06;2;2969;1,2788200324212304
1,2812399999999997;72443,59999999999;4,382317214920454e-06;2;2970;1,2811485756322452
1,2836799999999997;72467,99999999999;4,20754834749884e-06;2;2971;1,2840588202233694
1,2861199999999997;72492,4;4,0466796086731255e-06;2;2972;1,2858849054939203
1,2885599999999997;72516,79999999999;3,7397511652005884e-06;2;2973;1,288687638980398
1,2909999999999997;72541,2;3,825052057561196e-06;2;2974;1,290794582304098
1,2934399999999997;72565,59999999999;4,041958388147035e-06;2;2975;1,2931748480473466
1,2958799999999997;72589,99999999999;4,5121540472632625e-06;2;2976;1,2963594779203715
1,2983199999999997;72614,4;4,173584278844002e-06;2;2977;1,2982754846938747
1,3007599999999997;72638,79999999999;4,111868595762672e-06;2;2978;1,3006537819733475
1,3031999999999997;72663,2;4,17447921309749e-06;2;2979;1,3038204899814863
1,3056399999999997;72687,59999999999;3,5979337561856797e-06;2;2980;1,3058428957379158
1,3080799999999997;72711,99999999999;3,8019463454030838e-06;2;2981;1,3086939543301361
1,3105199999999997;72736,4;4,154948580222734e-06;2;2982;1,3108889892769628
1,3129599999999997;72760,79999999999;4,3070865789056206e-06;2;2983;1,3132286020575454
1,3153999999999997;72785,2;3,822077893102826e-06;2;2984;1,315156221967774
1,3178399999999997;72809,59999999999;4,167693740141352e-06;2;2985;1,3182406824558168
1,3202799999999997;72833,99999999999;3,435284229639188e-06;2;2986;1,320094301795914
1,3227199999999997;72858,4;4,151332535827382e-06;2;2987;1,3229969964414003
1,3251599999999997;72882,79999999999;4,428299736638821e-06;2;2988;1,3252167023213797
1,3275999999999997;72907,2;3,939987491979267e-06;2;2989;1,327988072691555
1,3300399999999997;72931,59999999999;3,815496425733751e-06;2;2990;1,330334091442358
1,3324799999999997;72955,99999999999;4,802633775906027e-06;2;2991;1,3321660303072487
1,3349199999999997;72980,4;4,014893601494834e-06;2;2992;1,3352084053777578
1,3373599999999997;73004,79999999999;4,41506831357659e-06;2;2993;1,337234118929768
1,3397999999999997;73029,2;3,8051662279477363e-06;2;2994;1,33999006907044
1,3422399999999997;73053,59999999999;3,643511423549318e-06;2;2995;1,3423239667109648
1,3446799999999997;73077,99999999999;3,541160099366091e-06;2;2996;1,3446180228677893
1,3471199999999997;73102,4;4,298824909431379e-06;2;2997;1,3470862961702759
1,3495599999999996;73126,79999999999;3,5027214563252812e-06;2;2998;1,3497361911748862
1,3519999999999996;73151,2;3,4013419546926505e-06;2;2999;1,3522632824564924
1,3544399999999996;73175,59999999999;3,815996756052785e-06;2;3000;1,3547538964259638
1,3568799999999996;73199,99999999999;3,883456505500768e-06;2;3001;1,3565618432306574
1,3593199999999996;73224,4;3,917389767587707e-06;2;3002;1,3593798175262217
1,3617599999999996;73248,79999999999;3,627966649165581e-06;2;3003;1,362039636249021
1,3641999999999996;73273,2;3,757824806592579e-06;2;3004;1,3650047672105465
1,3666399999999996;73297,59999999999;4,017141098749459e-06;2;3005;1,3665528843555903
1,3690799999999996;73321,99999999999;3,420192235310267e-06;2;3006;1,3690500008924158
1,3715199999999996;73346,4;4,029399003908901e-06;2;3007;1,3719784440474811
1,3739599999999996;73370,79999999999;4,181782155157533e-06;2;3008;1,3738058365697032
1,3763999999999996;73395,2;4,411980987448152e-06;2;3009;1,3762776061833333
1,3788399999999996;73419,59999999999;4,1367082460677704e-06;2;3010;1,3793037686492418
1,3812799999999996;73443,99999999999;4,347228147622023e-06;2;3011;1,3815322830911845
1,3837199999999996;73468,4;4,090369267001942e-06;2;3012;1,3839439695935596
1,3861599999999996;73492,79999999999;4,448353179869878e-06;2;3013;1,3861816699144043
1,3885999999999996;73517,2;4,038304158112267e-06;2;3014;1,3882555638904501
1,3910399999999996;73541,59999999999;4,6262055201864146e-06;2;3015;1,3910567667088796
1,3934799999999996;73565,99999999999;4,179953170159973e-06;2;3016;1,3934520091171434
1,3959199999999996;73590,4;3,832815151018044e-06;2;3017;1,3953954430634488
1,3983599999999996;73614,79999999999;4,055418252382981e-06;2;3018;1,398308221266097
1,4007999999999996;73639,2;3,4774901764032445e-06;2;3019;1,4007590284530451
1,4032399999999996;73663,59999999999;4,363324809589186e-06;2;3020;1,4034056852567298
1,4056799999999996;73687,99999999999;3,917997323033788e-06;2;3021;1,4055969337509526
1,4081199999999996;73712,4;4,3698470977378954e-06;2;3022;1,4083448298582217
1,4105599999999996;73736,79999999999;4,662808111057205e-06;2;3023;1,4104270390280962
1,4129999999999996;73761,2;4,003131503655809e-06;2;3024;1,413440809410948
1,4154399999999996;73785,59999999999;4,011476592819367e-06;2;3025;1,416156921084642
1,4178799999999998;73809,99999999999;3,954701418842851e-06;2;3026;1,4176371387182436
1,4203199999999998;73834,4;4,111926996989682e-06;2;3027;1,4206894409269297
1,4227599999999998;73858,79999999999;4,6649316810985794e-06;2;3028;1,4230139339527337
1,4251999999999998;73883,19999999998;4,38521517446074e-06;2;3029;1,4255002624008786
1,4276399999999998;73907,59999999999;4,072430034776372e-06;2;3030;1,4275859929119583
1,4300799999999998;73931,99999999999;4,3181405571132515e-06;2;3031;1,4301253232343267
1,4325199999999998;73956,4;3,3826110240189606e-06;2;3032;1,4326425266518859
1,4349599999999998;73980,79999999999;4,037176593640198e-06;2;3033;1,4350279109459236
1,4373999999999998;74005,19999999998;3,1511388636347837e-06;2;3034;1,4378497639908172
1,4398399999999998;74029,59999999999;4,337294995377964e-06;2;3035;1,4405325632610744
1,4422799999999998;74053,99999999999;3,349369017667608e-06;2;3036;1,44212440213136
1,4447199999999998;74078,4;4,16429555882205e-06;2;3037;1,4443580482165108
1,4471599999999998;74102,79999999999;3,7291503794848284e-06;2;3038;1,4468793775644062
1,4495999999999998;74127,19999999998;4,767736796448448e-06;2;3039;1,4500438098929567
1,4520399999999998;74151,59999999999;3,6206333896101255e-06;2;3040;1,4521889088980116
1,4544799999999998;74175,99999999999;3,901352710853747e-06;2;3041;1,454516542755705
1,4569199999999998;74200,4;4,507779108875792e-06;2;3042;1,4564866729948125
1,4593599999999998;74224,79999999999;4,133101799734686e-06;2;3043;1,4592797278960907
1,4617999999999998;74249,19999999998;4,062202993166778e-06;2;3044;1,46170984011288
1,4642399999999998;74273,59999999999;3,93105163210114e-06;2;3045;1,4647573320032508
1,4666799999999998;74297,99999999999;4,028359941789885e-06;2;3046;1,466698420830487
1,4691199999999998;74322,4;3,775133688682208e-06;2;3047;1,4694589878929787
1,4715599999999998;74346,79999999999;3,950325297748906e-06;2;3048;1,4714363521604492
1,4739999999999998;74371,19999999998;3,986893971614613e-06;2;3049;1,4742329955400295
1,4764399999999998;74395,59999999999;4,2192698359368866e-06;2;3050;1,4763820107962382
1,4788799999999998;74419,99999999999;4,024371320634319e-06;2;3051;1,4791094615030471
1,4813199999999997;74444,4;4,254013216312308e-06;2;3052;1,4816158773386783
1,4837599999999997;74468,79999999999;3,5539166818364525e-06;2;3053;1,4833426316586062
1,4861999999999997;74493,19999999998;4,423205330511331e-06;2;3054;1,4866001891764957
1,4886399999999997;74517,59999999999;4,137337154921454e-06;2;3055;1,4892056379827254
1,4910799999999997;74541,99999999999;4,491863077920793e-06;2;3056;1,4915822200662516
1,4935199999999997;74566,4;4,159652963630728e-06;2;3057;1,4935816495250676
1,4959599999999997;74590,79999999999;3,969546223425759e-06;2;3058;1,4962648150413944
1,4983999999999997;74615,19999999998;4,0423500014414285e-06;2;3059;1,4984940801862
1,5008399999999997;74639,59999999999;3,6539450865987186e-06;2;3060;1,500757739369202
1,5032799999999997;74663,99999999999;3,93216111696926e-06;2;3061;1,503038296448072
1,5057199999999997;74688,4;4,055899520141984e-06;2;3062;1,505525326734964
1,5081599999999997;74712,79999999999;4,0404081882040485e-06;2;3063;1,5082334852571389
1,5105999999999997;74737,19999999998;3,509088713972941e-06;2;3064;1,5106082750841026
1,5130399999999997;74761,59999999999;4,1472429216738046e-06;2;3065;1,5133727828771393
1,5154799999999997;74785,99999999999;3,6990038204586674e-06;2;3066;1,5153001110893156
1,5179199999999997;74810,4;3,935595708156526e-06;2;3067;1,5181797988929377
1,5203599999999997;74834,79999999999;4,255383008392978e-06;2;3068;1,5198737859069533
1,5227999999999997;74859,19999999998;3,7881084105790986e-06;2;3069;1,5226834754452552
1,5252399999999997;74883,59999999999;3,962464247936753e-06;2;3070;1,5251639674025734
1,5276799999999997;74907,99999999999;3,867955738439141e-06;2;3071;1,5279302750985806
1,5301199999999997;74932,4;4,162096220007694e-06;2;3072;1,5306532522108285
1,5325599999999997;74956,8;3,654333934505729e-06;2;3073;1,532214065227458
1,5349999999999997;74981,2;3,5346439533028012e-06;2;3074;1,5347189827134586
1,5374399999999997;75005,59999999999;3,3777227595903095e-06;2;3075;1,5373243743858014
1,5398799999999997;75030,0;4,652786814235428e-06;2;3076;1,5388745962265407
1,5423199999999997;75054,4;4,203365415007069e-06;2;3077;1,5426301190166998
1,5447599999999997;75078,8;4,4854709465496455e-06;2;3078;1,5447452094724023
1,5471999999999997;75103,2;3,8877889759953025e-06;2;3079;1,5477579276871716
1,5496399999999997;75127,59999999999;4,33675542850134e-06;2;3080;1,5493494735058646
1,5520799999999997;75152,0;3,8664494120844535e-06;2;3081;1,5520345442224042
1,5545199999999997;75176,4;3,621166450456418e-06;2;3082;1,55404918955993
1,5569599999999997;75200,8;4,254088153355405e-06;2;3083;1,55624732357433
1,5593999999999997;75225,2;3,911665412265444e-06;2;3084;1,5591807264876638
1,5618399999999997;75249,59999999999;4,0779715723067695e-06;2;3085;1,5622160393385094
1,5642799999999997;75274,0;4,125683220222594e-06;2;3086;1,5639033304077286
1,5667199999999997;75298,4;4,177443945449712e-06;2;3087;1,5673991501084057
1,5691599999999997;75322,8;3,936174566816207e-06;2;3088;1,5693989978125331
1,5715999999999997;75347,2;3,3071607021005655e-06;2;3089;1,571479991304939
1,5740399999999997;75371,59999999999;3,643586218818177e-06;2;3090;1,573886054190883
1,5764799999999997;75396,0;4,169648340548079e-06;2;3091;1,5768398502016163
1,5789199999999997;75420,4;4,584074797848442e-06;2;3092;1,5787490864484142
1,5813599999999997;75444,8;3,989446769474345e-06;2;3093;1,5812743252624388
1,5837999999999997;75469,2;4,4139269498043014e-06;2;3094;1,5843143459117344
1,5862399999999997;75493,59999999999;3,2869919489236387e-06;2;3095;1,5865523642341208
1,5886799999999996;75518,0;4,4470286874364764e-06;2;3096;1,5887127032043595
1,5911199999999996;75542,4;3,659324510642479e-06;2;3097;1,591104435669546
1,5935599999999996;75566,8;3,6959534614389828e-06;2;3098;1,5940454907677037
1,5959999999999996;75591,2;3,910065420930618e-06;2;3099;1,5963009012553535
1,5984399999999996;75615,59999999999;4,089005225957858e-06;2;3100;1,5987920524760333
1,6008799999999996;75640,0;3,6406751981834866e-06;2;3101;1,6004436719570176
1,6033199999999996;75664,4;4,298831591015456e-06;2;3102;1,6035209634702328
1,6057599999999996;75688,8;3,5673402357241997e-06;2;3103;1,6060437474642895
1,6081999999999996;75713,2;4,040809718314946e-06;2;3104;1,6083318527274544
1,6106399999999996;75737,59999999999;3,734855193233997e-06;2;3105;1,6108151542195073
1,6130799999999996;75762,0;4,064016215275278e-06;2;3106;1,612661191169607
1,6155199999999996;75786,4;3,394729303439526e-06;2;3107;1,6155093027895882
1,6179599999999996;75810,8;3,706209005060848e-06;2;3108;1,6171703272005038
1,6203999999999996;75835,2;3,6252832308747277e-06;2;3109;1,6206359134377621
1,6228399999999996;75859,59999999999;4,272903699213118e-06;2;3110;1,6226931301891536
1,6252799999999996;75884,0;3,3280937140529847e-06;2;3111;1,6253402392884015
1,6277199999999996;75908,4;4,519274201403497e-06;2;3112;1,6280238532857945
1,6301599999999996;75932,8;3,846024347909215e-06;2;3113;1,6304604167343868
1,6325999999999996;75957,2;4,056945520819588e-06;2;3114;1,6325716513322075
1,6350399999999996;75981,59999999999;3,23574527641302e-06;2;3115;1,635265767289606
1,6374799999999996;76006,0;3,7609052747122464e-06;2;3116;1,637235405002876
1,6399199999999996;76030,4;4,251286084979569e-06;2;3117;1,6402048942366876
1,6423599999999996;76054,8;4,450107692162596e-06;2;3118;1,6425784917015553
1,6447999999999996;76079,2;3,702713432815964e-06;2;3119;1,6447891301419424
1,6472399999999996;76103,59999999999;4,339821686379429e-06;2;3120;1,6469141541096421
1,6496799999999996;76128,0;4,052500897797308e-06;2;3121;1,6495274428624869
1,6521199999999996;76152,4;4,192598647050097e-06;2;3122;1,6521424803306053
1,6545599999999996;76176,8;3,936250500089522e-06;2;3123;1,6545518289320293
1,6569999999999996;76201,2;4,4544941111505955e-06;2;3124;1,6567677163046377
1,6594399999999996;76225,59999999999;3,4877320106067165e-06;2;3125;1,6594328907990332
1,6618799999999996;76250,0;4,192725663688794e-06;2;3126;1,6620701719771633
1,6643199999999996;76274,4;4,46130265593077e-06;2;3127;1,6640426840993676
1,6667599999999996;76298,8;4,230741130697307e-06;2;3128;1,666456249704254
1,6691999999999996;76323,2;3,914004626400922e-06;2;3129;1,6689037909276614
1,6716399999999996;76347,59999999999;4,155263438691498e-06;2;3130;1,6716539735526212
1,6740799999999996;76372,0;4,07842375754861e-06;2;3131;1,6743209281639597
1,6765199999999996;76396,4;3,917400681560883e-06;2;3132;1,6769033637368846
1,6789599999999996;76420,8;4,320888441602057e-06;2;3133;1,6790628011480802
1,6813999999999996;76445,2;4,402837068555363e-06;2;3134;1,681262712647786
1,6838399999999996;76469,59999999999;3,5917938124321127e-06;2;3135;1,6834801446641132
1,6862799999999996;76494,0;4,5575384381402406e-06;2;3136;1,6864438178373704
1,6887199999999996;76518,4;4,01552236612424e-06;2;3137;1,688780124297865
1,6911599999999996;76542,8;3,9487807131192165e-06;2;3138;1,6910793320979514
1,6935999999999996;76567,2;4,277928849315273e-06;2;3139;1,694084628398353
1,6960399999999995;76591,59999999999;3,769839729116615e-06;2;3140;1,6958052267051829
1,6984799999999995;76616,0;4,140453239289612e-06;2;3141;1,698664946071243
1,7009199999999995;76640,4;3,901759826734246e-06;2;3142;1,7005888478011566
1,7033599999999995;76664,8;3,989519093786317e-06;2;3143;1,703471705808574
1,7057999999999995;76689,2;4,116226655118775e-06;2;3144;1,705960923634831
1,7082399999999995;76713,59999999999;4,00634295607682e-06;2;3145;1,7078892352809305
1,7106799999999995;76738,0;3,901541392617703e-06;2;3146;1,7114038485260914
1,7131199999999995;76762,4;4,3615541269643586e-06;2;3147;1,7134948155392562
1,7155599999999995;76786,8;4,172105014948547e-06;2;3148;1,7150807204601295
1,7179999999999995;76811,2;4,1497823528996125e-06;2;3149;1,7180676588656578
1,7204399999999995;76835,59999999999;4,265483228042358e-06;2;3150;1,7206243900636808
1,7228799999999995;76860,0;3,373206386813147e-06;2;3151;1,7231962656547775
1,7253199999999995;76884,4;4,272782549341595e-06;2;3152;1,725183757678627
1,7277599999999997;76908,8;4,692094778136218e-06;2;3153;1,72753160525486
1,7301999999999997;76933,2;3,689714757400745e-06;2;3154;1,729983530900024
1,7326399999999997;76957,59999999999;4,755420358946793e-06;2;3155;1,7324551338337695
1,7350799999999997;76982,0;3,462977916861875e-06;2;3156;1,735015281850611
1,7375199999999997;77006,4;3,790762229169341e-06;2;3157;1,737380775568295
1,7399599999999997;77030,79999999999;4,202288712423721e-06;2;3158;1,7400506215013536
1,7423999999999997;77055,2;3,820680080275886e-06;2;3159;1,742123774566027
1,7448399999999997;77079,59999999999;3,7329769283226165e-06;2;3160;1,744768654258413
1,7472799999999997;77104,0;4,045913129110474e-06;2;3161;1,74734614668892
1,7497199999999997;77128,4;4,13118414390816e-06;2;3162;1,749948973380493
1,7521599999999997;77152,79999999999;4,262330673685428e-06;2;3163;1,7524263248524057
1,7545999999999997;77177,2;3,918354363045431e-06;2;3164;1,7549696214480948
1,7570399999999997;77201,59999999999;3,3914160046949146e-06;2;3165;1,7570400375620723
1,7594799999999997;77226,0;4,171781039601957e-06;2;3166;1,759415058066131
1,7619199999999997;77250,4;4,3886283411047695e-06;2;3167;1,7618987706862521
1,7643599999999997;77274,79999999999;3,861622308087632e-06;2;3168;1,7640462665244974
1,7667999999999997;77299,2;4,236019625219655e-06;2;3169;1,7665437124327201
1,7692399999999997;77323,59999999999;3,591031833569737e-06;2;3170;1,7687400938091973
1,7716799999999997;77348,0;3,783288462545448e-06;2;3171;1,7713665831653969
1,7741199999999997;77372,4;3,644071036834334e-06;2;3172;1,7741347073419378
1,7765599999999997;77396,79999999999;4,028812333710749e-06;2;3173;1,7770389835801608
1,7789999999999997;77421,2;3,6485527519828097e-06;2;3174;1,7792642278765658
1,7814399999999997;77445,59999999999;4,496882727973356e-06;2;3175;1,7814702691527893
1,7838799999999997;77470,0;4,153719853427711e-06;2;3176;1,783648663531798
1,7863199999999997;77494,4;4,013076778954843e-06;2;3177;1,7866392095201595
1,7887599999999997;77518,79999999999;4,21474552973379e-06;2;3178;1,7889185532363816
1,7911999999999997;77543,2;4,3832413277684735e-06;2;3179;1,7911422403403778
1,7936399999999997;77567,59999999999;4,116626932435963e-06;2;3180;1,7939157273826596
1,7960799999999997;77592,0;3,749033024432689e-06;2;3181;1,795743458808867
1,7985199999999997;77616,4;4,026187680037154e-06;2;3182;1,7985782443658433
1,8009599999999997;77640,79999999999;3,869100287207084e-06;2;3183;1,801189880409437
1,8033999999999997;77665,2;4,161567284665232e-06;2;3184;1,8029076394039751
1,8058399999999997;77689,59999999999;3,8838683086720825e-06;2;3185;1,8057557494819794
1,8082799999999997;77714,0;4,021258612585379e-06;2;3186;1,8082114732828631
1,8107199999999997;77738,4;4,31503918867718e-06;2;3187;1,8102342062960919
1,8131599999999997;77762,79999999999;3,760416398405881e-06;2;3188;1,8131767416552949
1,8155999999999997;77787,2;3,955694701229337e-06;2;3189;1,815524114589492
1,8180399999999997;77811,59999999999;3,929983656633692e-06;2;3190;1,8178077608210552
1,8204799999999997;77836,0;3,817137240988805e-06;2;3191;1,8202477658612266
1,8229199999999997;77860,4;4,767665993035253e-06;2;3192;1,8232950957289191
1,8253599999999996;77884,79999999999;4,350813367883461e-06;2;3193;1,8250477793982456
1,8277999999999996;77909,2;3,802386313104297e-06;2;3194;1,828153457843794
1,8302399999999996;77933,59999999999;3,8073438133688248e-06;2;3195;1,830182812000825
1,8326799999999996;77958,0;4,102404386027965e-06;2;3196;1,8328476594618983
1,8351199999999996;77982,4;4,379952259539668e-06;2;3197;1,8349642242298816
1,8375599999999996;78006,79999999999;3,969263830483797e-06;2;3198;1,8378640811730567
1,8399999999999996;78031,2;4,255749912329069e-06;2;3199;1,8398108931627721
1,8424399999999996;78055,59999999999;3,4758754403896147e-06;2;3200;1,8427114116842938
1,8448799999999996;78080,0;4,121307925001797e-06;2;3201;1,8452242838244102
1,8473199999999996;78104,4;4,3975969151590406e-06;2;3202;1,8470258696606332
1,8497599999999996;78128,79999999999;4,048710845464889e-06;2;3203;1,8499703974437882
1,8521999999999996;78153,2;3,809366179068225e-06;2;3204;1,8519990064875649
1,8546399999999996;78177,59999999999;4,333375733952773e-06;2;3205;1,8549741465579808
1,8570799999999996;78202,0;3,7049837414363887e-06;2;3206;1,8573010311504965
1,8595199999999996;78226,4;3,915342446689145e-06;2;3207;1,8593495349018505
1,8619599999999996;78250,79999999999;4,184203017599382e-06;2;3208;1,8619996450040368
1,8643999999999996;78275,2;3,7276299487339467e-06;2;3209;1,8644836788136636
1,8668399999999996;78299,59999999999;4,7953606006806554e-06;2;3210;1,8664508341217214
1,8692799999999996;78324,0;3,943141952919327e-06;2;3211;1,8698389815820258
1,8717199999999996;78348,4;3,396271675416123e-06;2;3212;1,8716993877394685
1,8741599999999996;78372,79999999999;4,331206594655106e-06;2;3213;1,8744075184636284
1,8765999999999996;78397,2;4,1087254603242025e-06;2;3214;1,8769919523642347
1,8790399999999996;78421,59999999999;3,9889813048853055e-06;2;3215;1,8787258657145016
1,8814799999999996;78446,0;4,147847408088395e-06;2;3216;1,8811112872177698
1,8839199999999996;78470,4;4,192959698844806e-06;2;3217;1,8835674083646132
1,8863599999999996;78494,79999999999;3,969663108869996e-06;2;3218;1,8865860184867402
1,8887999999999996;78519,2;4,208407268084258e-06;2;3219;1,888742219988298
1,8912399999999996;78543,59999999999;4,119419383981148e-06;2;3220;1,8915440283343645
1,8936799999999996;78568,0;4,288227471764922e-06;2;3221;1,893967608601077
1,8961199999999996;78592,4;3,857275069154609e-06;2;3222;1,8961113130880316
1,8985599999999996;78616,79999999999;3,8868481169828854e-06;2;3223;1,899028779002855
1,9009999999999996;78641,2;4,190882938208879e-06;2;3224;1,90111251939292
1,9034399999999996;78665,59999999999;4,212757588282468e-06;2;3225;1,903203493081767
1,9058799999999996;78690,0;3,9952493915296705e-06;2;3226;1,9061381406428703
1,9083199999999996;78714,4;4,031165672140347e-06;2;3227;1,908198025585674
1,9107599999999996;78738,79999999999;4,288408428109052e-06;2;3228;1,9109371566260231
1,9131999999999996;78763,2;3,746688533190292e-06;2;3229;1,9130280390126535
1,9156399999999996;78787,59999999999;3,6417632717814576e-06;2;3230;1,9159263308988235
1,9180799999999996;78812,0;4,240345434079517e-06;2;3231;1,9180802991778987
1,9205199999999996;78836,4;4,1176907956749744e-06;2;3232;1,9205051579772345
1,9229599999999996;78860,79999999999;3,7905256555956234e-06;2;3233;1,922827234067208
1,9253999999999996;78885,2;3,9157952179096e-06;2;3234;1,9259880042826911
1,9278399999999996;78909,59999999999;3,7736379226244326e-06;2;3235;1,9278338341652657
1,9302799999999996;78934,0;3,844698046602041e-06;2;3236;1,9307661732227934
1,9327199999999995;78958,4;4,397991351706237e-06;2;3237;1,9318447562211214
1,9351599999999995;78982,79999999999;4,01614397808285e-06;2;3238;1,935199199567431
1,9375999999999995;79007,2;3,667355139781815e-06;2;3239;1,9375500989671464
1,9400399999999995;79031,59999999999;4,158205724220974e-06;2;3240;1,9401686650714265
1,9424799999999995;79056,0;4,158958688805746e-06;2;3241;1,9427647425865795
1,9449199999999995;79080,4;3,982065937157761e-06;2;3242;1,9446110196357582
1,9473599999999995;79104,79999999999;3,97979376783544e-06;2;3243;1,9480756283535394
1,9497999999999995;79129,2;4,151709553297333e-06;2;3244;1,9501266493219067
1,9522399999999995;79153,59999999999;4,231364612071848e-06;2;3245;1,9523483850729326
1,9546799999999995;79178,0;3,971013606868113e-06;2;3246;1,9546940536930975
1,9571199999999995;79202,4;3,830804485040379e-06;2;3247;1,957212679263037
1,9595599999999995;79226,79999999999;3,931853543309449e-06;2;3248;1,9592946173736632
1,9619999999999995;79251,2;4,294177864322406e-06;2;3249;1,961918834582634
1,9644399999999995;79275,59999999999;4,232133411217213e-06;2;3250;1,9643434184682171
1,9668799999999995;79300,0;3,873794450342998e-06;2;3251;1,9667218322239348
1,9693199999999995;79324,4;4,852347338124712e-06;2;3252;1,9695657437137137
1,9717599999999995;79348,79999999999;4,753383335370339e-06;2;3253;1,9716644675950037
1,9741999999999995;79373,2;3,684332109631907e-06;2;3254;1,9743447569478103
1,9766399999999995;79397,59999999999;4,308980659495111e-06;2;3255;1,9769630500906155
1,9790799999999995;79422,0;3,7011175989354934e-06;2;3256;1,9793143548636183
1,9815199999999995;79446,4;4,013249440283272e-06;2;3257;1,9819362817542974
1,9839599999999995;79470,79999999999;4,466144180320917e-06;2;3258;1,983919073082638
1,9863999999999995;79495,2;4,2322102139770106e-06;2;3259;1,9865484986778863
1,9888399999999995;79519,59999999999;3,641869187063359e-06;2;3260;1,9886514315101669
1,9912799999999995;79544,0;4,155360427082812e-06;2;3261;1,990982891232385
1,9937199999999995;79568,4;3,264117804596935e-06;2;3262;1,9938132297963673
1,9961599999999995;79592,79999999999;3,524159716400168e-06;2;3263;1,9962520224293017
1,9985999999999995;79617,2;4,0105832574742714e-06;2;3264;1,9985325777203584
2,0;79641,59999999999;-4,247691756418119e-06;3;3265;2,000197532836579
1,99756;79666,0;-3,526797941958732e-06;3;3266;1,9973776038975857
1,99512;79690,4;-3,959950968677331e-06;3;3267;1,994718973079798
1,99268;79714,79999999999;-3,6167222532335924e-06;3;3268;1,9923212355224214
1,99024;79739,2;-3,96472570874128e-06;3;3269;1,990239069762178
1,9878;79763,59999999999;-3,949150362136576e-06;3;3270;1,9879626449772296
1,98536;79788,0;-3,948150300900627e-06;3;3271;1,9857182642519
1,98292;79812,4;-3,410044889423852e-06;3;3272;1,9830607668651354
1,98048;79836,79999999999;-3,514719955008032e-06;3;3273;1,9803185517137984
1,97804;79861,2;-4,335586939615874e-06;3;3274;1,9778056268171036
1,9756;79885,59999999999;-4,077961140836456e-06;3;3275;1,9750316516674167
1,97316;79910,0;-3,494194052906107e-06;3;3276;1,9731016548443165
1,97072;79934,4;-4,45176813804109e-06;3;3277;1,9711929160634878
1,96828;79958,79999999999;-3,4483073147918968e-06;3;3278;1,9682327102601251
1,96584;79983,2;-3,8096651467212474e-06;3;3279;1,966053158156694
1,9634;80007,59999999999;-4,30617864399805e-06;3;3280;1,9635671632722553
1,96096;80031,99999999999;-4,666563746416833e-06;3;3281;1,961195184040564
1,95852;80056,4;-3,982009014942154e-06;3;3282;1,9588607815123487
1,95608;80080,79999999999;-3,4770545398707245e-06;3;3283;1,9564798676937603
1,95364;80105,2;-3,9296500667620855e-06;3;3284;1,9536483958862378
1,9512;80129,59999999999;-3,833718473903572e-06;3;3285;1,9506042515588762
1,94876;80153,99999999999;-3,853964444559696e-06;3;3286;1,9490843311093888
1,94632;80178,4;-4,07371582167401e-06;3;3287;1,9464168524405439
1,94388;80202,79999999999;-3,880835914763058e-06;3;3288;1,9439668359463043
1,94144;80227,2;-4,188322986246723e-06;3;3289;1,9415422637638833
1,939;80251,59999999999;-4,171963443848537e-06;3;3290;1,9388842381596847
1,93656;80275,99999999999;-4,277119730693654e-06;3;3291;1,9361485725221572
1,93412;80300,4;-4,112193782170294e-06;3;3292;1,933978711886575
1,93168;80324,79999999999;-4,112379253381075e-06;3;3293;1,9320806802476833
1,92924;80349,2;-3,94400491231341e-06;3;3294;1,9292675951351566
1,9268;80373,59999999999;-4,103671683450688e-06;3;3295;1,9268763355413299
1,92436;80397,99999999999;-4,497225293119703e-06;3;3296;1,9243522326013311
1,92192;80422,4;-4,331651113011e-06;3;3297;1,922247289249025
1,91948;80446,79999999999;-4,080396335594246e-06;3;3298;1,9192540461520529
1,91704;80471,2;-3,8412581057588085e-06;3;3299;1,9171634348434965
1,9146;80495,59999999999;-4,086846721246716e-06;3;3300;1,9145029256953783
1,91216;80519,99999999999;-3,882766914107293e-06;3;3301;1,9124870427846516
1,90972;80544,4;-4,461586727315347e-06;3;3302;1,9094640973268153
1,90728;80568,79999999999;-3,643214849477947e-06;3;3303;1,9078651083816414
1,90484;80593,2;-4,138376018745938e-06;3;3304;1,9050486856878386
1,9024;80617,59999999999;-4,241764217472757e-06;3;3305;1,9028366307070248
1,89996;80641,99999999999;-3,988372985741822e-06;3;3306;1,9001873711210204
1,89752;80666,4;-3,864785566032985e-06;3;3307;1,8971571532961873
1,89508;80690,79999999999;-4,067802103759738e-06;3;3308;1,8952116443572946
1,89264;80715,2;-3,8019879049686156e-06;3;3309;1,8928605183156135
1,8902;80739,59999999999;-4,529829304604352e-06;3;3310;1,8904726413914577
1,88776;80763,99999999999;-4,030018471156098e-06;3;3311;1,88780410093868
1,88532;80788,4;-3,741690819521606e-06;3;3312;1,8857494972252185
1,88288;80812,79999999999;-3,856132245799551e-06;3;3313;1,8827247321940415
1,8804400000000001;80837,2;-4,085087271727869e-06;3;3314;1,8804349691562001
1,8780000000000001;80861,59999999999;-3,90236098186912e-06;3;3315;1,8782955872403508
1,8755600000000001;80885,99999999999;-3,472982781570731e-06;3;3316;1,8754149522673502
1,8731200000000001;80910,4;-4,3387994661264496e-06;3;3317;1,8727366478736671
1,8706800000000001;80934,79999999999;-3,921411630574914e-06;3;3318;1,8713763782693815
1,8682400000000001;80959,2;-3,96213857544243e-06;3;3319;1,8684577711779078
1,8658000000000001;80983,59999999999;-3,7905958798708085e-06;3;3320;1,8653961350240273
1,8633600000000001;81007,99999999999;-4,342361182429221e-06;3;3321;1,8635793260607703
1,8609200000000001;81032,4;-3,519460113065729e-06;3;3322;1,8609484493250967
1,8584800000000001;81056,79999999999;-3,7385175359896365e-06;3;3323;1,8584287903702716
1,8560400000000001;81081,2;-3,3043488682758986e-06;3;3324;1,8559619856610043
1,8536000000000001;81105,59999999999;-3,975809664732184e-06;3;3325;1,8536733580199143
1,8511600000000001;81129,99999999999;-4,180573999250655e-06;3;3326;1,8514572768802446
1,8487200000000001;81154,4;-4,539048798619443e-06;3;3327;1,8486786145229355
1,8462800000000001;81178,79999999999;-4,141612606930149e-06;3;3328;1,8463742072815055
1,8438400000000001;81203,2;-4,380675042202525e-06;3;3329;1,8440576272422975
1,8414000000000001;81227,59999999999;-4,603353810697121e-06;3;3330;1,841620305337889
1,8389600000000002;81251,99999999999;-4,259850314283882e-06;3;3331;1,838746330630157
1,8365200000000002;81276,4;-4,078482814899828e-06;3;3332;1,8362546570115068
1,8340800000000002;81300,79999999999;-4,050073844773729e-06;3;3333;1,833993030115251
1,8316400000000002;81325,2;-3,2245423868742833e-06;3;3334;1,8313555851279057
1,8292000000000002;81349,59999999999;-3,53221355592942e-06;3;3335;1,8287135825151104
1,8267600000000002;81373,99999999999;-3,941174129601972e-06;3;3336;1,8268718224656555
1,8243200000000002;81398,4;-3,783827843616001e-06;3;3337;1,8246538841242106
1,8218800000000002;81422,79999999999;-4,113090424686822e-06;3;3338;1,8219677088823507
1,8194400000000002;81447,2;-4,124120148299612e-06;3;3339;1,819169075312425
1,8170000000000002;81471,59999999999;-3,850443280126026e-06;3;3340;1,8161468655672766
1,8145600000000002;81495,99999999999;-4,033406115981811e-06;3;3341;1,814584719369501
1,8121200000000002;81520,4;-3,519660782993472e-06;3;3342;1,8121523546542257
1,8096800000000002;81544,79999999999;-3,7743006191404713e-06;3;3343;1,8092146694645548
1,8072400000000002;81569,2;-4,31045039596845e-06;3;3344;1,8076841167049529
1,8048000000000002;81593,59999999999;-4,447065374929058e-06;3;3345;1,8050611099452665
1,8023600000000002;81617,99999999999;-3,952263949228489e-06;3;3346;1,8024380055768414
1,7999200000000002;81642,4;-3,638686655748803e-06;3;3347;1,8003301994257845
1,7974800000000002;81666,79999999999;-4,313642959916181e-06;3;3348;1,797331374155189
1,7950400000000002;81691,2;-4,278818974752627e-06;3;3349;1,7952207227524284
1,7926000000000002;81715,59999999999;-3,27920629396417e-06;3;3350;1,7925940541829415
1,7901600000000002;81739,99999999999;-3,990976870747286e-06;3;3351;1,7902081494861521
1,7877200000000002;81764,4;-4,0994076900867224e-06;3;3352;1,788524406824795
1,7852800000000002;81788,79999999999;-3,2534558857646626e-06;3;3353;1,7855299261615774
1,7828400000000002;81813,2;-4,088119209477197e-06;3;3354;1,7824279543867743
1,7804000000000002;81837,59999999999;-4,3386809356101115e-06;3;3355;1,7802975442613083
1,7779600000000002;81861,99999999999;-3,974883154211355e-06;3;3356;1,7782468055587703
1,7755200000000002;81886,4;-4,374581653708159e-06;3;3357;1,7750771975320399
1,7730800000000002;81910,79999999999;-4,475527551121112e-06;3;3358;1,772776671090321
1,7706400000000002;81935,2;-3,7103922600286767e-06;3;3359;1,7703656537484171
1,7682000000000002;81959,59999999999;-4,1670858828729705e-06;3;3360;1,7681220307618524
1,7657600000000002;81983,99999999999;-3,8526754487779255e-06;3;3361;1,7660915896076275
1,7633200000000002;82008,4;-4,332203960835765e-06;3;3362;1,7635501166718244
1,7608800000000002;82032,79999999999;-4,072074500600217e-06;3;3363;1,7609565464622257
1,7584400000000002;82057,2;-4,368828546756623e-06;3;3364;1,758574589370038
1,7560000000000002;82081,59999999999;-4,283038532829157e-06;3;3365;1,7563865980493403
1,7535600000000002;82105,99999999999;-3,4745690572816025e-06;3;3366;1,7531436741964914
1,7511200000000002;82130,4;-3,7748499360756393e-06;3;3367;1,7511435454144275
1,7486800000000002;82154,79999999999;-3,7952648118060262e-06;3;3368;1,7488057429598085
1,7462400000000002;82179,2;-4,006172827484324e-06;3;3369;1,7461714259286674
1,7438000000000002;82203,59999999999;-4,1041220990372585e-06;3;3370;1,7436292863503373
1,7413600000000002;82227,99999999999;-4,007763761467544e-06;3;3371;1,741731517201213
1,7389200000000002;82252,4;-4,128962707214696e-06;3;3372;1,7389246562607565
1,7364800000000002;82276,79999999999;-3,845149680612983e-06;3;3373;1,7368454053142526
1,7340400000000002;82301,2;-4,027991602141507e-06;3;3374;1,7343945347164946
1,7316000000000003;82325,59999999999;-3,9404982882740375e-06;3;3375;1,7313986797390535
1,7291600000000003;82349,99999999999;-3,1967698237099516e-06;3;3376;1,72915028788431
1,7267200000000003;82374,4;-4,000662485819099e-06;3;3377;1,7266185680665336
1,7242800000000003;82398,79999999999;-4,326122363807132e-06;3;3378;1,724231899424693
1,7218400000000003;82423,2;-3,5217485789904262e-06;3;3379;1,721694635906377
1,7194000000000003;82447,59999999999;-4,309153526539921e-06;3;3380;1,719022073725353
1,7169600000000003;82471,99999999999;-4,31042264897522e-06;3;3381;1,7162982743839854
1,7145200000000003;82496,4;-3,456227519329911e-06;3;3382;1,7140570807359041
1,7120800000000003;82520,79999999999;-3,865902110038951e-06;3;3383;1,7119886846309238
1,7096400000000003;82545,2;-4,302553188493908e-06;3;3384;1,709862954704906
1,7072000000000003;82569,59999999999;-3,969628880047869e-06;3;3385;1,706853299909154
1,7047600000000003;82593,99999999999;-3,574594152194994e-06;3;3386;1,7047225103100703
1,7023200000000003;82618,4;-4,271231070587612e-06;3;3387;1,702417371679239
1,6998800000000003;82642,79999999999;-3,935007224030936e-06;3;3388;1,6997803519539831
1,6974400000000003;82667,2;-3,2664499430996977e-06;3;3389;1,6969873435096123
1,6950000000000003;82691,59999999999;-4,037740691125364e-06;3;3390;1,694829224244684
1,6925600000000003;82715,99999999999;-4,500121264998992e-06;3;3391;1,6926653657035342
1,6901200000000003;82740,4;-4,1134721724699635e-06;3;3392;1,6901139314566438
1,6876800000000003;82764,79999999999;-4,083479552258424e-06;3;3393;1,6881102642052024
1,6852400000000003;82789,2;-4,15551562765215e-06;3;3394;1,6858618349225218
1,6828000000000003;82813,59999999999;-3,473979138462209e-06;3;3395;1,6833294214055126
1,6803600000000003;82837,99999999999;-3,936122315750546e-06;3;3396;1,680317245988961
1,6779200000000003;82862,4;-3,987314598849883e-06;3;3397;1,6785118542205026
1,6754800000000003;82886,79999999999;-3,831464703093318e-06;3;3398;1,6751688985321789
1,6730400000000003;82911,2;-3,951893496447163e-06;3;3399;1,6731595873383076
1,6706000000000003;82935,59999999999;-4,577866643757985e-06;3;3400;1,6707696253746802
1,6681600000000003;82959,99999999999;-3,795563216446796e-06;3;3401;1,6681206483743862
1,6657200000000003;82984,4;-3,833900995235691e-06;3;3402;1,6656572392484925
1,6632800000000003;83008,79999999999;-3,881515730285418e-06;3;3403;1,6632563340961533
1,6608400000000003;83033,19999999998;-3,777967394632442e-06;3;3404;1,66107461625253
1,6584000000000003;83057,59999999999;-3,6636972481300546e-06;3;3405;1,6584736960091422
1,6559600000000003;83081,99999999999;-3,5820572821854285e-06;3;3406;1,6560801675070242
1,6535200000000003;83106,4;-4,47893888209554e-06;3;3407;1,653852071693528
1,6510800000000003;83130,79999999999;-4,226699366670743e-06;3;3408;1,6505816764840129
1,6486400000000003;83155,19999999998;-4,305006246021845e-06;3;3409;1,6486438885661285
1,6462000000000003;83179,59999999999;-4,136493698946414e-06;3;3410;1,6461698279768247
1,6437600000000003;83203,99999999999;-3,889429240945926e-06;3;3411;1,64322879473193
1,6413200000000003;83228,4;-4,5356323257794165e-06;3;3412;1,6412475594416551
1,6388800000000003;83252,79999999999;-3,7992993496925107e-06;3;3413;1,6387864458408334
1,6364400000000003;83277,19999999998;-4,454247982330589e-06;3;3414;1,6361483936016685
1,6340000000000003;83301,59999999999;-4,298076135323178e-06;3;3415;1,6339575147031378
1,6315600000000003;83325,99999999999;-4,365930803064959e-06;3;3416;1,6312934728987956
1,6291200000000003;83350,4;-4,147948933355243e-06;3;3417;1,6289345280140863
1,6266800000000003;83374,79999999999;-3,903660807065388e-06;3;3418;1,6268827973932218
1,6242400000000004;83399,19999999998;-4,617280394913536e-06;3;3419;1,6239627581711653
1,6218000000000004;83423,59999999999;-3,5315646672733075e-06;3;3420;1,6213859027549222
1,6193600000000004;83447,99999999999;-4,2895840137213645e-06;3;3421;1,6195713913149297
1,6169200000000004;83472,4;-3,3508449925431483e-06;3;3422;1,6171816257665605
1,6144800000000004;83496,79999999999;-4,461702105881004e-06;3;3423;1,6144482233195723
1,6120400000000004;83521,19999999998;-3,740905064873011e-06;3;3424;1,611740005152226
1,6096000000000004;83545,59999999999;-3,829138490374072e-06;3;3425;1,6089904176429952
1,6071600000000004;83569,99999999999;-4,0698944640692975e-06;3;3426;1,6069170163648319
1,6047200000000004;83594,4;-4,429562921232256e-06;3;3427;1,605011983422234
1,6022800000000004;83618,79999999999;-4,140484294447717e-06;3;3428;1,6022512242750582
1,5998400000000004;83643,19999999998;-3,6131174395575713e-06;3;3429;1,600264797573374
1,5974000000000004;83667,59999999999;-3,7425533055300833e-06;3;3430;1,5971953698511
1,5949600000000004;83691,99999999999;-3,7419343633006835e-06;3;3431;1,5946422475254418
1,5925200000000004;83716,4;-3,552305021046165e-06;3;3432;1,5919348008021899
1,5900800000000004;83740,79999999999;-3,853990149276578e-06;3;3433;1,5893646744542391
1,5876400000000004;83765,19999999998;-4,018559604041335e-06;3;3434;1,5868020770465812
1,5852000000000004;83789,59999999999;-3,738124732538912e-06;3;3435;1,5846379909942165
1,5827600000000004;83813,99999999999;-3,7907908195577954e-06;3;3436;1,5831884596622408
1,5803200000000004;83838,4;-3,586685260798525e-06;3;3437;1,580530065458202
1,5778800000000004;83862,79999999999;-3,856696353177565e-06;3;3438;1,5778350266077388
1,5754400000000004;83887,19999999998;-3,816577755697354e-06;3;3439;1,57542724060674
1,5730000000000004;83911,59999999999;-3,6962881167256177e-06;3;3440;1,5733116661271966
1,5705600000000004;83935,99999999999;-3,999920269110375e-06;3;3441;1,5708337299757884
1,5681200000000004;83960,4;-4,325287987872204e-06;3;3442;1,56784387383702
1,5656800000000004;83984,79999999999;-4,0104903512368256e-06;3;3443;1,5655410747096508
1,5632400000000004;84009,19999999998;-3,970164578557345e-06;3;3444;1,5629275958323714
1,5608000000000004;84033,59999999999;-3,6617009487311297e-06;3;3445;1,5606729056216313
1,5583600000000004;84057,99999999999;-3,8040403967186447e-06;3;3446;1,558688767988419
1,5559200000000004;84082,4;-4,150124359244264e-06;3;3447;1,5558937758453921
1,5534800000000004;84106,79999999999;-3,930623364818673e-06;3;3448;1,5533461550795462
1,5510400000000004;84131,19999999998;-4,089444486414204e-06;3;3449;1,5507251898710481
1,5486000000000004;84155,59999999999;-4,148155378158335e-06;3;3450;1,5481116931543817
1,5461600000000004;84179,99999999999;-3,7557274701646647e-06;3;3451;1,546596808005514
1,5437200000000004;84204,4;-4,313357210494867e-06;3;3452;1,5434524809085535
1,5412800000000004;84228,79999999999;-3,680839648674247e-06;3;3453;1,541116881747139
1,5388400000000004;84253,19999999998;-4,1028771525156316e-06;3;3454;1,5391603676473047
1,5364000000000004;84277,59999999999;-3,870349942554203e-06;3;3455;1,5368696847626477
1,5339600000000004;84301,99999999999;-4,119965561346212e-06;3;3456;1,533830405797646
1,5315200000000004;84326,4;-4,198692680876715e-06;3;3457;1,5318477139995523
1,5290800000000004;84350,79999999999;-4,188989993964681e-06;3;3458;1,5298520160152096
1,5266400000000004;84375,19999999998;-3,746453494142713e-06;3;3459;1,5271491599936435
1,5242000000000004;84399,59999999999;-4,5093076891563305e-06;3;3460;1,5240593758905467
1,5217600000000004;84423,99999999999;-3,964664677909775e-06;3;3461;1,5220977394274218
1,5193200000000004;84448,4;-4,193075348196174e-06;3;3462;1,5191004997047173
1,5168800000000005;84472,79999999999;-4,152091507704904e-06;3;3463;1,516833413477175
1,5144400000000005;84497,19999999998;-3,452990339633735e-06;3;3464;1,5145437308004253
1,5120000000000005;84521,59999999999;-4,210318664025536e-06;3;3465;1,5117649857571802
1,5095600000000005;84545,99999999999;-4,221141420679161e-06;3;3466;1,5091318049748217
1,5071200000000005;84570,4;-4,464033688138253e-06;3;3467;1,506963260752154
1,5046800000000005;84594,79999999999;-4,561047893818192e-06;3;3468;1,504984884553372
1,5022400000000005;84619,19999999998;-4,072424324861658e-06;3;3469;1,5024516491760944
1,4998000000000005;84643,59999999999;-4,205619722020532e-06;3;3470;1,4999411365513526
1,4973600000000005;84667,99999999999;-3,7927335279957367e-06;3;3471;1,497295959257185
1,4949200000000005;84692,4;-3,939236262329895e-06;3;3472;1,4950346696027887
1,4924800000000005;84716,79999999999;-4,273054647765051e-06;3;3473;1,4924513358681666
1,4900400000000005;84741,19999999998;-3,5594549272126375e-06;3;3474;1,4899679629363984
1,4876000000000005;84765,59999999999;-3,670153492688867e-06;3;3475;1,4873094040829404
1,4851600000000005;84789,99999999999;-3,994301224441517e-06;3;3476;1,4848817936428933
1,4827200000000005;84814,4;-3,764926213385958e-06;3;3477;1,482515922840943
1,4802800000000005;84838,79999999999;-3,4861296206398396e-06;3;3478;1,4805094293574437
1,4778400000000005;84863,19999999998;-3,881909497204203e-06;3;3479;1,478027553945623
1,4754000000000005;84887,59999999999;-4,164118127447374e-06;3;3480;1,4756899929355634
1,4729600000000005;84911,99999999999;-3,964844031957729e-06;3;3481;1,4720780393258435
1,4705200000000005;84936,4;-3,947892256269879e-06;3;3482;1,4705269043179172
1,4680800000000005;84960,79999999999;-3,916730668730505e-06;3;3483;1,4678955075492202
1,4656400000000005;84985,19999999998;-3,6562533717199467e-06;3;3484;1,4647459458876666
1,4632000000000005;85009,59999999999;-3,904699113246065e-06;3;3485;1,4629789796270192
1,4607600000000005;85033,99999999999;-4,495622156971183e-06;3;3486;1,4609062812652773
1,4583200000000005;85058,4;-4,240158173132192e-06;3;3487;1,458275395201599
1,4558800000000005;85082,79999999999;-4,319961259247834e-06;3;3488;1,4557944386027106
1,4534400000000005;85107,19999999998;-3,89364794799778e-06;3;3489;1,4533946077668387
1,4510000000000005;85131,59999999999;-4,080590087258304e-06;3;3490;1,4510987455786823
1,4485600000000005;85155,99999999999;-3,894200376073578e-06;3;3491;1,4484032530212478
1,4461200000000005;85180,4;-4,148313496124387e-06;3;3492;1,4459680351423938
1,4436800000000005;85204,79999999999;-4,218507296204025e-06;3;3493;1,443407446107676
1,4412400000000005;85229,19999999998;-3,6948069366050906e-06;3;3494;1,4416245731603121
1,4388000000000005;85253,59999999999;-3,8791032364676945e-06;3;3495;1,4389372187773888
1,4363600000000005;85277,99999999999;-4,071805783210141e-06;3;3496;1,4359995325932184
1,4339200000000005;85302,4;-4,498877793360607e-06;3;3497;1,4335185560067736
1,4314800000000005;85326,79999999999;-4,385980949546498e-06;3;3498;1,4316779726899265
1,4290400000000005;85351,19999999998;-4,355316637329196e-06;3;3499;1,4290930063223206
1,4266000000000005;85375,59999999999;-4,018360966818577e-06;3;3500;1,426194205698384
1,4241600000000005;85399,99999999999;-4,28758668787014e-06;3;3501;1,4236559483146463
1,4217200000000005;85424,4;-3,6789942281157107e-06;3;3502;1,4211647810179218
1,4192800000000005;85448,79999999999;-3,777279442708586e-06;3;3503;1,4196225751421474
1,4168400000000005;85473,19999999998;-4,049486283162165e-06;3;3504;1,4171932795911193
1,4144000000000005;85497,59999999999;-4,25552920197812e-06;3;3505;1,4146647651923525
1,4119600000000005;85521,99999999999;-4,150788747362319e-06;3;3506;1,411775864509791
1,4095200000000006;85546,4;-3,912683888118075e-06;3;3507;1,409269900006884
1,4070800000000006;85570,79999999999;-3,993694635330378e-06;3;3508;1,4068567969336176
1,4046400000000006;85595,19999999998;-4,0637030098058756e-06;3;3509;1,4038851223557653
1,4022000000000006;85619,59999999999;-3,6481294485038537e-06;3;3510;1,4024859254675945
1,3997600000000006;85643,99999999999;-4,10488747117177e-06;3;3511;1,4000370918680314
1,3973200000000006;85668,4;-4,041421450548818e-06;3;3512;1,3971449951469501
1,3948800000000006;85692,79999999999;-3,833818742642308e-06;3;3513;1,3946009512070392
1,3924400000000006;85717,19999999998;-3,918771857849545e-06;3;3514;1,3926728839168985
1,3900000000000006;85741,59999999999;-3,6757599550427245e-06;3;3515;1,3898463224615571
1,3875600000000006;85765,99999999999;-4,1477045034962055e-06;3;3516;1,3876600629717568
1,3851200000000006;85790,4;-4,233617533990944e-06;3;3517;1,3847068982357496
1,3826800000000006;85814,79999999999;-3,80264947086665e-06;3;3518;1,3832043273972594
1,3802400000000006;85839,19999999998;-3,961765559354187e-06;3;3519;1,3800800590752036
1,3778000000000006;85863,59999999999;-3,7624336735183666e-06;3;3520;1,3770147977521738
1,3753600000000006;85887,99999999999;-3,783479657149052e-06;3;3521;1,3755715268827793
1,3729200000000006;85912,39999999998;-3,787906237032986e-06;3;3522;1,373307946520645
1,3704800000000006;85936,79999999999;-4,292534087791549e-06;3;3523;1,3703252287189343
1,3680400000000006;85961,19999999998;-4,029042937265591e-06;3;3524;1,3686170959748296
1,3656000000000006;85985,59999999999;-4,161876902694047e-06;3;3525;1,3660602781226898
1,3631600000000006;86009,99999999999;-4,140101126575101e-06;3;3526;1,3633471738614586
1,3607200000000006;86034,39999999998;-3,963009774501445e-06;3;3527;1,3607017095670284
1,3582800000000006;86058,79999999999;-3,545241480413538e-06;3;3528;1,3585738417463271
1,3558400000000006;86083,19999999998;-3,3734615172925296e-06;3;3529;1,3558790934691483
1,3534000000000006;86107,59999999999;-4,246870188743357e-06;3;3530;1,3536349080996288
1,3509600000000006;86131,99999999999;-4,012243803684341e-06;3;3531;1,3508592790608789
1,3485200000000006;86156,39999999998;-4,241493325256429e-06;3;3532;1,3484735176077363
1,3460800000000006;86180,79999999999;-4,233954123149787e-06;3;3533;1,3460895417796759
1,3436400000000006;86205,19999999998;-4,081110478864707e-06;3;3534;1,3439522135829998
1,3412000000000006;86229,59999999999;-4,486537630425914e-06;3;3535;1,3410884698965286
1,3387600000000006;86253,99999999999;-3,892156825265254e-06;3;3536;1,3384941806659705
1,3363200000000006;86278,39999999998;-4,3382902549735535e-06;3;3537;1,3367044789711848
1,3338800000000006;86302,79999999999;-4,052486015601993e-06;3;3538;1,3336572666223807
1,3314400000000006;86327,19999999998;-4,239556656629891e-06;3;3539;1,3319531381213876
1,3290000000000006;86351,59999999999;-3,7961759652323675e-06;3;3540;1,3289470776870282
1,3265600000000006;86375,99999999999;-3,7599395718712774e-06;3;3541;1,3263685838657457
1,3241200000000006;86400,39999999998;-3,818658208609723e-06;3;3542;1,3238791550270148
1,3216800000000006;86424,79999999999;-4,0180832873671275e-06;3;3543;1,32177809531808
1,3192400000000006;86449,19999999998;-4,482880531107393e-06;3;3544;1,3192280266724798
1,3168000000000006;86473,59999999999;-4,317946410919413e-06;3;3545;1,3165959658014026
1,3143600000000006;86497,99999999999;-3,867337781936762e-06;3;3546;1,3146694950243325
1,3119200000000006;86522,39999999998;-4,183024969832967e-06;3;3547;1,3119817404604532
1,3094800000000006;86546,79999999999;-4,096274740395173e-06;3;3548;1,3095504126400306
1,3070400000000006;86571,19999999998;-3,845803982010009e-06;3;3549;1,3072753754285302
1,3046000000000006;86595,59999999999;-3,3661587085440846e-06;3;3550;1,3049645032610813
1,3021600000000007;86619,99999999999;-4,223662530892557e-06;3;3551;1,3024855911601363
1,2997200000000007;86644,39999999998;-3,870544819066699e-06;3;3552;1,2997160825014218
1,2972800000000007;86668,79999999999;-4,171340166411685e-06;3;3553;1,2973310572004952
1,2948400000000007;86693,19999999998;-4,337889366606405e-06;3;3554;1,2953182992413903
1,2924000000000007;86717,59999999999;-4,103471179317692e-06;3;3555;1,2919757626994048
1,2899600000000007;86741,99999999999;-4,075917846592596e-06;3;3556;1,2902867354588832
1,2875200000000007;86766,39999999998;-4,1308231577047665e-06;3;3557;1,2878230909638724
1,2850800000000007;86790,79999999999;-3,8474840463984874e-06;3;3558;1,2848965927244225
1,2826400000000007;86815,19999999998;-4,086928442649866e-06;3;3559;1,2821570096517918
1,2802000000000007;86839,59999999999;-4,618732359303712e-06;3;3560;1,2803029062088596
1,2777600000000007;86863,99999999999;-3,841799321468805e-06;3;3561;1,2776677848103857
1,2753200000000007;86888,39999999998;-3,8558458416507925e-06;3;3562;1,275492738939889
1,2728800000000007;86912,79999999999;-4,4306416708202686e-06;3;3563;1,2722741066552823
1,2704400000000007;86937,19999999998;-4,202914872663737e-06;3;3564;1,2707393430721374
1,2680000000000007;86961,59999999999;-4,144704602043226e-06;3;3565;1,2684965270275537
1,2655600000000007;86985,99999999999;-3,7967192967338263e-06;3;3566;1,2652865015063826
1,2631200000000007;87010,39999999998;-4,075285728762286e-06;3;3567;1,2628219587588236
1,2606800000000007;87034,79999999999;-3,7148618916887137e-06;3;3568;1,2612058134053228
1,2582400000000007;87059,19999999998;-4,227349565595416e-06;3;3569;1,2584655669103417
1,2558000000000007;87083,59999999999;-3,744410339115964e-06;3;3570;1,2558478975371214
1,2533600000000007;87107,99999999999;-3,999559672792856e-06;3;3571;1,253677689877941
1,2509200000000007;87132,39999999998;-4,1114076961212995e-06;3;3572;1,2508235795717082
1,2484800000000007;87156,79999999999;-3,750082999797763e-06;3;3573;1,2483020992733453
1,2460400000000007;87181,19999999998;-3,761240057846223e-06;3;3574;1,2465186353668778
1,2436000000000007;87205,59999999999;-3,827458887613298e-06;3;3575;1,2434911877749113
1,2411600000000007;87229,99999999999;-4,038566351206484e-06;3;3576;1,241332567616653
1,2387200000000007;87254,39999999998;-3,686086618147895e-06;3;3577;1,2385415558509199
1,2362800000000007;87278,79999999999;-3,6419491186896444e-06;3;3578;1,235694741415584
1,2338400000000007;87303,19999999998;-4,093404936747605e-06;3;3579;1,2341100836964085
1,2314000000000007;87327,59999999999;-3,967821344328357e-06;3;3580;1,2317027453527127
1,2289600000000007;87351,99999999999;-4,454959950725149e-06;3;3581;1,2286982403731477
1,2265200000000007;87376,39999999998;-4,204612322667702e-06;3;3582;1,2271941558078432
1,2240800000000007;87400,79999999999;-3,708008288137753e-06;3;3583;1,2246106093112057
1,2216400000000007;87425,19999999998;-4,286717273886491e-06;3;3584;1,2214589222606815
1,2192000000000007;87449,59999999999;-3,8998915693372436e-06;3;3585;1,2191522158332275
1,2167600000000007;87473,99999999999;-4,011530943585096e-06;3;3586;1,2169521196054893
1,2143200000000007;87498,39999999998;-3,5070220961226615e-06;3;3587;1,2144424573744814
1,2118800000000007;87522,79999999999;-3,9582759483597445e-06;3;3588;1,2116455305971658
1,2094400000000007;87547,19999999998;-4,56323931381795e-06;3;3589;1,2095054198764057
1,2070000000000007;87571,59999999999;-4,12690444307408e-06;3;3590;1,2070923696362932
1,2045600000000007;87595,99999999999;-3,873406766824296e-06;3;3591;1,2038411436607956
1,2021200000000007;87620,39999999998;-3,817878165748052e-06;3;3592;1,2021246211316807
1,1996800000000007;87644,79999999999;-3,860809165494308e-06;3;3593;1,1997346302457061
1,1972400000000007;87669,19999999998;-3,6190011375120824e-06;3;3594;1,196957675705954
1,1948000000000008;87693,59999999999;-3,924324941444833e-06;3;3595;1,1947272454110835
1,1923600000000008;87717,99999999999;-4,568249144427189e-06;3;3596;1,1925996609259437
1,1899200000000008;87742,39999999998;-4,192007057107261e-06;3;3597;1,189690213921788
1,1874800000000008;87766,79999999999;-3,936729135311781e-06;3;3598;1,1869417673143465
1,1850400000000008;87791,19999999998;-4,205406940534157e-06;3;3599;1,184572684514623
1,1826000000000008;87815,59999999999;-3,8957565514848794e-06;3;3600;1,1825496786371494
1,1801600000000008;87839,99999999999;-3,915042973533582e-06;3;3601;1,1805539929024598
1,1777200000000008;87864,39999999998;-3,516360624034921e-06;3;3602;1,1781830045724748
1,1752800000000008;87888,79999999999;-4,2118394393662194e-06;3;3603;1,1748273907816051
1,1728400000000008;87913,19999999998;-4,360778916256729e-06;3;3604;1,1726319568947128
1,1704000000000008;87937,59999999999;-4,376589271735083e-06;3;3605;1,1703482621431684
1,1679600000000008;87961,99999999999;-4,142922889813989e-06;3;3606;1,1681249365681068
1,1655200000000008;87986,39999999998;-3,850082492716318e-06;3;3607;1,1653519280422693
1,1630800000000008;88010,79999999999;-4,047148800536193e-06;3;3608;1,1632060116346852
1,1606400000000008;88035,19999999998;-4,206989312247881e-06;3;3609;1,1602914431524147
1,1582000000000008;88059,59999999999;-4,332750572155989e-06;3;3610;1,1577749229587113
1,1557600000000008;88083,99999999999;-4,07079794987763e-06;3;3611;1,1554731723063054
1,1533200000000008;88108,39999999998;-3,814223862564342e-06;3;3612;1,1533800076678817
1,1508800000000008;88132,79999999999;-3,6656401822262696e-06;3;3613;1,1509368180051023
1,1484400000000008;88157,19999999998;-3,6256831199934326e-06;3;3614;1,148243410401486
1,1460000000000008;88181,59999999999;-3,7871614045024037e-06;3;3615;1,14575892678255
1,1435600000000008;88205,99999999999;-3,9090510633954285e-06;3;3616;1,143732369661937
1,1411200000000008;88230,39999999998;-4,187382870060015e-06;3;3617;1,1409246655479548
1,1386800000000008;88254,79999999999;-3,9069379638323975e-06;3;3618;1,138452876518253
1,1362400000000008;88279,19999999998;-3,555159135895289e-06;3;3619;1,1365170263972604
1,1338000000000008;88303,59999999999;-3,96789428461146e-06;3;3620;1,1336652210761147
1,1313600000000008;88327,99999999999;-3,7767084048681725e-06;3;3621;1,130833035351713
1,1289200000000008;88352,39999999998;-3,999587616811762e-06;3;3622;1,1290597223116203
1,1264800000000008;88376,79999999999;-3,8582467251379645e-06;3;3623;1,1268883038987734
1,1240400000000008;88401,19999999998;-4,278140724886746e-06;3;3624;1,1239851511907728
1,1216000000000008;88425,59999999999;-4,3845912417045885e-06;3;3625;1,1217625395339388
1,1191600000000008;88449,99999999999;-4,2953895402938325e-06;3;3626;1,1192401402049659
1,1167200000000008;88474,39999999998;-4,584703059974539e-06;3;3627;1,117239593055458
1,1142800000000008;88498,79999999999;-3,742448836071616e-06;3;3628;1,113740040969729
1,1118400000000008;88523,19999999998;-3,285321865882493e-06;3;3629;1,1116987897333614
1,1094000000000008;88547,59999999999;-4,063035923184875e-06;3;3630;1,1096199699773188
1,1069600000000008;88571,99999999999;-4,238624121853951e-06;3;3631;1,107032695505945
1,1045200000000008;88596,39999999998;-3,893737124654714e-06;3;3632;1,104783775735984
1,1020800000000008;88620,79999999999;-3,522101784039546e-06;3;3633;1,1020637442901577
1,0996400000000008;88645,19999999998;-3,9733439447350305e-06;3;3634;1,0997750941872004
1,0972000000000008;88669,59999999999;-3,6152516096011067e-06;3;3635;1,0973270922536633
1,0947600000000008;88693,99999999999;-4,0033826902780735e-06;3;3636;1,0949843027334465
1,0923200000000008;88718,39999999998;-3,93071596216752e-06;3;3637;1,0925004056485876
1,0898800000000008;88742,79999999999;-4,455469569482812e-06;3;3638;1,0899657070267041
1,0874400000000009;88767,19999999998;-3,895679558854269e-06;3;3639;1,0876081530649746
1,0850000000000009;88791,59999999999;-4,279716298864224e-06;3;3640;1,0853201529012806
1,0825600000000009;88815,99999999999;-4,314851587989444e-06;3;3641;1,0824695222128133
1,0801200000000009;88840,39999999998;-4,47064093868539e-06;3;3642;1,0798633017841996
1,0776800000000009;88864,79999999999;-3,820450331833573e-06;3;3643;1,0780545097220045
1,0752400000000009;88889,19999999998;-3,3150934958173093e-06;3;3644;1,0749844411132896
1,0728000000000009;88913,59999999998;-4,2169666587891e-06;3;3645;1,0729541214451952
1,0703600000000009;88937,99999999999;-4,081625289674584e-06;3;3646;1,0710304603103113
1,0679200000000009;88962,39999999998;-4,1089511485332625e-06;3;3647;1,0680679171528291
1,0654800000000009;88986,79999999999;-3,868459749265308e-06;3;3648;1,0656520253664485
1,0630400000000009;89011,19999999998;-3,7057856255131055e-06;3;3649;1,0637237052758077
1,0606000000000009;89035,59999999998;-4,011867599567129e-06;3;3650;1,0604573159673714
1,0581600000000009;89059,99999999999;-4,120938815219483e-06;3;3651;1,0582266857712062
1,0557200000000009;89084,39999999998;-4,5401265336148565e-06;3;3652;1,0560410598028946
1,0532800000000009;89108,79999999999;-3,8111300272585263e-06;3;3653;1,0535013984198536
1,0508400000000009;89133,19999999998;-3,9772077672197006e-06;3;3654;1,0509343464622503
1,0484000000000009;89157,59999999998;-4,5433436520003385e-06;3;3655;1,047747043994468
1,045960000000001;89181,99999999999;-4,353270933684378e-06;3;3656;1,0458299508779634
1,043520000000001;89206,39999999998;-4,29694595655833e-06;3;3657;1,0436493340905242
1,041080000000001;89230,79999999999;-4,134914638692727e-06;3;3658;1,0411715738993121
1,038640000000001;89255,19999999998;-4,270441480133147e-06;3;3659;1,0385296887606488
1,036200000000001;89279,59999999998;-3,767920466211996e-06;3;3660;1,0363216863841012
1,033760000000001;89303,99999999999;-4,2866330986006134e-06;3;3661;1,0336074797951653
1,031320000000001;89328,39999999998;-4,152842065766097e-06;3;3662;1,03194870201791
1,028880000000001;89352,79999999999;-4,315307900778563e-06;3;3663;1,028970695106987
1,026440000000001;89377,19999999998;-3,7941388829386315e-06;3;3664;1,0262750755449719
1,024000000000001;89401,59999999998;-4,130758496873195e-06;3;3665;1,023762070134944
1,021560000000001;89425,99999999999;-3,999898305286709e-06;3;3666;1,0217004505448075
1,019120000000001;89450,39999999998;-3,835750971098578e-06;3;3667;1,0193153576840792
1,016680000000001;89474,79999999999;-4,00468307083085e-06;3;3668;1,016812988477474
1,014240000000001;89499,19999999998;-4,044219450743688e-06;3;3669;1,014501081257681
1,011800000000001;89523,59999999998;-3,776092849890917e-06;3;3670;1,0110321244282656
1,009360000000001;89547,99999999999;-3,88938204396588e-06;3;3671;1,0094113315984081
1,006920000000001;89572,39999999998;-3,96708059738723e-06;3;3672;1,0072680583698606
1,004480000000001;89596,79999999999;-4,117352627985568e-06;3;3673;1,0048525157155925
1,002040000000001;89621,19999999998;-3,953047628346651e-06;3;3674;1,0021139578996243
0,9996000000000009;89645,59999999998;-4,217791085327122e-06;3;3675;0,9994064617637483
0,9971600000000009;89669,99999999999;-3,5534259132403905e-06;3;3676;0,9969794132653892
0,9947200000000009;89694,39999999998;-3,917062406712307e-06;3;3677;0,9951494457378158
0,9922800000000009;89718,79999999999;-3,8671727855046934e-06;3;3678;0,9921744087605178
0,9898400000000009;89743,19999999998;-4,194745797264443e-06;3;3679;0,9897168630610906
0,9874000000000009;89767,59999999998;-4,069388147100231e-06;3;3680;0,9866148932105455
0,984960000000001;89791,99999999999;-3,7954407218530167e-06;3;3681;0,9845643728180309
0,982520000000001;89816,39999999998;-4,587362780174962e-06;3;3682;0,9823429176137927
0,980080000000001;89840,79999999999;-4,083870096404717e-06;3;3683;0,979981456553424
0,977640000000001;89865,19999999998;-4,19533377533403e-06;3;3684;0,9776956207005785
0,975200000000001;89889,59999999998;-4,343093411662417e-06;3;3685;0,9752989674078824
0,972760000000001;89913,99999999999;-3,7988771413831674e-06;3;3686;0,9729923159759598
0,970320000000001;89938,39999999998;-4,233487824147655e-06;3;3687;0,9704108023548401
0,967880000000001;89962,8;-4,315040243783511e-06;3;3688;0,9678593154933103
0,965440000000001;89987,2;-3,7029876608543196e-06;3;3689;0,9654293905148278
0,963000000000001;90011,6;-4,567120637092414e-06;3;3690;0,9633572356507966
0,960560000000001;90036,0;-3,693508084142786e-06;3;3691;0,9607262496849595
0,958120000000001;90060,4;-3,6838551859934396e-06;3;3692;0,9576123493293874
0,955680000000001;90084,8;-4,617169090958637e-06;3;3693;0,9556558696310591
0,953240000000001;90109,2;-4,07235657984172e-06;3;3694;0,9533549915349808
0,950800000000001;90133,6;-3,918058826698666e-06;3;3695;0,9509654373849091
0,948360000000001;90158,0;-3,6989114872535764e-06;3;3696;0,9478849813150161
0,945920000000001;90182,4;-4,163568814009391e-06;3;3697;0,945866857415172
0,943480000000001;90206,8;-4,054299834069969e-06;3;3698;0,94363967166902
0,941040000000001;90231,2;-3,7813385238229435e-06;3;3699;0,9408287473733017
0,938600000000001;90255,6;-4,275409420432934e-06;3;3700;0,938469139852949
0,936160000000001;90280,0;-3,830423993616751e-06;3;3701;0,9359970981992181
0,933720000000001;90304,4;-3,673710430196705e-06;3;3702;0,9339599230714951
0,931280000000001;90328,8;-4,320041094294822e-06;3;3703;0,9309756321892605
0,928840000000001;90353,2;-3,915803270896818e-06;3;3704;0,928566553650847
0,926400000000001;90377,6;-3,982412786911476e-06;3;3705;0,9260335222566584
0,923960000000001;90402,0;-4,321153721254076e-06;3;3706;0,9245980197806309
0,921520000000001;90426,4;-3,960712235045213e-06;3;3707;0,9217227052043425
0,919080000000001;90450,8;-4,083761715248573e-06;3;3708;0,9190996204172738
0,916640000000001;90475,2;-4,244819102373912e-06;3;3709;0,916746883303339
0,914200000000001;90499,6;-4,115283298261904e-06;3;3710;0,9149405616413742
0,911760000000001;90524,0;-4,300265450793936e-06;3;3711;0,9118314194178454
0,909320000000001;90548,4;-3,887974577884422e-06;3;3712;0,9098463860939195
0,906880000000001;90572,8;-3,884822707715656e-06;3;3713;0,9066619639194115
0,904440000000001;90597,2;-3,78099597291611e-06;3;3714;0,9040905684715437
0,902000000000001;90621,6;-3,978127625771798e-06;3;3715;0,9019008745204722
0,899560000000001;90646,0;-3,945240629564931e-06;3;3716;0,899641965171528
0,897120000000001;90670,4;-4,1765579670183565e-06;3;3717;0,8973047162853224
0,894680000000001;90694,8;-3,81368445107865e-06;3;3718;0,8946561838355512
0,892240000000001;90719,2;-4,196963795001959e-06;3;3719;0,8925909289001804
0,889800000000001;90743,6;-3,840420743674391e-06;3;3720;0,8901541785387038
0,887360000000001;90768,0;-4,147487634572376e-06;3;3721;0,8879425829481549
0,884920000000001;90792,4;-4,242816612584663e-06;3;3722;0,8848147688361285
0,882480000000001;90816,8;-3,89398928387393e-06;3;3723;0,8821322485145672
0,880040000000001;90841,2;-3,5209155428345306e-06;3;3724;0,8801529334025926
0,877600000000001;90865,6;-3,7548663323039066e-06;3;3725;0,8774818587668702
0,875160000000001;90890,0;-4,1469042785992814e-06;3;3726;0,87524941982797
0,872720000000001;90914,4;-4,4293818601058835e-06;3;3727;0,8724887278313016
0,870280000000001;90938,8;-4,463824022733614e-06;3;3728;0,8704771692998741
0,867840000000001;90963,2;-3,9293418046172476e-06;3;3729;0,868139612433231
0,8654000000000011;90987,6;-3,9647696228973e-06;3;3730;0,8656375129118332
0,8629600000000011;91012,0;-4,593402378203924e-06;3;3731;0,8632178839366634
0,8605200000000011;91036,4;-4,0625834999687425e-06;3;3732;0,8607116975550763
0,8580800000000011;91060,8;-3,692340502015913e-06;3;3733;0,8580695719819745
0,8556400000000011;91085,2;-4,023661930408972e-06;3;3734;0,8551062310396274
0,8532000000000011;91109,6;-4,026260986556768e-06;3;3735;0,8529807870580827
0,8507600000000011;91134,0;-4,365197213525225e-06;3;3736;0,8508488355521228
0,8483200000000011;91158,4;-3,810860339314952e-06;3;3737;0,84858546574214
0,8458800000000011;91182,8;-4,23038965512782e-06;3;3738;0,8453639052451236
0,8434400000000011;91207,2;-4,1901234597912935e-06;3;3739;0,8439907791678671
0,8410000000000011;91231,6;-3,6758539266703137e-06;3;3740;0,8410310168681352
0,8385600000000011;91256,0;-4,32437136326615e-06;3;3741;0,8389075635022576
0,8361200000000011;91280,4;-4,081884272123605e-06;3;3742;0,8358922926366318
0,8336800000000011;91304,8;-4,024907150161691e-06;3;3743;0,8340835514508712
0,8312400000000011;91329,2;-3,907095811519851e-06;3;3744;0,8309863233864202
0,8288000000000011;91353,6;-3,5621021667516517e-06;3;3745;0,8294225737932521
0,8263600000000011;91378,0;-4,029789542990836e-06;3;3746;0,8262027199545707
0,8239200000000011;91402,4;-3,8685119691320906e-06;3;3747;0,8243647857204921
0,8214800000000011;91426,8;-4,053732812676296e-06;3;3748;0,8214399941407806
0,8190400000000011;91451,2;-4,5291847823587666e-06;3;3749;0,8192360825819298
0,8166000000000011;91475,6;-3,694219798866254e-06;3;3750;0,8169182476274218
0,8141600000000011;91500,0;-3,809183214189668e-06;3;3751;0,8143740115518194
0,8117200000000011;91524,4;-3,6695320539824255e-06;3;3752;0,8117971996516722
0,8092800000000011;91548,8;-4,346618144775496e-06;3;3753;0,8091238960457747
0,8068400000000011;91573,2;-3,989522296202123e-06;3;3754;0,8070660089874445
0,8044000000000011;91597,6;-3,4628544349683463e-06;3;3755;0,8045999605440495
0,8019600000000011;91622,0;-3,373005760750903e-06;3;3756;0,8016975552539181
0,7995200000000011;91646,4;-4,0130255984561334e-06;3;3757;0,799488545996241
0,7970800000000011;91670,8;-3,948074777521791e-06;3;3758;0,7967007315764788
0,7946400000000011;91695,2;-4,326205989647768e-06;3;3759;0,7946924777030392
0,7922000000000011;91719,6;-4,101332636386401e-06;3;3760;0,7920564971024621
0,7897600000000011;91744,0;-4,2706066091083965e-06;3;3761;0,78945974873979
0,7873200000000011;91768,4;-3,728692776422115e-06;3;3762;0,7869628114703546
0,7848800000000011;91792,8;-4,1649226100847255e-06;3;3763;0,7851600586044729
0,7824400000000011;91817,2;-4,072893499213209e-06;3;3764;0,7822188708817678
0,7800000000000011;91841,6;-3,8087679329591403e-06;3;3765;0,7801052442076002
0,7775600000000011;91866,0;-4,088369546617576e-06;3;3766;0,776873824117046
0,7751200000000011;91890,4;-3,738595912902999e-06;3;3767;0,7753120623706365
0,7726800000000011;91914,8;-4,102802861692309e-06;3;3768;0,7725085549962045
0,7702400000000011;91939,2;-3,829511070632471e-06;3;3769;0,7706305472437052
0,7678000000000011;91963,6;-4,3595239964277395e-06;3;3770;0,7675808558125281
0,7653600000000012;91988,0;-4,063195849536776e-06;3;3771;0,7657257118780404
0,7629200000000012;92012,4;-4,502773005121592e-06;3;3772;0,7628746277105295
0,7604800000000012;92036,8;-4,3211076654536575e-06;3;3773;0,7602649698561686
0,7580400000000012;92061,2;-4,28587407636932e-06;3;3774;0,7583030504262185
0,7556000000000012;92085,6;-3,486869443191782e-06;3;3775;0,7558262467427608
0,7531600000000012;92110,0;-4,386715168960626e-06;3;3776;0,7529957583955452
0,7507200000000012;92134,4;-3,4900856818849816e-06;3;3777;0,7508358645206068
0,7482800000000012;92158,8;-3,876004634367811e-06;3;3778;0,7479516232404472
0,7458400000000012;92183,2;-3,938162004908839e-06;3;3779;0,7456325739868965
0,7434000000000012;92207,59999999999;-4,298204256203042e-06;3;3780;0,7434185583483344
0,7409600000000012;92232,0;-3,838048258616752e-06;3;3781;0,741387439006815
0,7385200000000012;92256,4;-3,5190370332495178e-06;3;3782;0,73789552166744
0,7360800000000012;92280,8;-3,7945324093358862e-06;3;3783;0,7355981070344967
0,7336400000000012;92305,2;-3,972005254767081e-06;3;3784;0,7330886419585237
0,7312000000000012;92329,59999999999;-4,0717039370739075e-06;3;3785;0,7305739801972385
0,7287600000000012;92354,0;-3,8906935889513975e-06;3;3786;0,7290083970442895
0,7263200000000012;92378,4;-4,053652822624723e-06;3;3787;0,726127636944395
0,7238800000000012;92402,8;-4,167175155307166e-06;3;3788;0,7236099272966043
0,7214400000000012;92427,2;-3,8476303061806525e-06;3;3789;0,7215797562035202
0,7190000000000012;92451,59999999999;-4,212015950646427e-06;3;3790;0,7191679198136932
0,7165600000000012;92476,0;-3,850342871113249e-06;3;3791;0,716750582670335
0,7141200000000012;92500,4;-3,4894437941795814e-06;3;3792;0,7146251027211112
0,7116800000000012;92524,8;-3,836932035140862e-06;3;3793;0,711454901396448
0,7092400000000012;92549,2;-4,274126272764183e-06;3;3794;0,7091516439379171
0,7068000000000012;92573,59999999999;-4,190121391273821e-06;3;3795;0,7066115890684214
0,7043600000000012;92598,0;-3,820590318805758e-06;3;3796;0,7046804922314125
0,7019200000000012;92622,4;-4,390793304536122e-06;3;3797;0,7018489144928894
0,6994800000000012;92646,8;-3,588288549488494e-06;3;3798;0,6993290795249828
0,6970400000000012;92671,2;-4,21259173481574e-06;3;3799;0,697108721613036
0,6946000000000012;92695,59999999999;-4,117958376513111e-06;3;3800;0,694631408619855
0,6921600000000012;92720,0;-4,038585426961246e-06;3;3801;0,6924118255296499
0,6897200000000012;92744,4;-3,1938912726207724e-06;3;3802;0,6899969077742357
0,6872800000000012;92768,8;-4,203357953768411e-06;3;3803;0,6872295390481438
0,6848400000000012;92793,2;-4,355099800319383e-06;3;3804;0,6847447395211504
0,6824000000000012;92817,59999999999;-4,311018622429201e-06;3;3805;0,682201746367716
0,6799600000000012;92842,0;-3,999401887149981e-06;3;3806;0,6798617044048387
0,6775200000000012;92866,4;-3,6947046817626836e-06;3;3807;0,6781984771082584
0,6750800000000012;92890,8;-4,516014097628844e-06;3;3808;0,675130823989238
0,6726400000000012;92915,2;-4,32408150007276e-06;3;3809;0,6724479602115859
0,6702000000000012;92939,59999999999;-4,291852462334136e-06;3;3810;0,6705695085128391
0,6677600000000012;92964,0;-4,349903830276516e-06;3;3811;0,667691390672005
0,6653200000000012;92988,4;-3,792072037690774e-06;3;3812;0,6645513605153486
0,6628800000000012;93012,8;-3,985286918200332e-06;3;3813;0,662775094676261
0,6604400000000012;93037,2;-3,834959246434113e-06;3;3814;0,6603791517692243
0,6580000000000013;93061,59999999999;-4,413028619716989e-06;3;3815;0,6583859837878557
0,6555600000000013;93086,0;-4,6076892726782845e-06;3;3816;0,6560070605176204
0,6531200000000013;93110,4;-4,303870481628203e-06;3;3817;0,6533339425556004
0,6506800000000013;93134,8;-4,523042668279765e-06;3;3818;0,6510857986171275
0,6482400000000013;93159,2;-4,244854731613435e-06;3;3819;0,6480823917930361
0,6458000000000013;93183,59999999999;-4,002431837319515e-06;3;3820;0,6455660083078081
0,6433600000000013;93208,0;-4,987680577331612e-06;3;3821;0,643322567708933
0,6409200000000013;93232,4;-4,121934345690498e-06;3;3822;0,6409298987100974
0,6384800000000013;93256,8;-3,71310679842869e-06;3;3823;0,6385526774107672
0,6360400000000013;93281,2;-4,736071440289224e-06;3;3824;0,6359998567478433
0,6336000000000013;93305,59999999999;-4,2848852114429305e-06;3;3825;0,6336662215415719
0,6311600000000013;93330,0;-4,7482160295099606e-06;3;3826;0,6313006941059796
0,6287200000000013;93354,4;-4,670742209752741e-06;3;3827;0,6285509643829856
0,6262800000000013;93378,8;-4,389116164068584e-06;3;3828;0,626491699476154
0,6238400000000013;93403,2;-3,891014681182673e-06;3;3829;0,6237914142491017
0,6214000000000013;93427,59999999999;-3,971241653365126e-06;3;3830;0,6212962997647195
0,6189600000000013;93452,0;-4,4358938067839814e-06;3;3831;0,6189433165115438
0,6165200000000013;93476,4;-4,178671483818996e-06;3;3832;0,6169298592154234
0,6140800000000013;93500,8;-5,333651649989291e-06;3;3833;0,6143772007404306
0,6116400000000013;93525,2;-4,6275176341981925e-06;3;3834;0,611849043669634
0,6092000000000013;93549,59999999999;-4,615639315032056e-06;3;3835;0,6092121137186497
0,6067600000000013;93574,0;-4,387451034875877e-06;3;3836;0,6062483525455636
0,6043200000000013;93598,4;-4,814498885781787e-06;3;3837;0,6044189954191664
0,6018800000000013;93622,8;-4,86546946486072e-06;3;3838;0,6016024545359188
0,5994400000000013;93647,2;-4,898095537887495e-06;3;3839;0,5993990545042607
0,5970000000000013;93671,59999999999;-4,472398668440615e-06;3;3840;0,5969682634370793
0,5945600000000013;93696,0;-4,553637326980922e-06;3;3841;0,5945028148913976
0,5921200000000013;93720,4;-4,799624796395261e-06;3;3842;0,5920323796928568
0,5896800000000013;93744,8;-4,43313573057503e-06;3;3843;0,5895175431574858
0,5872400000000013;93769,2;-4,781781586416349e-06;3;3844;0,587556973490047
0,5848000000000013;93793,59999999999;-4,953954840124181e-06;3;3845;0,5848574373214916
0,5823600000000013;93818,0;-5,001141419973618e-06;3;3846;0,5824000532589028
0,5799200000000013;93842,4;-5,44923236438991e-06;3;3847;0,580063643223874
0,5774800000000013;93866,8;-4,800855572719567e-06;3;3848;0,577605902333623
0,5750400000000013;93891,2;-4,671930639498409e-06;3;3849;0,5750199042213363
0,5726000000000013;93915,59999999999;-4,762064563772851e-06;3;3850;0,5724022000460796
0,5701600000000013;93940,0;-4,1454829995862105e-06;3;3851;0,5703148458928012
0,5677200000000013;93964,4;-5,082869265536831e-06;3;3852;0,5679234683440911
0,5652800000000013;93988,8;-5,398925419773695e-06;3;3853;0,5652000995198327
0,5628400000000013;94013,2;-4,511578689171436e-06;3;3854;0,5632129935933682
0,5604000000000013;94037,59999999999;-4,615275034177087e-06;3;3855;0,560109424762615
0,5579600000000013;94062,0;-5,358819245216717e-06;3;3856;0,5581637638903754
0,5555200000000013;94086,4;-5,181095162559444e-06;3;3857;0,5547444516451475
0,5530800000000013;94110,8;-5,351630859281818e-06;3;3858;0,5531889041634787
0,5506400000000014;94135,2;-5,085061050629967e-06;3;3859;0,5508425920089749
0,5482000000000014;94159,59999999999;-5,392712106747546e-06;3;3860;0,5478799891597591
0,5457600000000014;94184,0;-5,106451496066977e-06;3;3861;0,545500917417099
0,5433200000000014;94208,4;-5,089903145668944e-06;3;3862;0,5431609597278838
0,5408800000000014;94232,8;-4,839126785280028e-06;3;3863;0,5405206639607241
0,5384400000000014;94257,2;-5,608617798383438e-06;3;3864;0,5386535395464324
0,5360000000000014;94281,59999999999;-5,305200939057447e-06;3;3865;0,5365363673892434
0,5335600000000014;94306,0;-5,279334811093204e-06;3;3866;0,5333527517590575
0,5311200000000014;94330,4;-5,575932753107944e-06;3;3867;0,531274255510696
0,5286800000000014;94354,8;-5,220152705954322e-06;3;3868;0,5284464101092805
0,5262400000000014;94379,2;-5,634786604003424e-06;3;3869;0,5253941752457818
0,5238000000000014;94403,59999999999;-5,787300923160117e-06;3;3870;0,5235997737906676
0,5213600000000014;94428,0;-5,257083618689739e-06;3;3871;0,5214239828291418
0,5189200000000014;94452,4;-6,19340018526282e-06;3;3872;0,5186863590535505
0,5164800000000014;94476,8;-5,673661909040393e-06;3;3873;0,5164359841878181
0,5140400000000014;94501,2;-6,324501159742366e-06;3;3874;0,5142658006013906
0,5116000000000014;94525,59999999999;-5,99926995846637e-06;3;3875;0,5112733407754607
0,5091600000000014;94550,0;-6,010974381465045e-06;3;3876;0,5093174043871108
0,5067200000000014;94574,4;-6,049173572351095e-06;3;3877;0,5066640777251312
0,5042800000000014;94598,8;-5,98312962441553e-06;3;3878;0,5043019535143761
0,5018400000000014;94623,2;-6,704238267218101e-06;3;3879;0,5022112525535581
0,4994000000000014;94647,59999999999;-6,96743771198089e-06;3;3880;0,49944817962244853
0,4969600000000014;94672,0;-6,621875092859684e-06;3;3881;0,4966598476166383
0,4945200000000014;94696,4;-6,683208643185243e-06;3;3882;0,49458165767040035
0,4920800000000014;94720,8;-6,903179564065857e-06;3;3883;0,49208665733847595
0,4896400000000014;94745,2;-6,2331917390880945e-06;3;3884;0,489638367779091
0,4872000000000014;94769,59999999999;-7,048837306616207e-06;3;3885;0,48698073965389305
0,4847600000000014;94794,0;-7,5803941796744225e-06;3;3886;0,4849226928247166
0,4823200000000014;94818,4;-7,524367376259994e-06;3;3887;0,48287115700178723
0,4798800000000014;94842,8;-7,285565992992117e-06;3;3888;0,47922329283091863
0,4774400000000014;94867,2;-7,576614887360188e-06;3;3889;0,4777235867933846
0,4750000000000014;94891,59999999999;-7,318874660092371e-06;3;3890;0,47550301560851505
0,4725600000000014;94916,0;-7,53796823245939e-06;3;3891;0,47285051490596647
0,4701200000000014;94940,4;-7,663986224918264e-06;3;3892;0,4702816688928531
0,46768000000000143;94964,8;-7,82138833987482e-06;3;3893;0,4674216143932685
0,46524000000000143;94989,2;-7,979130774998147e-06;3;3894;0,46512449034901915
0,46280000000000143;95013,59999999999;-8,410084521880308e-06;3;3895;0,4630738125094687
0,46036000000000143;95038,0;-8,060647104963558e-06;3;3896;0,4600110262938854
0,45792000000000144;95062,4;-8,351885091264467e-06;3;3897;0,4579929111155884
0,45548000000000144;95086,8;-9,066108325226165e-06;3;3898;0,4557573369059117
0,45304000000000144;95111,2;-8,895223788020698e-06;3;3899;0,45306658654168
0,45060000000000144;95135,59999999999;-8,895110961094548e-06;3;3900;0,45062321077809486
0,44816000000000145;95160,0;-8,95738846130682e-06;3;3901;0,44807081721411923
0,44572000000000145;95184,4;-9,44028848221051e-06;3;3902;0,4455296711457524
0,44328000000000145;95208,79999999999;-9,522280718370278e-06;3;3903;0,44386346909183144
0,44084000000000145;95233,2;-1,0571450807115913e-05;3;3904;0,4412125028537462
0,43840000000000146;95257,59999999999;-1,0274740835137148e-05;3;3905;0,4386766788399769
0,43596000000000146;95282,0;-1,0416843279516313e-05;3;3906;0,43590251618859266
0,43352000000000146;95306,4;-1,0952146405452294e-05;3;3907;0,4334990652365443
0,43108000000000146;95330,79999999999;-1,0883490262650215e-05;3;3908;0,4313882356307912
0,42864000000000146;95355,2;-1,1205342954509913e-05;3;3909;0,42888424007677745
0,42620000000000147;95379,59999999999;-1,1728021447288774e-05;3;3910;0,4258975993033591
0,42376000000000147;95404,0;-1,1472503412024736e-05;3;3911;0,4237739251140206
0,42132000000000147;95428,4;-1,2110874041007428e-05;3;3912;0,4212861424856726
0,4188800000000015;95452,79999999999;-1,23104045125574e-05;3;3913;0,41845998962911396
0,4164400000000015;95477,2;-1,2193222838220742e-05;3;3914;0,4164725730509318
0,4140000000000015;95501,59999999999;-1,2978783255363763e-05;3;3915;0,4140744537746029
0,4115600000000015;95526,0;-1,2676583263063366e-05;3;3916;0,41141967540721713
0,4091200000000015;95550,4;-1,3278034397437075e-05;3;3917;0,408896093575544
0,4066800000000015;95574,79999999999;-1,4003227955883768e-05;3;3918;0,4072311404818046
0,4042400000000015;95599,2;-1,4535143455704837e-05;3;3919;0,404159986471217
0,4018000000000015;95623,59999999999;-1,4433413569797394e-05;3;3920;0,4017887923468392
0,3993600000000015;95648,0;-1,5048399460558927e-05;3;3921;0,3992251957862656
0,3969200000000015;95672,4;-1,556704326344282e-05;3;3922;0,3966552486012508
0,3944800000000015;95696,79999999999;-1,599200965097845e-05;3;3923;0,39475963337907544
0,3920400000000015;95721,2;-1,6178029886984584e-05;3;3924;0,39226203109694263
0,3896000000000015;95745,59999999999;-1,6591672010123337e-05;3;3925;0,3893723712447269
0,3871600000000015;95770,0;-1,6842050408837263e-05;3;3926;0,3871170255553935
0,3847200000000015;95794,4;-1,7723066827828837e-05;3;3927;0,3845251660332756
0,3822800000000015;95818,79999999999;-1,7979964343690305e-05;3;3928;0,3821005156214553
0,3798400000000015;95843,2;-1,8498330419835703e-05;3;3929;0,38004994001981296
0,3774000000000015;95867,59999999999;-1,9045430464201317e-05;3;3930;0,3772061634747527
0,3749600000000015;95892,0;-1,895424658069752e-05;3;3931;0,3748363227618909
0,3725200000000015;95916,4;-1,9807659627705883e-05;3;3932;0,3725944391552152
0,3700800000000015;95940,79999999999;-1,9808742441813524e-05;3;3933;0,3700096569234872
0,3676400000000015;95965,2;-2,079883924365121e-05;3;3934;0,3677417129534246
0,3652000000000015;95989,59999999999;-2,1529374307910198e-05;3;3935;0,36543685818634314
0,3627600000000015;96014,0;-2,188962869254241e-05;3;3936;0,3628669554844346
0,36032000000000153;96038,4;-2,2562909733645907e-05;3;3937;0,3608016517014337
0,35788000000000153;96062,79999999999;-2,4071313056718827e-05;3;3938;0,3578790990522951
0,35544000000000153;96087,2;-2,4521190665261738e-05;3;3939;0,35554634289534537
0,35300000000000153;96111,59999999999;-2,5067088913953358e-05;3;3940;0,3533704469474936
0,35056000000000154;96136,0;-2,5658613065374055e-05;3;3941;0,35009744529931247
0,34812000000000154;96160,4;-2,6431148594894945e-05;3;3942;0,3477966691856782
0,34568000000000154;96184,79999999999;-2,7777240982903004e-05;3;3943;0,3455994229142438
0,34324000000000154;96209,2;-2,802796327876277e-05;3;3944;0,3433638983841407
0,34080000000000155;96233,59999999999;-2,886329775329577e-05;3;3945;0,34104716157355464
0,33836000000000155;96258,0;-3,0154034556072077e-05;3;3946;0,3380579903818855
0,33592000000000155;96282,4;-3,115293043148942e-05;3;3947;0,33599413645617815
0,33348000000000155;96306,79999999999;-3,158204825876551e-05;3;3948;0,33336526459034804
0,33104000000000156;96331,2;-3,2870413524168794e-05;3;3949;0,33072182209379436
0,32860000000000156;96355,59999999999;-3,350201504889375e-05;3;3950;0,3285016386640076
0,32616000000000156;96380,0;-3,4508749083843934e-05;3;3951;0,3261649732855524
0,32372000000000156;96404,4;-3,5792630139326636e-05;3;3952;0,3234247199986738
0,32128000000000156;96428,79999999999;-3,746746916802871e-05;3;3953;0,3214554752771289
0,31884000000000157;96453,2;-3,847634626080704e-05;3;3954;0,3181188036542057
0,31640000000000157;96477,59999999999;-3,99715135891986e-05;3;3955;0,3164337161362132
0,31396000000000157;96502,0;-4,0831891749208116e-05;3;3956;0,31422187477604896
0,3115200000000016;96526,4;-4,224710256464684e-05;3;3957;0,3115848370574659
0,3090800000000016;96550,79999999999;-4,285831007951422e-05;3;3958;0,3089156596350221
0,3066400000000016;96575,2;-4,4528902120306514e-05;3;3959;0,3062138001577265
0,3042000000000016;96599,59999999999;-4,624145601329047e-05;3;3960;0,3040504963187537
0,3017600000000016;96624,0;-4,80286869657907e-05;3;3961;0,30162492003123986
0,2993200000000016;96648,4;-4,8669707022607084e-05;3;3962;0,29882586706037956
0,2968800000000016;96672,79999999999;-5,1078200526852374e-05;3;3963;0,2969640593474897
0,2944400000000016;96697,2;-5,308039471882756e-05;3;3964;0,29464722613994665
0,2920000000000016;96721,59999999999;-5,442091152157753e-05;3;3965;0,29181839841799245
0,2895600000000016;96746,0;-5,640801067056725e-05;3;3966;0,28959611489128684
0,2871200000000016;96770,4;-5,7574436512862784e-05;3;3967;0,28736950558005697
0,2846800000000016;96794,79999999999;-6,003651949734563e-05;3;3968;0,2850454909079485
0,2822400000000016;96819,2;-6,155162626843217e-05;3;3969;0,2819072912597421
0,2798000000000016;96843,59999999999;-6,330058718074094e-05;3;3970;0,2800867923054364
0,2773600000000016;96868,0;-6,614773007789148e-05;3;3971;0,27744690307033376
0,2749200000000016;96892,4;-6,81018225833392e-05;3;3972;0,27495643165374456
0,2724800000000016;96916,79999999999;-6,976628920120168e-05;3;3973;0,2731210375080363
0,2700400000000016;96941,2;-7,277254640388548e-05;3;3974;0,2700170304362792
0,2676000000000016;96965,59999999999;-7,520577010425192e-05;3;3975;0,266937476203383
0,2651600000000016;96990,0;-7,774529549903398e-05;3;3976;0,26539775740267235
0,2627200000000016;97014,4;-8,048943151663663e-05;3;3977;0,26264813378053115
0,2602800000000016;97038,79999999999;-8,320778761384606e-05;3;3978;0,26026454385912884
0,2578400000000016;97063,2;-8,545717935193595e-05;3;3979;0,2575322374919871
0,2554000000000016;97087,59999999999;-8,829935781552668e-05;3;3980;0,2554423847594271
0,25296000000000163;97112,0;-9,194536122309327e-05;3;3981;0,2533960655094101
0,25052000000000163;97136,4;-9,418282212257977e-05;3;3982;0,25083921276667653
0,24808000000000163;97160,79999999999;-9,751078098206071e-05;3;3983;0,2480663693783775
0,24564000000000163;97185,2;-0,0001014323367790658;3;3984;0,24559340711767022
0,24320000000000164;97209,59999999999;-0,00010528898461772891;3;3985;0,2435341932526489
0,24076000000000164;97234,0;-0,00010867430015960761;3;3986;0,24101793425206625
0,23832000000000164;97258,4;-0,00011213066862704594;3;3987;0,23879971620559587
0,23588000000000164;97282,79999999999;-0,00011597582323957245;3;3988;0,23581913270287475
0,23344000000000165;97307,2;-0,00011935715353848557;3;3989;0,23355330158805515
0,23100000000000165;97331,59999999999;-0,00012436632399369358;3;3990;0,23104791652914033
0,22856000000000165;97356,0;-0,00012827329516471744;3;3991;0,22862114021338256
0,22612000000000165;97380,4;-0,00013270374994647815;3;3992;0,22608051749711075
0,22368000000000166;97404,79999999999;-0,0001369625860151516;3;3993;0,2238464326567007
0,22124000000000166;97429,2;-0,00014200452480524767;3;3994;0,22163785846189493
0,21880000000000166;97453,59999999999;-0,00014691121901616762;3;3995;0,21867853577682114
0,21636000000000166;97478,0;-0,00015189913373246037;3;3996;0,21666395830262136
0,21392000000000166;97502,4;-0,0001572782822387341;3;3997;0,2137381074240511
0,21148000000000167;97526,79999999999;-0,00016240654673585408;3;3998;0,21192812826203397
0,20904000000000167;97551,2;-0,0001680311380545625;3;3999;0,20919628451910058
0,20660000000000167;97575,59999999999;-0,00017428194927411795;3;4000;0,20634964865897934
0,20416000000000167;97600,0;-0,00017979612244259442;3;4001;0,20359332188216392
0,20172000000000168;97624,4;-0,00018619793258067236;3;4002;0,2016248604680675
0,19928000000000168;97648,79999999999;-0,0001927980404634645;3;4003;0,19966227949280765
0,19684000000000168;97673,2;-0,0001991652706044372;3;4004;0,19651049285633848
0,19440000000000168;97697,59999999999;-0,00020600639325793742;3;4005;0,19445409507039346
0,19196000000000168;97722,0;-0,00021380099407405432;3;4006;0,19185826476095702
0,1895200000000017;97746,4;-0,00022111321008191353;3;4007;0,18950827981509882
0,1870800000000017;97770,79999999999;-0,00022867050374047651;3;4008;0,18721117902113638
0,1846400000000017;97795,2;-0,00023617462098227563;3;4009;0,18455052043523426
0,1822000000000017;97819,59999999999;-0,00024480669873909813;3;4010;0,1824337549081803
0,1797600000000017;97844,0;-0,0002534018416659696;3;4011;0,1799206547418874
0,1773200000000017;97868,4;-0,0002617205839330212;3;4012;0,1771416955060816
0,1748800000000017;97892,79999999999;-0,0002715563180845773;3;4013;0,17536868705159817
0,1724400000000017;97917,2;-0,00028067964536176494;3;4014;0,17246070735737676
0,1700000000000017;97941,59999999999;-0,0002910008275728489;3;4015;0,16970866528900613
0,1675600000000017;97966,0;-0,0003009420356944107;3;4016;0,16801025394878594
0,1651200000000017;97990,4;-0,0003112307475530164;3;4017;0,1655821448620004
0,1626800000000017;98014,79999999999;-0,00032262793064191274;3;4018;0,16286569067773432
0,16024000000000171;98039,2;-0,0003339051459390695;3;4019;0,16093629075435903
0,15780000000000172;98063,59999999999;-0,00034544245751129535;3;4020;0,15756922551356145
0,15536000000000172;98087,99999999999;-0,00035706328089017664;3;4021;0,15566304937676645
0,15292000000000172;98112,4;-0,0003705482047301698;3;4022;0,15253997334115488
0,15048000000000172;98136,79999999999;-0,00038321563697431656;3;4023;0,150962886619203
0,14804000000000173;98161,2;-0,0003961851898591951;3;4024;0,14824071714378212
0,14560000000000173;98185,59999999999;-0,00041106328445236;3;4025;0,14589307497453177
0,14316000000000173;98209,99999999999;-0,00042425301629968163;3;4026;0,14290525699913
0,14072000000000173;98234,4;-0,00043969852978882726;3;4027;0,14070867229067313
0,13828000000000173;98258,79999999999;-0,00045460306392681765;3;4028;0,1383017113521331
0,13584000000000174;98283,2;-0,0004714939090098825;3;4029;0,13581523200683088
0,13340000000000174;98307,59999999999;-0,0004875340103546981;3;4030;0,13342789299317448
0,13096000000000174;98331,99999999999;-0,0005051382776792441;3;4031;0,1312293340308299
0,12852000000000174;98356,4;-0,0005226267772056772;3;4032;0,12901076968523711
0,12608000000000175;98380,79999999999;-0,0005413338365409047;3;4033;0,1265078681800376
0,12364000000000175;98405,2;-0,0005603547921815253;3;4034;0,12389154864304698
0,12120000000000175;98429,59999999999;-0,0005804074124322447;3;4035;0,12088746710797377
0,11876000000000175;98453,99999999999;-0,0006011706575783724;3;4036;0,1187332092296523
0,11632000000000176;98478,4;-0,0006214895902944593;3;4037;0,11587562295606799
0,11388000000000176;98502,79999999999;-0,0006426667418996859;3;4038;0,11401661151546431
0,11144000000000176;98527,2;-0,0006661432938255923;3;4039;0,11197855715823339
0,10900000000000176;98551,59999999999;-0,000689685686215312;3;4040;0,10922101719573779
0,10656000000000176;98575,99999999999;-0,0007137101884400617;3;4041;0,10673833445580623
0,10412000000000177;98600,4;-0,0007392379449353943;3;4042;0,10418517511170527
0,10168000000000177;98624,79999999999;-0,000765264323063078;3;4043;0,10153565425210516
0,09924000000000177;98649,2;-0,0007924865036019543;3;4044;0,09986618064548287
0,09680000000000177;98673,59999999999;-0,0008203420895046875;3;4045;0,09719280218002746
0,09436000000000178;98697,99999999999;-0,000848687403304793;3;4046;0,094247635069424
0,09192000000000178;98722,4;-0,0008792402704121196;3;4047;0,09182789421455825
0,08948000000000178;98746,79999999999;-0,0009099613250975044;3;4048;0,08931212699244656
0,08704000000000178;98771,2;-0,0009422710661014215;3;4049;0,08733193776864472
0,08460000000000178;98795,59999999999;-0,0009756991726868084;3;4050;0,08453658961151184
0,08216000000000179;98819,99999999999;-0,0010098038978339642;3;4051;0,08202882234226395
0,07972000000000179;98844,4;-0,0010453300342340174;3;4052;0,08036638647844872
0,07728000000000179;98868,79999999999;-0,0010828913850727667;3;4053;0,07719401508004937
0,0748400000000018;98893,2;-0,0011206771531578385;3;4054;0,07521023198158915
0,0724000000000018;98917,59999999999;-0,001160160183377712;3;4055;0,07208705341765231
0,0699600000000018;98941,99999999999;-0,0012015073382094985;3;4056;0,06989171632014071
0,0675200000000018;98966,4;-0,0012439138481582014;3;4057;0,06747036648378413
0,0650800000000018;98990,79999999999;-0,0012878695264383374;3;4058;0,06540220084651906
0,0626400000000018;99015,2;-0,0013333511199023246;3;4059;0,06253030501739047
0,06020000000000181;99039,59999999999;-0,001380907186569026;3;4060;0,06061280821177593
0,05776000000000181;99063,99999999999;-0,001429552894025734;3;4061;0,05763493239712566
0,05532000000000181;99088,4;-0,0014798354760518879;3;4062;0,05525776732338287
0,052880000000001814;99112,79999999999;-0,0015325420491547961;3;4063;0,053190723565805245
0,05044000000000182;99137,2;-0,0015865524280840612;3;4064;0,05012773528980149
0,04800000000000182;99161,59999999999;-0,0016426833003816068;3;4065;0,04801744785898098
0,04556000000000182;99185,99999999999;-0,0017010215870325036;3;4066;0,04543182704798363
0,043120000000001824;99210,4;-0,0017609358549483995;3;4067;0,0431407431123173
0,040680000000001826;99234,79999999999;-0,0018229065256414052;3;4068;0,04087558149189197
0,03824000000000183;99259,2;-0,0018880705036175079;3;4069;0,038335083896498486
0,03580000000000183;99283,59999999999;-0,001954840137204975;3;4070;0,03617278626450281
0,03336000000000183;99307,99999999999;-0,0020238968016048787;3;4071;0,03361849704547078
0,030920000000001835;99332,4;-0,002095858463036857;3;4072;0,030766129243016516
0,028480000000001837;99356,79999999999;-0,0021698659376207527;3;4073;0,028583574239980834
0,02604000000000184;99381,2;-0,002246951134062169;3;4074;0,025967356926382513
0,02360000000000184;99405,59999999999;-0,0023266117258444745;3;4075;0,02329119958330888
0,021160000000001844;99429,99999999999;-0,0024083185771646273;3;4076;0,021033396164872684
0,018720000000001846;99454,4;-0,0024934568181931922;3;4077;0,018881878057776115
0,01628000000000185;99478,79999999999;-0,0025815013632585083;3;4078;0,01570126633800378
0,01384000000000185;99503,2;-0,0026735177310762545;3;4079;0,013966665200421665
0,011400000000001853;99527,59999999999;-0,00276787358901969;3;4080;0,011773692298632142
0,01;99551,99999999999;-0,001096088138858274;3;4081;0,010113655911488736
0,01244;99576,4;-0,0010102949916670537;3;4082;0,012147909329971968
0,014879999999999999;99600,79999999999;-0,0009306678640454625;3;4083;0,01528785598463594
0,01732;99625,2;-0,0008579111500769871;3;4084;0,017409784372710756
0,01976;99649,59999999999;-0,0007903168448759577;3;4085;0,020176517533250133
0,022199999999999998;99673,99999999999;-0,0007283638781126416;3;4086;0,022048290049003296
0,024639999999999995;99698,4;-0,0006715295068944892;3;4087;0,025082340481790144
0,02708;99722,79999999999;-0,0006188212852237542;3;4088;0,026848646960880213
0,029519999999999998;99747,2;-0,0005701760480276595;3;4089;0,029879734756788418
0,031959999999999995;99771,59999999999;-0,0005252354588255495;3;4090;0,03151984993290887
0,03439999999999999;99795,99999999999;-0,00048343916560517785;3;4091;0,0346078097003782
0,03684;99820,4;-0,0004456467938073952;3;4092;0,03707079543701644
0,039279999999999995;99844,79999999999;-0,00041006343104538505;3;4093;0,03910736032385261
0,04171999999999999;99869,2;-0,00037794680761498524;3;4094;0,042015348543204024
0,04416;99893,59999999999;-0,0003483127294054925;3;4095;0,04410675872686722
0,046599999999999996;99917,99999999999;-0,0003209961473026623;3;4096;0,046456955119358614
0,04903999999999999;99942,4;-0,000295957240076983;3;4097;0,04907372446635361
0,05147999999999999;99966,79999999999;-0,0002716514544381596;3;4098;0,051548171562274446
0,05391999999999999;99991,2;-0,0002500202707447863;3;4099;0,05454401395779491
0,05635999999999999;100015,59999999999;-0,00023059889049360937;3;4100;0,056934350722960554
0,05879999999999999;100039,99999999999;-0,00021167213262275947;3;4101;0,05917671185635126
0,06123999999999999;100064,4;-0,00019531298211161507;3;4102;0,061030532510934175
0,06367999999999999;100088,79999999999;-0,00017971427811304565;3;4103;0,06359393040960444
0,06611999999999998;100113,2;-0,00016499135678273985;3;4104;0,06570083816033202
0,06855999999999998;100137,59999999999;-0,00015207328286357416;3;4105;0,06819044245085092
0,07099999999999998;100161,99999999999;-0,00013998540769863816;3;4106;0,0712051017748681
0,07343999999999998;100186,4;-0,00012867556032966336;3;4107;0,0734972210911389
0,07587999999999998;100210,79999999999;-0,00011867328453118477;3;4108;0,07524651787246235
0,07831999999999999;100235,2;-0,00010857163702933052;3;4109;0,07861578252947965
0,08075999999999998;100259,59999999999;-9,968019731845261e-05;3;4110;0,08097944574024518
0,08319999999999998;100283,99999999999;-9,110947871327944e-05;3;4111;0,08350156805638778
0,08563999999999998;100308,4;-8,370133900456525e-05;3;4112;0,085756194171696
0,08807999999999998;100332,79999999999;-7,710340438326479e-05;3;4113;0,08758606415752457
0,09051999999999998;100357,2;-7,013928620913383e-05;3;4114;0,09079213999848446
0,09295999999999997;100381,59999999999;-6,42645108824806e-05;3;4115;0,09314109544969099
0,09539999999999997;100405,99999999999;-5,827979856629881e-05;3;4116;0,0957346180972165
0,09783999999999997;100430,4;-5,325984647478463e-05;3;4117;0,09792178342884923
0,10027999999999998;100454,79999999999;-4,8687522376127993e-05;3;4118;0,1000247668592531
0,10271999999999998;100479,2;-4,37745611165324e-05;3;4119;0,10293817076775061
0,10515999999999998;100503,59999999999;-3,9899310886653225e-05;3;4120;0,10533652326446644
0,10759999999999997;100527,99999999999;-3,60068090663265e-05;3;4121;0,10774561607777199
0,11003999999999997;100552,4;-3,17740135509059e-05;3;4122;0,11000278565283277
0,11247999999999997;100576,79999999999;-2,796714629268961e-05;3;4123;0,11240886263623681
0,11491999999999997;100601,2;-2,4231921021391554e-05;3;4124;0,11434340726219477
0,11735999999999998;100625,59999999999;-2,105276699657895e-05;3;4125;0,11702730996767455
0,11979999999999998;100649,99999999999;-1,757452168717119e-05;3;4126;0,11979632847624389
0,12223999999999997;100674,4;-1,3932817417079668e-05;3;4127;0,12151142970407249
0,12467999999999997;100698,79999999999;-1,0700531917906334e-05;3;4128;0,12422094338866967
0,12711999999999998;100723,2;-6,651632008285785e-06;3;4129;0,12705709093504677
0,12955999999999998;100747,59999999999;-3,91919547267068e-06;3;4130;0,1297961027026115
0,13199999999999998;100771,99999999999;-2,734154333068798e-08;3;4131;0,13231714158005045
0,13443999999999998;100796,4;4,310769316004586e-06;3;4132;0,1345575901930257
0,13687999999999997;100820,79999999999;9,035564767904505e-06;3;4133;0,13706824737962647
0,13931999999999997;100845,2;1,3311127874133742e-05;3;4134;0,1397470038309286
0,14175999999999997;100869,59999999999;1,795471302103008e-05;3;4135;0,14249483278356465
0,14419999999999997;100893,99999999999;2,4068625485030002e-05;3;4136;0,14430912719529268
0,14664;100918,4;2,949433170310954e-05;3;4137;0,14648953490124975
0,14908;100942,79999999999;3,68079617416373e-05;3;4138;0,1491389528529623
0,15152;100967,2;4,3959637238016136e-05;3;4139;0,151135077288505
0,15395999999999999;100991,59999999999;5,216198777850146e-05;3;4140;0,15391218475181542
0,15639999999999998;101015,99999999999;6,095332484178216e-05;3;4141;0,15667344372337297
0,15883999999999998;101040,4;7,070931201409359e-05;3;4142;0,15920152361705328
0,16127999999999998;101064,79999999999;8,143245803390559e-05;3;4143;0,16156463155740727
0,16371999999999998;101089,19999999998;9,309606380757906e-05;3;4144;0,1637993950059933
0,16615999999999997;101113,59999999999;0,0001063683426328799;3;4145;0,16652927897984313
0,16859999999999997;101137,99999999999;0,00012095887430319508;3;4146;0,1690300377899539
0,17103999999999997;101162,4;0,00013702656358659409;3;4147;0,17123527310877662
0,17347999999999997;101186,79999999999;0,00015438742963872133;3;4148;0,1733109225746005
0,17591999999999997;101211,19999999998;0,00017359346842538403;3;4149;0,17579464918223142
0,17835999999999996;101235,59999999999;0,00019529866009955726;3;4150;0,17840165763268703
0,18079999999999996;101259,99999999999;0,0002174902973713629;3;4151;0,1805963224046199
0,18323999999999996;101284,4;0,00024315405667167992;3;4152;0,1834604445316405
0,18567999999999996;101308,79999999999;0,00027055630765689587;3;4153;0,1863919827934748
0,18811999999999998;101333,19999999998;0,00029898518834012446;3;4154;0,1879815216348178
0,19055999999999998;101357,59999999999;0,0003313775872486791;3;4155;0,1912534086776141
0,19299999999999998;101381,99999999999;0,0003650097155713818;3;4156;0,1927226425544762
0,19543999999999997;101406,4;0,00040205912370709797;3;4157;0,19549782042699038
0,19787999999999997;101430,79999999999;0,0004405848343694199;3;4158;0,19789231983609573
0,20031999999999997;101455,19999999998;0,0004828882649221555;3;4159;0,20038544604173814
0,20275999999999997;101479,59999999999;0,0005266904221337355;3;4160;0,20291617199664613
0,20519999999999997;101503,99999999999;0,0005735735019430988;3;4161;0,2049288534072718
0,20763999999999996;101528,4;0,0006242415819659637;3;4162;0,20757852487440412
0,21007999999999996;101552,79999999999;0,0006758635355730019;3;4163;0,21079213414410272
0,21251999999999996;101577,19999999998;0,000730754071984007;3;4164;0,21222167804522038
0,21495999999999996;101601,59999999999;0,000788724149914913;3;4165;0,21519350395784795
0,21739999999999995;101625,99999999999;0,0008486674923829076;3;4166;0,21744653769148245
0,21983999999999995;101650,4;0,0009115239766930334;3;4167;0,22011780043510507
0,22227999999999995;101674,79999999999;0,0009755303643146766;3;4168;0,22237981876384597
0,22471999999999998;101699,19999999998;0,0010423347330005398;3;4169;0,2243831333854231
0,22715999999999997;101723,59999999999;0,0011112379280956227;3;4170;0,2269258098542426
0,22959999999999997;101747,99999999999;0,0011809593117340922;3;4171;0,22991272080757472
0,23203999999999997;101772,4;0,0012530528063303063;3;4172;0,23243792093511345
0,23447999999999997;101796,79999999999;0,001325752763627946;3;4173;0,23478884794135402
0,23691999999999996;101821,19999999998;0,0013995371123078043;3;4174;0,23690923691358654
0,23935999999999996;101845,59999999999;0,0014735857621522718;3;4175;0,2394573257442412
0,24179999999999996;101869,99999999999;0,0015469145166824947;3;4176;0,24200699802931697
0,24423999999999996;101894,4;0,0016208939209173376;3;4177;0,24397585539697556
0,24667999999999995;101918,79999999999;0,0016942365910388143;3;4178;0,24695997453185606
0,24911999999999995;101943,19999999998;0,0017669423312542225;3;4179;0,2486607275438667
0,25155999999999995;101967,59999999999;0,0018379812010696878;3;4180;0,25201938933640394
0,25399999999999995;101991,99999999999;0,0019072538102276678;3;4181;0,2539071126480579
0,25643999999999995;102016,4;0,0019740932192982242;3;4182;0,25671185950266356
0,25887999999999994;102040,79999999999;0,0020393578530780447;3;4183;0,259095946515926
0,26131999999999994;102065,19999999998;0,0021000611692352433;3;4184;0,26088726291888814
0,26375999999999994;102089,59999999999;0,0021584976154323094;3;4185;0,2637858105108322
0,26619999999999994;102113,99999999999;0,002213287146603708;3;4186;0,26601220885482657
0,26863999999999993;102138,4;0,00226349638040717;3;4187;0,2687437538462434
0,27107999999999993;102162,79999999999;0,002309039863844788;3;4188;0,2706900473188639
0,27351999999999993;102187,19999999998;0,002350399071219033;3;4189;0,27381472110913896
0,2759599999999999;102211,59999999999;0,002385958099708483;3;4190;0,2762868166455098
0,2783999999999999;102235,99999999999;0,0024172741920102355;3;4191;0,2783235862487794
0,2808399999999999;102260,4;0,0024420775313873408;3;4192;0,2816906707792129
0,28328;102284,79999999999;0,002460903011165814;3;4193;0,2829265456697078
0,28572;102309,19999999998;0,0024748911654168472;3;4194;0,2855422365687761
0,28815999999999997;102333,59999999999;0,002482117955621309;3;4195;0,2881739434967466
0,29059999999999997;102357,99999999999;0,002483291495532472;3;4196;0,2905446866435055
0,29303999999999997;102382,4;0,0024656400513200973;3;4197;0,292853248380086
0,29547999999999996;102406,79999999999;0,002423614284017991;3;4198;0,295838415635279
0,29791999999999996;102431,19999999998;0,0023605544518236115;3;4199;0,2979672191431904
0,30035999999999996;102455,59999999999;0,0022758103844783034;3;4200;0,3001571482216068
0,30279999999999996;102479,99999999999;0,0021737970660770088;3;4201;0,3026732109115524
0,30523999999999996;102504,4;0,0020557575010286613;3;4202;0,3044617721017133
0,30767999999999995;102528,79999999999;0,0019252482503311996;3;4203;0,30822697435977986
0,31011999999999995;102553,19999999998;0,0017856521927605816;3;4204;0,3098289528393293
0,31255999999999995;102577,59999999999;0,0016404574654773057;3;4205;0,3126051057158241
0,31499999999999995;102601,99999999999;0,0014929720557668098;3;4206;0,3150779055908043
0,31743999999999994;102626,4;0,001344885577048151;3;4207;0,31731227387516475
0,31987999999999994;102650,79999999999;0,001200351423142136;3;4208;0,3196882279352523
0,32231999999999994;102675,19999999998;0,0010610023940018799;3;4209;0,3219762487075307
0,32475999999999994;102699,59999999999;0,0009286729412961559;3;4210;0,3240591116588216
0,32719999999999994;102723,99999999999;0,000805228399739702;3;4211;0,3274685661787132
0,32963999999999993;102748,4;0,0006918170738578492;3;4212;0,32978767215272314
0,33207999999999993;102772,79999999999;0,0005886750807484072;3;4213;0,33186358765231777
0,33451999999999993;102797,19999999998;0,0004958971943415856;3;4214;0,33457386434952635
0,3369599999999999;102821,59999999999;0,00041403364244693675;3;4215;0,33686081839456156
0,3393999999999999;102845,99999999999;0,00034242470453227657;3;4216;0,3392608478964071
0,3418399999999999;102870,4;0,00028035633549094557;3;4217;0,34177152112228404
0,3442799999999999;102894,79999999999;0,00022786279006711607;3;4218;0,34461463133241843
0,3467199999999999;102919,19999999998;0,00018290402589401462;3;4219;0,3468033055219299
0,3491599999999999;102943,59999999999;0,00014645465926926469;3;4220;0,34883379569384454
0,3515999999999999;102967,99999999999;0,00011584970741745221;3;4221;0,3518487520430131
0,3540399999999999;102992,4;9,155584627417644e-05;3;4222;0,3538200136515347
0,3564799999999999;103016,79999999999;7,066640011094672e-05;3;4223;0,3566691966589445
0,3589199999999999;103041,19999999998;5,501024694478532e-05;3;4224;0,3591015943341297
0,3613599999999999;103065,59999999999;4,3500190389314245e-05;3;4225;0,3604275552658117
0,36379999999999996;103089,99999999999;3,328896699043954e-05;3;4226;0,36387980475355125
0,36623999999999995;103114,4;2,5972470825879215e-05;3;4227;0,36602327151636177
0,36867999999999995;103138,79999999999;1,9595877094426688e-05;3;4228;0,36862949795664324
0,37111999999999995;103163,19999999998;1,507884088399368e-05;3;4229;0,3716910247558459
0,37355999999999995;103187,59999999999;1,2438255845308115e-05;3;4230;0,3737077395331282
0,37599999999999995;103211,99999999999;9,963289335525722e-06;3;4231;0,3759977929657073
0,37843999999999994;103236,4;8,341098270011744e-06;3;4232;0,37782843594163623
0,38087999999999994;103260,79999999999;7,385863793708439e-06;3;4233;0,381371068637023
0,38331999999999994;103285,19999999998;6,279721709165529e-06;3;4234;0,3832926734548479
0,38575999999999994;103309,59999999999;4,923190365627747e-06;3;4235;0,386071244866954
0,38819999999999993;103333,99999999999;4,788782130905672e-06;3;4236;0,3882127859736062
0,39063999999999993;103358,4;3,970955324343436e-06;3;4237;0,39051762157024245
0,39307999999999993;103382,79999999999;4,5850428482244076e-06;3;4238;0,3926142284933867
0,3955199999999999;103407,19999999998;4,137431201272721e-06;3;4239;0,3956560569965695
0,3979599999999999;103431,59999999999;3,7990461724394498e-06;3;4240;0,39766801105648175
0,4003999999999999;103455,99999999999;4,223814577106095e-06;3;4241;0,4007527592783937
0,4028399999999999;103480,4;3,742022902657493e-06;3;4242;0,40328748777462864
0,4052799999999999;103504,79999999999;4,3485858817968175e-06;3;4243;0,40497275750757683
0,4077199999999999;103529,19999999998;4,2435058590770625e-06;3;4244;0,40734326288998096
0,4101599999999999;103553,59999999999;4,687485061307106e-06;3;4245;0,4098040637215512
0,4125999999999999;103577,99999999999;3,784180950146128e-06;3;4246;0,4123766316038904
0,4150399999999999;103602,4;4,291951408690709e-06;3;4247;0,4150089402537727
0,4174799999999999;103626,79999999999;3,867609684818854e-06;3;4248;0,41722087391791013
0,4199199999999999;103651,19999999998;3,6401325923213158e-06;3;4249;0,4193096545242935
0,4223599999999999;103675,59999999999;4,557818521156909e-06;3;4250;0,42240334980539745
0,4247999999999999;103699,99999999999;3,681385744653031e-06;3;4251;0,42435340542313055
0,4272399999999999;103724,4;4,494712743742847e-06;3;4252;0,42688604944299613
0,4296799999999999;103748,79999999999;3,8927546323274985e-06;3;4253;0,42962083308627336
0,4321199999999999;103773,19999999998;4,216674413777844e-06;3;4254;0,43170069638906283
0,4345599999999999;103797,59999999999;3,871216732122718e-06;3;4255;0,43461504109203114
0,4369999999999999;103821,99999999999;3,767380629751661e-06;3;4256;0,43718953430981583
0,43943999999999994;103846,4;3,7292656665054582e-06;3;4257;0,43959575109422405
0,44187999999999994;103870,79999999999;3,874197273764581e-06;3;4258;0,4421507734059468
0,44431999999999994;103895,19999999998;4,073264147303018e-06;3;4259;0,4446676705305822
0,44675999999999993;103919,59999999999;4,41991285726922e-06;3;4260;0,4467288214524127
0,44919999999999993;103943,99999999999;3,761423937619988e-06;3;4261;0,4490382152768891
0,45163999999999993;103968,4;4,008103141997787e-06;3;4262;0,45130613847298334
0,45407999999999993;103992,79999999999;3,918778457300515e-06;3;4263;0,4543847336578488
0,4565199999999999;104017,19999999998;3,974331041955811e-06;3;4264;0,45607000096499367
0,4589599999999999;104041,59999999999;3,692733741509167e-06;3;4265;0,4592393605919733
0,4613999999999999;104065,99999999999;3,585520672710119e-06;3;4266;0,461151430993105
0,4638399999999999;104090,39999999998;3,859046836700899e-06;3;4267;0,46383288803560213
0,4662799999999999;104114,79999999999;3,990050662111418e-06;3;4268;0,46637683712633465
0,4687199999999999;104139,19999999998;4,721246865107825e-06;3;4269;0,4682170264550816
0,4711599999999999;104163,59999999999;4,449287189548586e-06;3;4270;0,47138602928229034
0,4735999999999999;104187,99999999999;3,878287119701591e-06;3;4271;0,47340004985915923
0,4760399999999999;104212,39999999998;3,6113293912018522e-06;3;4272;0,4757525802167066
0,4784799999999999;104236,79999999999;3,4869332316213e-06;3;4273;0,4783407364063474
0,4809199999999999;104261,19999999998;4,282821024155484e-06;3;4274;0,4809421478011472
0,4833599999999999;104285,59999999999;4,361003267489194e-06;3;4275;0,4836148012600139
0,4857999999999999;104309,99999999999;4,6228918656443344e-06;3;4276;0,4861174291327961
0,4882399999999999;104334,39999999998;3,921082869882745e-06;3;4277;0,4883387316101923
0,4906799999999999;104358,79999999999;4,116700930097548e-06;3;4278;0,49054759651131713
0,4931199999999999;104383,19999999998;3,897076537290794e-06;3;4279;0,493066408579125
0,4955599999999999;104407,59999999999;4,427331753865019e-06;3;4280;0,4955732171408891
0,4979999999999999;104431,99999999999;4,2784808768704435e-06;3;4281;0,49769300287401314
0,5004399999999999;104456,39999999998;3,7675588130534187e-06;3;4282;0,5002905357371916
0,5028799999999999;104480,79999999999;4,050651437594789e-06;3;4283;0,5028463088807766
0,5053199999999999;104505,19999999998;3,700152727092618e-06;3;4284;0,5042976630449038
0,5077599999999999;104529,59999999999;4,033297125386904e-06;3;4285;0,5076956302434857
0,5101999999999999;104553,99999999999;3,5752870051249086e-06;3;4286;0,5099739314857429
0,5126399999999999;104578,39999999998;4,058825061957371e-06;3;4287;0,5130210658183773
0,5150799999999999;104602,79999999999;4,357744036626313e-06;3;4288;0,515254385889243
0,5175199999999999;104627,19999999998;4,379149404163593e-06;3;4289;0,5170004582037847
0,5199599999999999;104651,59999999999;3,628208619666417e-06;3;4290;0,5200608685270514
0,5223999999999999;104675,99999999999;4,015282138997913e-06;3;4291;0,5217327029061449
0,5248399999999999;104700,39999999998;3,599399458086502e-06;3;4292;0,5252987265149198
0,5272799999999999;104724,79999999999;4,327497523259474e-06;3;4293;0,5269900756097536
0,5297199999999999;104749,19999999998;4,122106777821579e-06;3;4294;0,5296769556929257
0,5321599999999999;104773,59999999999;3,659517325256903e-06;3;4295;0,5324774908232476
0,5345999999999999;104797,99999999999;3,7259317758118056e-06;3;4296;0,5344012583350464
0,5370399999999999;104822,39999999998;4,167751458181196e-06;3;4297;0,5369150226761441
0,5394799999999998;104846,79999999999;3,4903738660252394e-06;3;4298;0,5391514681414559
0,5419199999999998;104871,19999999998;4,0206164932379406e-06;3;4299;0,5422794026401051
0,5443599999999998;104895,59999999999;4,108546701293946e-06;3;4300;0,5449395405404843
0,5467999999999998;104919,99999999999;3,801983754721602e-06;3;4301;0,5468090268427479
0,5492399999999998;104944,39999999998;3,920336319395598e-06;3;4302;0,5490560269587922
0,5516799999999998;104968,79999999999;4,027102174930002e-06;3;4303;0,5517188208074042
0,5541199999999998;104993,19999999998;4,1733338093924664e-06;3;4304;0,554061188790637
0,5565599999999999;105017,59999999999;3,6253692460437858e-06;3;4305;0,556689474521877
0,5589999999999999;105041,99999999999;3,8314427845526395e-06;3;4306;0,5590678017492187
0,5614399999999999;105066,39999999998;4,240264110193396e-06;3;4307;0,5616015176030292
0,5638799999999999;105090,79999999999;3,21667030356104e-06;3;4308;0,5639722706708832
0,5663199999999999;105115,19999999998;4,294119013325746e-06;3;4309;0,5661371113641532
0,5687599999999999;105139,59999999999;4,401228598504721e-06;3;4310;0,5682801363592733
0,5711999999999999;105163,99999999999;4,569062262240695e-06;3;4311;0,5709260536546431
0,5736399999999999;105188,39999999998;3,2920701429319163e-06;3;4312;0,5736234916330876
0,5760799999999999;105212,79999999999;3,862250109498071e-06;3;4313;0,5763704874377374
0,5785199999999999;105237,19999999998;3,8057480711768086e-06;3;4314;0,578358657165684
0,5809599999999999;105261,59999999999;4,4353741489320765e-06;3;4315;0,5811245141544642
0,5833999999999999;105285,99999999999;4,200201600064845e-06;3;4316;0,5831564972975329
0,5858399999999999;105310,39999999998;4,307312802385425e-06;3;4317;0,5856905885558801
0,5882799999999999;105334,79999999999;4,220524442660988e-06;3;4318;0,588244115115911
0,5907199999999999;105359,19999999998;3,5428086787692123e-06;3;4319;0,591151473750943
0,5931599999999999;105383,59999999999;4,1260113480172245e-06;3;4320;0,5931029781117644
0,5955999999999999;105407,99999999999;3,3466484961809923e-06;3;4321;0,5957560181503578
0,5980399999999999;105432,39999999998;4,132566313761424e-06;3;4322;0,5979771364461582
0,6004799999999999;105456,79999999999;4,060364576385858e-06;3;4323;0,6004073027423811
0,6029199999999999;105481,19999999998;3,945873476513563e-06;3;4324;0,6033345437431272
0,6053599999999999;105505,59999999999;4,071555191946667e-06;3;4325;0,6056093125965023
0,6077999999999999;105529,99999999999;4,214463955349108e-06;3;4326;0,6071168438905126
0,6102399999999999;105554,39999999998;3,765510857912849e-06;3;4327;0,6105562348563414
0,6126799999999999;105578,79999999999;4,107558589842186e-06;3;4328;0,6127011759685633
0,6151199999999999;105603,19999999998;4,436842284523655e-06;3;4329;0,6147767119426647
0,6175599999999999;105627,59999999999;4,11871912647596e-06;3;4330;0,6175193859417559
0,6199999999999999;105651,99999999999;4,069205700128565e-06;3;4331;0,619905131444444
0,6224399999999999;105676,39999999998;3,9956453509437725e-06;3;4332;0,6223817902220942
0,6248799999999999;105700,79999999999;3,610649265552741e-06;3;4333;0,6251501358496273
0,6273199999999999;105725,19999999998;4,428555947562526e-06;3;4334;0,6270654390088698
0,6297599999999999;105749,59999999999;3,876284239610019e-06;3;4335;0,629807744283495
0,6321999999999999;105773,99999999999;4,012071549957784e-06;3;4336;0,6323225549385698
0,6346399999999999;105798,39999999998;3,910511501765865e-06;3;4337;0,6345384801706723
0,6370799999999999;105822,79999999999;3,893320153894794e-06;3;4338;0,6368815812028599
0,6395199999999999;105847,19999999998;3,823055994050715e-06;3;4339;0,6398496126614911
0,6419599999999999;105871,59999999999;3,788718738135981e-06;3;4340;0,6421864854127813
0,6443999999999999;105895,99999999999;4,279696346430873e-06;3;4341;0,6446916151347172
0,6468399999999999;105920,39999999998;4,409736447051038e-06;3;4342;0,6468390642429072
0,6492799999999999;105944,79999999999;4,072635166817105e-06;3;4343;0,6496304181875288
0,6517199999999999;105969,19999999998;3,6534430840678783e-06;3;4344;0,6522221158413251
0,6541599999999999;105993,59999999999;3,980145249806357e-06;3;4345;0,6540285996059167
0,6565999999999999;106017,99999999999;4,666165837724127e-06;3;4346;0,6564570440857821
0,6590399999999998;106042,39999999998;4,093707090054564e-06;3;4347;0,6594258980259278
0,6614799999999998;106066,79999999999;3,941235234623441e-06;3;4348;0,6616175971584356
0,6639199999999998;106091,19999999998;3,7542590867533996e-06;3;4349;0,6643068202792927
0,6663599999999998;106115,59999999999;4,159055530562773e-06;3;4350;0,6665473314619419
0,6687999999999998;106139,99999999999;3,9282178850302496e-06;3;4351;0,6688627193738452
0,6712399999999998;106164,39999999998;4,385222238398545e-06;3;4352;0,6712876237049217
0,6736799999999998;106188,79999999999;4,326015414528412e-06;3;4353;0,6736204944126206
0,6761199999999998;106213,19999999998;4,154241877759044e-06;3;4354;0,6762535248215041
0,6785599999999998;106237,59999999999;4,022581672638636e-06;3;4355;0,6785255251348551
0,6809999999999998;106261,99999999999;4,161622685767889e-06;3;4356;0,6808020792518416
0,6834399999999998;106286,39999999998;4,094694088363687e-06;3;4357;0,6838869185228602
0,6858799999999998;106310,79999999999;3,929870777514957e-06;3;4358;0,6857881455701449
0,6883199999999998;106335,19999999998;4,398956632838553e-06;3;4359;0,6885079037771142
0,6907599999999998;106359,59999999999;3,972188806867418e-06;3;4360;0,690376698757447
0,6931999999999998;106383,99999999999;3,839572202717687e-06;3;4361;0,69311814208784
0,6956399999999998;106408,39999999998;3,496701053149465e-06;3;4362;0,6954841647453038
0,6980799999999998;106432,79999999999;3,935540610553717e-06;3;4363;0,697844562213708
0,7005199999999998;106457,19999999998;3,539889738696967e-06;3;4364;0,7005401046210007
0,7029599999999998;106481,59999999999;4,228816142969731e-06;3;4365;0,7032260353477792
0,7053999999999998;106505,99999999999;3,7581759210608497e-06;3;4366;0,7054224506656588
0,7078399999999998;106530,39999999998;3,7254285551793e-06;3;4367;0,7082714088618388
0,7102799999999998;106554,79999999999;3,320683138188108e-06;3;4368;0,710333018234787
0,7127199999999998;106579,19999999998;4,082840586777807e-06;3;4369;0,7126141649167348
0,7151599999999999;106603,59999999999;3,909124871118237e-06;3;4370;0,7153727218284952
0,7175999999999999;106627,99999999999;4,209987201464169e-06;3;4371;0,7174333858166995
0,7200399999999999;106652,39999999998;3,721598232906816e-06;3;4372;0,7196654499199124
0,7224799999999999;106676,79999999999;4,3068643918438865e-06;3;4373;0,7226458337446129
0,7249199999999999;106701,19999999998;4,221574265084074e-06;3;4374;0,7245591202456254
0,7273599999999999;106725,59999999999;4,491874608118311e-06;3;4375;0,7272087385476838
0,7297999999999999;106749,99999999999;3,863534415257611e-06;3;4376;0,7293641708652099
0,7322399999999999;106774,39999999998;4,338762428737115e-06;3;4377;0,7323949889473117
0,7346799999999999;106798,79999999999;3,755208361264204e-06;3;4378;0,7342848185858314
0,7371199999999999;106823,19999999998;4,031648444695061e-06;3;4379;0,7373482283151762
0,7395599999999999;106847,59999999999;3,9292407283563586e-06;3;4380;0,7395655231942656
0,7419999999999999;106871,99999999999;4,416905450278777e-06;3;4381;0,7416426529768313
0,7444399999999999;106896,39999999998;4,1310332822559295e-06;3;4382;0,7440401154445133
0,7468799999999999;106920,79999999999;4,588127624891996e-06;3;4383;0,7467704312247526
0,7493199999999999;106945,19999999998;4,120041267756607e-06;3;4384;0,7495030400317974
0,7517599999999999;106969,59999999999;4,053886693380621e-06;3;4385;0,7519400089647517
0,7541999999999999;106993,99999999999;3,980469901055534e-06;3;4386;0,7549185937843153
0,7566399999999999;107018,39999999998;4,082501228121377e-06;3;4387;0,7573194699931637
0,7590799999999999;107042,79999999999;3,7852378437560997e-06;3;4388;0,7589934005441824
0,7615199999999999;107067,19999999998;3,680481023421933e-06;3;4389;0,7615425967952495
0,7639599999999999;107091,59999999998;3,840933006002284e-06;3;4390;0,7635585666360427
0,7663999999999999;107115,99999999999;3,892599452631369e-06;3;4391;0,7661767759369776
0,7688399999999999;107140,39999999998;3,847222093143507e-06;3;4392;0,768445336871387
0,7712799999999999;107164,79999999999;4,656413064207511e-06;3;4393;0,7713530856021449
0,7737199999999999;107189,19999999998;3,947632083425349e-06;3;4394;0,7736880886658252
0,7761599999999999;107213,59999999998;3,912997048113779e-06;3;4395;0,7764786031968116
0,7785999999999998;107237,99999999999;4,3791932968599804e-06;3;4396;0,7787264225619385
0,7810399999999998;107262,39999999998;4,272201951305772e-06;3;4397;0,7807429297522275
0,7834799999999998;107286,79999999999;3,783289883876322e-06;3;4398;0,7834535985059058
0,7859199999999998;107311,19999999998;4,2583091825767625e-06;3;4399;0,7854511102986961
0,7883599999999998;107335,59999999998;4,306124705633223e-06;3;4400;0,7884254324997887
0,7907999999999998;107359,99999999999;3,752542007990919e-06;3;4401;0,7908267316766897
0,7932399999999998;107384,39999999998;3,960713991037962e-06;3;4402;0,7928623705184922
0,7956799999999998;107408,79999999999;4,216030931545991e-06;3;4403;0,7958290333891482
0,7981199999999998;107433,19999999998;4,273754835130283e-06;3;4404;0,7982785662449553
0,8005599999999998;107457,59999999998;3,7791902070184733e-06;3;4405;0,8011060178506072
0,8029999999999998;107481,99999999999;4,361566772554354e-06;3;4406;0,802803225415949
0,8054399999999998;107506,39999999998;4,166278146716575e-06;3;4407;0,8055890369986218
0,8078799999999998;107530,79999999999;3,727860536193907e-06;3;4408;0,8079002655604529
0,8103199999999998;107555,19999999998;3,9296809527270425e-06;3;4409;0,810878072113692
0,8127599999999998;107579,59999999998;4,552583886281004e-06;3;4410;0,8131290198583652
0,8151999999999998;107603,99999999999;4,119681339316196e-06;3;4411;0,815418038336714
0,8176399999999998;107628,39999999998;3,4343768437385056e-06;3;4412;0,8177760927893484
0,8200799999999998;107652,79999999999;3,6290417882462256e-06;3;4413;0,8199385069388471
0,8225199999999998;107677,19999999998;4,454940056952437e-06;3;4414;0,8223315445850716
0,8249599999999998;107701,59999999998;3,985282978840757e-06;3;4415;0,8245192794622532
0,8273999999999998;107725,99999999999;4,052102388461571e-06;3;4416;0,8271868905826917
0,8298399999999998;107750,39999999998;3,651190197387664e-06;3;4417;0,8298341136469003
0,8322799999999998;107774,79999999999;4,463158232961255e-06;3;4418;0,8323027865142553
0,8347199999999998;107799,19999999998;3,966655580500777e-06;3;4419;0,8346618229101735
0,8371599999999998;107823,59999999998;3,81997587931944e-06;3;4420;0,8377111118709369
0,8395999999999998;107847,99999999999;3,963997334749826e-06;3;4421;0,8398857744112763
0,8420399999999998;107872,39999999998;4,904118289567317e-06;3;4422;0,8415469253975104
0,8444799999999998;107896,79999999999;4,009769667914776e-06;3;4423;0,8443656985415968
0,8469199999999998;107921,19999999998;4,113039354617922e-06;3;4424;0,847166650188977
0,8493599999999998;107945,59999999998;3,5708646606204174e-06;3;4425;0,8494644761836456
0,8517999999999998;107969,99999999999;3,8118963192330503e-06;3;4426;0,85194006870464
0,8542399999999998;107994,39999999998;3,4422162508194876e-06;3;4427;0,8539957885744061
0,8566799999999998;108018,79999999999;4,287642856699616e-06;3;4428;0,8566914774124768
0,8591199999999998;108043,19999999998;3,7963455140760683e-06;3;4429;0,8599758679733647
0,8615599999999998;108067,59999999998;3,866017577901997e-06;3;4430;0,8615000007689677
0,8639999999999998;108091,99999999999;4,038186293402263e-06;3;4431;0,8638580815245488
0,8664399999999998;108116,39999999998;4,10960857458775e-06;3;4432;0,8663409977033389
0,8688799999999999;108140,79999999999;4,618753437038024e-06;3;4433;0,8687910794809384
0,8713199999999999;108165,19999999998;4,0076523656850155e-06;3;4434;0,8717508629184888
0,8737599999999999;108189,59999999998;4,317474084536034e-06;3;4435;0,8736014921071312
0,8761999999999999;108213,99999999999;3,786419779974897e-06;3;4436;0,8764746667692116
0,8786399999999999;108238,39999999998;3,7024229549323473e-06;3;4437;0,8787548953998189
0,8810799999999999;108262,79999999999;3,7864771698809517e-06;3;4438;0,8809062196064081
0,8835199999999999;108287,19999999998;3,982894982511316e-06;3;4439;0,8832176902996325
0,8859599999999999;108311,59999999998;4,077902769724331e-06;3;4440;0,8857643272830159
0,8883999999999999;108335,99999999999;4,317264982985351e-06;3;4441;0,8886208398544986
0,8908399999999999;108360,39999999998;4,27671728208898e-06;3;4442;0,8905334887279289
0,8932799999999999;108384,79999999999;3,831241796864039e-06;3;4443;0,8943245511713805
0,8957199999999998;108409,19999999998;4,089044853543721e-06;3;4444;0,8959965067417536
0,8981599999999998;108433,59999999998;4,3244427908329655e-06;3;4445;0,8984013390543216
0,9005999999999998;108457,99999999999;3,5994026415666222e-06;3;4446;0,9009447296139795
0,9030399999999998;108482,39999999998;3,7979050320187534e-06;3;4447;0,9031323790267886
0,9054799999999998;108506,79999999999;3,6187998912462665e-06;3;4448;0,9057757568001124
0,9079199999999998;108531,19999999998;4,182636821610629e-06;3;4449;0,9079345161974327
0,9103599999999998;108555,59999999998;3,9931545808338626e-06;3;4450;0,9107770799342365
0,9127999999999998;108579,99999999999;3,738882904964067e-06;3;4451;0,9122290630755081
0,9152399999999998;108604,39999999998;4,152962725979131e-06;3;4452;0,91527838423023
0,9176799999999998;108628,79999999999;3,893137981767592e-06;3;4453;0,9172898067811148
0,9201199999999998;108653,19999999998;4,29608623103057e-06;3;4454;0,9198938822033826
0,9225599999999998;108677,59999999998;3,941389739412641e-06;3;4455;0,9228655024387699
0,9249999999999998;108701,99999999999;4,099235422269835e-06;3;4456;0,9252234386145903
0,9274399999999998;108726,39999999998;3,5833851818201606e-06;3;4457;0,927279650928605
0,9298799999999998;108750,79999999999;4,1359420545008675e-06;3;4458;0,9297161134215367
0,9323199999999998;108775,19999999998;3,886417865626195e-06;3;4459;0,9320992827177318
0,9347599999999998;108799,59999999998;3,4924684661138368e-06;3;4460;0,9347883467998283
0,9371999999999998;108823,99999999999;3,4566671307139195e-06;3;4461;0,9371255749125532
0,9396399999999998;108848,39999999998;3,707928152792887e-06;3;4462;0,9392277080818596
0,9420799999999998;108872,79999999999;4,2350846170629e-06;3;4463;0,9419629333739484
0,9445199999999998;108897,19999999998;3,364358256390787e-06;3;4464;0,944716041265868
0,9469599999999998;108921,59999999998;4,352762619973479e-06;3;4465;0,9469794976058928
0,9493999999999998;108945,99999999999;3,947820771446513e-06;3;4466;0,9495220638533057
0,9518399999999998;108970,39999999998;4,0702080175563314e-06;3;4467;0,951795364236781
0,9542799999999998;108994,79999999999;4,226163497680377e-06;3;4468;0,954445770321576
0,9567199999999998;109019,19999999998;3,7626872016918235e-06;3;4469;0,9563357345009551
0,9591599999999998;109043,59999999998;3,991456300089485e-06;3;4470;0,9588539634173704
0,9615999999999998;109067,99999999999;3,9564172192667745e-06;3;4471;0,9614018657934904
0,9640399999999998;109092,39999999998;3,8232895097924775e-06;3;4472;0,9643805481235603
0,9664799999999998;109116,79999999999;4,256733462901618e-06;3;4473;0,9667751133194211
0,9689199999999998;109141,19999999998;4,036794614407582e-06;3;4474;0,9690216740184706
0,9713599999999998;109165,59999999998;4,226717095282114e-06;3;4475;0,9715603180357861
0,9737999999999998;109189,99999999999;4,257917630523252e-06;3;4476;0,9739114859328729
0,9762399999999998;109214,39999999998;4,120251365793474e-06;3;4477;0,9770565535445421
0,9786799999999998;109238,79999999999;4,231994938400109e-06;3;4478;0,9786185186205526
0,9811199999999998;109263,19999999998;3,662848612770392e-06;3;4479;0,9816687523663887
0,9835599999999998;109287,59999999998;3,6072811969000637e-06;3;4480;0,9836148104309006
0,9859999999999998;109311,99999999999;4,435859937030824e-06;3;4481;0,9860757919677621
0,9884399999999998;109336,39999999998;3,8865451097874925e-06;3;4482;0,9881959312953966
0,9908799999999998;109360,79999999999;4,1954249328403515e-06;3;4483;0,9907988000432045
0,9933199999999998;109385,19999999998;4,329270685383878e-06;3;4484;0,9935310044541796
0,9957599999999998;109409,59999999998;4,110288334498097e-06;3;4485;0,9954206512293164
0,9981999999999998;109433,99999999999;4,242311030881163e-06;3;4486;0,9980954545475912
1,0006399999999998;109458,39999999998;3,635914866820046e-06;3;4487;1,0006140488585626
1,0030799999999997;109482,79999999999;3,6057553472852826e-06;3;4488;1,0029026287918257
1,0055199999999997;109507,19999999998;3,6527428356613848e-06;3;4489;1,0057649578494925
1,0079599999999997;109531,59999999998;3,8175865528913734e-06;3;4490;1,0081978886926077
1,0103999999999997;109555,99999999999;3,218572246722389e-06;3;4491;1,0103654281929249
1,0128399999999997;109580,39999999998;3,878971123115879e-06;3;4492;1,0130195086378808
1,0152799999999997;109604,79999999999;3,4444131757386954e-06;3;4493;1,0154952362515113
1,0177199999999997;109629,19999999998;4,2989781918677e-06;3;4494;1,0176806165241017
1,0201599999999997;109653,59999999998;4,129751273337106e-06;3;4495;1,0197392443552031
1,0225999999999997;109677,99999999999;4,145841653556524e-06;3;4496;1,0231612910025605
1,0250399999999997;109702,39999999998;3,4188880205514334e-06;3;4497;1,0247174978912512
1,0274799999999997;109726,79999999999;3,882310811732309e-06;3;4498;1,0277885011569505
1,0299199999999997;109751,19999999998;4,436429709886757e-06;3;4499;1,030594065496531
1,0323599999999997;109775,59999999998;3,786072633298448e-06;3;4500;1,0325795284009762
1,0347999999999997;109799,99999999999;4,2573237305541935e-06;3;4501;1,0353275364309698
1,0372399999999997;109824,39999999998;3,733780676050935e-06;3;4502;1,0371395010092492
1,0396799999999997;109848,79999999999;3,9540045068173485e-06;3;4503;1,039731355025508
1,0421199999999997;109873,19999999998;4,794092281322513e-06;3;4504;1,042581395812992
1,0445599999999997;109897,59999999998;4,201131345716545e-06;3;4505;1,044374833791488
1,0469999999999997;109921,99999999999;4,39467589623256e-06;3;4506;1,0467064036967964
1,0494399999999997;109946,4;3,985403803061297e-06;3;4507;1,0494431483816462
1,0518799999999997;109970,8;3,539610312765251e-06;3;4508;1,051975876500402
1,0543199999999997;109995,2;3,564354995442107e-06;3;4509;1,0543773673692909
1,0567599999999997;110019,6;4,248899650387901e-06;3;4510;1,0565739892824533
1,0591999999999997;110044,0;4,0901284624726005e-06;3;4511;1,0594462726244107
1,0616399999999997;110068,4;4,436650810773011e-06;3;4512;1,0616271225022318
1,0640799999999997;110092,8;3,85716076821794e-06;3;4513;1,0636611095921156
1,0665199999999997;110117,2;4,106763821021694e-06;3;4514;1,0663946292349284
1,0689599999999997;110141,6;3,791371841094676e-06;3;4515;1,0690476745027662
1,0713999999999997;110166,0;4,1994543611339965e-06;3;4516;1,0715554559800589
1,0738399999999997;110190,4;3,3753585554456677e-06;3;4517;1,0742254690726087
1,0762799999999997;110214,8;4,0112629768029444e-06;3;4518;1,0760172978874616
1,0787199999999997;110239,2;3,7339427040906044e-06;3;4519;1,0783730695334097
1,0811599999999997;110263,6;3,961153432193434e-06;3;4520;1,0812756084056114
1,0835999999999997;110288,0;4,30438497138394e-06;3;4521;1,0831752454490051
1,0860399999999997;110312,4;4,116202243690333e-06;3;4522;1,0859960245534177
1,0884799999999997;110336,8;4,188067277743114e-06;3;4523;1,0883935153395081
1,0909199999999997;110361,2;3,7618976524571702e-06;3;4524;1,0912205089542324
1,0933599999999997;110385,59999999999;3,19843290508432e-06;3;4525;1,0935200141226689
1,0957999999999997;110410,0;3,66223094778249e-06;3;4526;1,0960325650397005
1,0982399999999997;110434,4;4,078522500441549e-06;3;4527;1,0979825469356141
1,1006799999999997;110458,8;3,64924355422046e-06;3;4528;1,1001843384706604
1,1031199999999999;110483,2;4,11131122704217e-06;3;4529;1,1032296253452678
1,1055599999999999;110507,59999999999;3,447476873775829e-06;3;4530;1,1056851306461952
1,1079999999999999;110532,0;3,952955876590181e-06;3;4531;1,1085892151220291
1,1104399999999999;110556,4;4,3996503465237405e-06;3;4532;1,1103710526492496
1,1128799999999999;110580,8;4,150812775490662e-06;3;4533;1,112442579060113
1,1153199999999999;110605,2;3,7451390814496535e-06;3;4534;1,1152327850197805
1,1177599999999999;110629,59999999999;4,203727338439463e-06;3;4535;1,1180797956850297
1,1201999999999999;110654,0;3,9600540337183585e-06;3;4536;1,1201093284445922
1,1226399999999999;110678,4;3,8127845727999583e-06;3;4537;1,1224061543668629
1,1250799999999999;110702,8;4,337455947046302e-06;3;4538;1,1250018715855414
1,1275199999999999;110727,2;4,113949473140291e-06;3;4539;1,1277709717662636
1,1299599999999999;110751,59999999999;3,412090763852084e-06;3;4540;1,1295897359840177
1,1323999999999999;110776,0;3,8076896945369233e-06;3;4541;1,132033354631238
1,1348399999999998;110800,4;4,462828603525436e-06;3;4542;1,135027066072102
1,1372799999999998;110824,8;3,965425158210756e-06;3;4543;1,1378575981775798
1,1397199999999998;110849,2;4,593964776735474e-06;3;4544;1,139655263125259
1,1421599999999998;110873,59999999999;4,226074620658521e-06;3;4545;1,1425389924843712
1,1445999999999998;110898,0;4,28458743254987e-06;3;4546;1,1443059719784052
1,1470399999999998;110922,4;3,5004095145878857e-06;3;4547;1,146859065577976
1,1494799999999998;110946,8;3,856792135647961e-06;3;4548;1,1490019509637424
1,1519199999999998;110971,2;4,452530423628771e-06;3;4549;1,1520757497688914
1,1543599999999998;110995,59999999999;4,411934854844161e-06;3;4550;1,1541584727734047
1,1567999999999998;111020,0;4,058865937986376e-06;3;4551;1,1569792028291315
1,1592399999999998;111044,4;3,8009059281184853e-06;3;4552;1,1595144035593603
1,1616799999999998;111068,8;3,7306719013073554e-06;3;4553;1,1616258050986161
1,1641199999999998;111093,2;3,918322566445614e-06;3;4554;1,1644064612512168
1,1665599999999998;111117,59999999999;3,9679385308269375e-06;3;4555;1,166203497843339
1,1689999999999998;111142,0;3,7057982138808884e-06;3;4556;1,1695061256904309
1,1714399999999998;111166,4;3,7079184082268875e-06;3;4557;1,1711886158120812
1,1738799999999998;111190,8;4,170029153025321e-06;3;4558;1,1737774670344536
1,1763199999999998;111215,2;4,380245983428103e-06;3;4559;1,1761542193345733
1,1787599999999998;111239,59999999999;4,124427291303463e-06;3;4560;1,1787828333006551
1,1811999999999998;111264,0;4,035003099966333e-06;3;4561;1,1809343188253698
1,1836399999999998;111288,4;4,409787311059455e-06;3;4562;1,1838805324360406
1,1860799999999998;111312,8;3,6394864396493084e-06;3;4563;1,1861536864816715
1,1885199999999998;111337,2;3,951222140829426e-06;3;4564;1,1894226318877772
1,1909599999999998;111361,59999999999;3,8808304265010244e-06;3;4565;1,1911328918880704
1,1933999999999998;111386,0;3,842886158959797e-06;3;4566;1,1935406238443451
1,1958399999999998;111410,4;3,7121360716076632e-06;3;4567;1,1962088902787078
1,1982799999999998;111434,8;4,300090926460846e-06;3;4568;1,1980734551561807
1,2007199999999998;111459,2;4,1774301987700144e-06;3;4569;1,200507256050835
1,2031599999999998;111483,59999999999;3,930461448741991e-06;3;4570;1,20306231415578
1,2055999999999998;111508,0;4,459511487347016e-06;3;4571;1,2048420571898726
1,2080399999999998;111532,4;3,5518195832962384e-06;3;4572;1,2081711970803695
1,2104799999999998;111556,8;3,943767288290533e-06;3;4573;1,2101830393745534
1,2129199999999998;111581,2;3,7190672186518143e-06;3;4574;1,2133505904046273
1,2153599999999998;111605,59999999999;4,503070274704516e-06;3;4575;1,2149275118729042
1,2177999999999998;111630,0;3,946103113121558e-06;3;4576;1,217808285985014
1,2202399999999998;111654,4;4,0935109772735495e-06;3;4577;1,2193824422378563
1,2226799999999998;111678,8;3,893919233782883e-06;3;4578;1,2219139639677241
1,2251199999999998;111703,2;4,329767611801728e-06;3;4579;1,2253515677454914
1,2275599999999998;111727,59999999999;4,1643907757738345e-06;3;4580;1,2277708175986062
1,2299999999999998;111752,0;4,145886275732596e-06;3;4581;1,229743444206052
1,2324399999999998;111776,4;4,047143595430812e-06;3;4582;1,232639488921686
1,2348799999999998;111800,8;4,257776070507102e-06;3;4583;1,2349877222784165
1,2373199999999998;111825,2;4,154028343261844e-06;3;4584;1,2379271702898516
1,2397599999999998;111849,59999999999;4,186397051753174e-06;3;4585;1,239535601387354
1,2421999999999997;111874,0;3,5716939576884854e-06;3;4586;1,2421509089608163
1,2446399999999997;111898,4;4,366211454963398e-06;3;4587;1,2448207056077087
1,2470799999999997;111922,8;4,327373760004306e-06;3;4588;1,2470921207112606
1,2495199999999997;111947,2;4,208410870773755e-06;3;4589;1,2502454381759043
1,2519599999999997;111971,59999999999;3,915787916629317e-06;3;4590;1,252312646424125
1,2543999999999997;111996,0;4,013236813314225e-06;3;4591;1,2543424367977982
1,2568399999999997;112020,4;3,6793940378335983e-06;3;4592;1,257351218171154
1,2592799999999997;112044,8;3,856715602969101e-06;3;4593;1,2591765671709818
1,2617199999999997;112069,2;4,601262351177165e-06;3;4594;1,261272538932495
1,2641599999999997;112093,59999999999;3,966137525388759e-06;3;4595;1,2644034530450872
1,2665999999999997;112118,0;3,835851787839697e-06;3;4596;1,2667722325075141
1,2690399999999997;112142,4;4,08951967569952e-06;3;4597;1,2690140157554528
1,2714799999999997;112166,8;3,96535066808169e-06;3;4598;1,2716695916491993
1,2739199999999997;112191,2;3,6829652941458204e-06;3;4599;1,2734467060208008
1,2763599999999997;112215,59999999999;4,1495311435069025e-06;3;4600;1,276167773412571
1,2787999999999997;112240,0;3,8726188998326106e-06;3;4601;1,278810938782508
1,2812399999999997;112264,4;4,01948741710608e-06;3;4602;1,2814410497376532
1,2836799999999997;112288,8;4,359120162304261e-06;3;4603;1,2838062597238007
1,2861199999999997;112313,2;4,082938761918323e-06;3;4604;1,2863142241730339
1,2885599999999997;112337,59999999999;4,405878635013802e-06;3;4605;1,288617584898165
1,2909999999999997;112362,0;4,164494369888088e-06;3;4606;1,2906658449446642
1,2934399999999997;112386,4;3,802776152120927e-06;3;4607;1,2933333497733341
1,2958799999999997;112410,8;3,7741704786715883e-06;3;4608;1,2957400222207562
1,2983199999999997;112435,2;4,028898590421126e-06;3;4609;1,2984532636357402
1,3007599999999997;112459,59999999999;3,69298846803816e-06;3;4610;1,301066636989573
1,3031999999999997;112484,0;4,1382883162408905e-06;3;4611;1,302966417985424
1,3056399999999997;112508,4;4,452283273338092e-06;3;4612;1,305478259509956
1,3080799999999997;112532,8;3,937200429998815e-06;3;4613;1,3080558936305375
1,3105199999999997;112557,2;3,96670808489082e-06;3;4614;1,3109353839599471
1,3129599999999997;112581,59999999999;4,575508838881844e-06;3;4615;1,3131065787857286
1,3153999999999997;112606,0;4,267877369164484e-06;3;4616;1,3151988545329123
1,3178399999999997;112630,4;4,173164931569745e-06;3;4617;1,3178855371178257
1,3202799999999997;112654,8;4,29205950796772e-06;3;4618;1,3199306450912163
1,3227199999999997;112679,2;4,053997924294468e-06;3;4619;1,323107450592731
1,3251599999999997;112703,59999999999;4,473375606532664e-06;3;4620;1,3255257785673829
1,3275999999999997;112728,0;4,283659743512918e-06;3;4621;1,3278684764044044
1,3300399999999997;112752,4;3,2966519129697597e-06;3;4622;1,329871963757405
1,3324799999999997;112776,8;4,229356019373676e-06;3;4623;1,332465921606679
1,3349199999999997;112801,2;4,123606848792982e-06;3;4624;1,3346769252784831
1,3373599999999997;112825,59999999999;3,547737569615194e-06;3;4625;1,3378705740351562
1,3397999999999997;112850,0;4,34364015714045e-06;3;4626;1,3397364717758347
1,3422399999999997;112874,4;3,986255300165992e-06;3;4627;1,3423331874379116
1,3446799999999997;112898,8;3,8347057844241e-06;3;4628;1,3448471584585568
1,3471199999999997;112923,2;3,3803969287608784e-06;3;4629;1,3469625503148768
1,3495599999999996;112947,59999999999;3,996012806561372e-06;3;4630;1,349721634092108
1,3519999999999996;112972,0;4,003413384625888e-06;3;4631;1,3521822452650367
1,3544399999999996;112996,4;4,188332827014076e-06;3;4632;1,3543130805137134
1,3568799999999996;113020,8;4,075255970251188e-06;3;4633;1,3567945761491425
1,3593199999999996;113045,2;3,994564797559282e-06;3;4634;1,3591519290991076
1,3617599999999996;113069,59999999999;3,7712967874302314e-06;3;4635;1,3620479869326751
1,3641999999999996;113094,0;3,90752600596236e-06;3;4636;1,3644719212562746
1,3666399999999996;113118,4;4,169138018324485e-06;3;4637;1,3668282861418306
1,3690799999999996;113142,8;3,495806060372284e-06;3;4638;1,3693176427479747
1,3715199999999996;113167,2;3,8482765184029825e-06;3;4639;1,371753838658356
1,3739599999999996;113191,59999999999;3,999766192911115e-06;3;4640;1,3740989832099413
1,3763999999999996;113216,0;3,988694084088695e-06;3;4641;1,3763513931891398
1,3788399999999996;113240,4;4,204060706142657e-06;3;4642;1,3790960964504035
1,3812799999999996;113264,79999999999;4,546074197105918e-06;3;4643;1,381458776651231
1,3837199999999996;113289,2;3,9052548094769875e-06;3;4644;1,3838843709100042
1,3861599999999996;113313,59999999999;3,930409345112001e-06;3;4645;1,3864817323586287
1,3885999999999996;113338,0;3,882978985563194e-06;3;4646;1,3884489542524094
1,3910399999999996;113362,4;3,361314394502038e-06;3;4647;1,3905361563937808
1,3934799999999996;113386,79999999999;4,362425571962429e-06;3;4648;1,39351600208667
1,3959199999999996;113411,2;4,101324766486774e-06;3;4649;1,3961151558841782
1,3983599999999996;113435,59999999999;4,212577424993013e-06;3;4650;1,3984131176317307
1,4007999999999996;113460,0;4,011812728828864e-06;3;4651;1,4010636535186927
1,4032399999999996;113484,4;4,2576661057123455e-06;3;4652;1,4031609405356493
1,4056799999999996;113508,79999999999;3,931406758266989e-06;3;4653;1,4058581834650907
1,4081199999999996;113533,2;4,212815914885764e-06;3;4654;1,4080660980475073
1,4105599999999996;113557,59999999999;3,816361784793462e-06;3;4655;1,4105266616728407
1,4129999999999996;113582,0;4,3665013832258995e-06;3;4656;1,412868582354098
1,4154399999999996;113606,4;3,655716172233642e-06;3;4657;1,4158771481042178
1,4178799999999998;113630,79999999999;4,212001141199596e-06;3;4658;1,4183845904090921
1,4203199999999998;113655,2;4,081065367359514e-06;3;4659;1,4201508913289989
1,4227599999999998;113679,59999999999;4,250145393608948e-06;3;4660;1,4220187509288218
1,4251999999999998;113704,0;3,923399179590883e-06;3;4661;1,4247455295052749
1,4276399999999998;113728,4;3,791351141233562e-06;3;4662;1,4277583057507477
1,4300799999999998;113752,79999999999;3,842469797693572e-06;3;4663;1,4302890223336968
1,4325199999999998;113777,2;3,918744776498737e-06;3;4664;1,4324065427964885
1,4349599999999998;113801,59999999999;3,960237489976207e-06;3;4665;1,4348148213560865
1,4373999999999998;113826,0;3,7162230836665155e-06;3;4666;1,4374889872317012
1,4398399999999998;113850,4;3,911863173546816e-06;3;4667;1,4401053052492034
1,4422799999999998;113874,79999999999;3,4471847272894104e-06;3;4668;1,442212543476055
1,4447199999999998;113899,2;3,885076663856924e-06;3;4669;1,4445583776013633
1,4471599999999998;113923,59999999999;3,9470614080974745e-06;3;4670;1,447286640440396
1,4495999999999998;113948,0;4,586973077086411e-06;3;4671;1,4497648168958532
1,4520399999999998;113972,4;4,476275971982527e-06;3;4672;1,452132766002434
1,4544799999999998;113996,79999999999;4,3687524467208116e-06;3;4673;1,4541532378738942
1,4569199999999998;114021,2;4,230358708385869e-06;3;4674;1,4572547757756065
1,4593599999999998;114045,59999999999;3,991088397800587e-06;3;4675;1,4593359228443015
1,4617999999999998;114070,0;3,493332516670906e-06;3;4676;1,4615553582335465
1,4642399999999998;114094,4;3,900315250525755e-06;3;4677;1,464294034576419
1,4666799999999998;114118,79999999999;3,877300998363393e-06;3;4678;1,4664366514230218
1,4691199999999998;114143,2;3,7818657336606576e-06;3;4679;1,4692824621497582
1,4715599999999998;114167,59999999999;4,270660061363388e-06;3;4680;1,471839730167419
1,4739999999999998;114192,0;3,925141641880154e-06;3;4681;1,4738866817240577
1,4764399999999998;114216,4;3,765286057536627e-06;3;4682;1,4772221300660733
1,4788799999999998;114240,79999999999;3,5085753658467277e-06;3;4683;1,4788181467742443
1,4813199999999997;114265,2;4,414137169583394e-06;3;4684;1,4815317968800488
1,4837599999999997;114289,59999999999;4,293352150094627e-06;3;4685;1,4835912800075732
1,4861999999999997;114314,0;3,987028939924288e-06;3;4686;1,486346187385982
1,4886399999999997;114338,4;4,13090976932236e-06;3;4687;1,488395554567093
1,4910799999999997;114362,79999999999;3,970233054676649e-06;3;4688;1,4911750449202514
1,4935199999999997;114387,2;4,223923296550058e-06;3;4689;1,4940090184515589
1,4959599999999997;114411,59999999999;4,101327339652166e-06;3;4690;1,4955717287207
1,4983999999999997;114436,0;3,870211843404648e-06;3;4691;1,4979797029900939
1,5008399999999997;114460,4;3,817805051602733e-06;3;4692;1,5006038409472968
1,5032799999999997;114484,79999999999;3,62173301887798e-06;3;4693;1,503321877654944
1,5057199999999997;114509,2;3,898571348312962e-06;3;4694;1,5059662364843263
1,5081599999999997;114533,59999999999;4,345672760352822e-06;3;4695;1,5082413768529481
1,5105999999999997;114558,0;3,4692589899464265e-06;3;4696;1,5108932547318001
1,5130399999999997;114582,4;4,139717029172786e-06;3;4697;1,5129945894611083
1,5154799999999997;114606,79999999999;4,137686542216277e-06;3;4698;1,515253137611049
1,5179199999999997;114631,2;3,81756899482475e-06;3;4699;1,5179865509463946
1,5203599999999997;114655,59999999999;3,5275474415870588e-06;3;4700;1,5200261535964104
1,5227999999999997;114680,0;3,8187222170322414e-06;3;4701;1,5226789455702137
1,5252399999999997;114704,4;3,82026988141498e-06;3;4702;1,5251821524090512
1,5276799999999997;114728,79999999999;4,170050035044036e-06;3;4703;1,5273004124078582
1,5301199999999997;114753,2;4,150495116724078e-06;3;4704;1,530450148065621
1,5325599999999997;114777,59999999999;3,916257924826964e-06;3;4705;1,5327244116425567
1,5349999999999997;114802,0;4,1758025934149685e-06;3;4706;1,5345141898293517
1,5374399999999997;114826,4;3,7545855759410154e-06;3;4707;1,53767928142318
1,5398799999999997;114850,79999999999;4,0119838708499925e-06;3;4708;1,53977799875766
1,5423199999999997;114875,2;4,334849456375528e-06;3;4709;1,542196635532839
1,5447599999999997;114899,59999999999;3,904012803631513e-06;3;4710;1,5447833667028497
1,5471999999999997;114924,0;3,977245904288707e-06;3;4711;1,5470976617734735
1,5496399999999997;114948,4;3,5947494965926512e-06;3;4712;1,5500493474279722
1,5520799999999997;114972,79999999999;3,943597062492419e-06;3;4713;1,5518410846136665
1,5545199999999997;114997,2;4,144862818771147e-06;3;4714;1,5541268359091556
1,5569599999999997;115021,59999999999;3,857614118736203e-06;3;4715;1,5567122740913737
1,5593999999999997;115046,0;4,4378977846797845e-06;3;4716;1,5594431325719689
1,5618399999999997;115070,4;4,196072249340792e-06;3;4717;1,5611706519253836
1,5642799999999997;115094,79999999999;4,0237356815150395e-06;3;4718;1,5639309047623888
1,5667199999999997;115119,2;4,284844321233228e-06;3;4719;1,5663422929568294
1,5691599999999997;115143,59999999999;4,369853441387612e-06;3;4720;1,5684811777945333
1,5715999999999997;115168,0;4,374683146897131e-06;3;4721;1,5715062044743253
1,5740399999999997;115192,4;3,704310105779786e-06;3;4722;1,5739043460833975
1,5764799999999997;115216,79999999999;3,791459525400767e-06;3;4723;1,5765689765149076
1,5789199999999997;115241,2;4,007601568965845e-06;3;4724;1,5788701470543616
1,5813599999999997;115265,59999999999;3,7805795704264456e-06;3;4725;1,581032992617147
1,5837999999999997;115290,0;4,591011430214213e-06;3;4726;1,583519417335129
1,5862399999999997;115314,4;3,4369973006601214e-06;3;4727;1,5865044690252876
1,5886799999999996;115338,79999999999;4,060862176722373e-06;3;4728;1,588380039644195
1,5911199999999996;115363,2;3,559286108341755e-06;3;4729;1,5913448539606383
1,5935599999999996;115387,59999999999;3,6759610264976157e-06;3;4730;1,593620474374908
1,5959999999999996;115412,0;4,388409307951129e-06;3;4731;1,5958250358417454
1,5984399999999996;115436,4;3,965264164228144e-06;3;4732;1,5984694414222302
1,6008799999999996;115460,79999999999;4,036405512943948e-06;3;4733;1,6006332093351057
1,6033199999999996;115485,2;4,1421014593869314e-06;3;4734;1,6036462364617539
1,6057599999999996;115509,59999999999;3,858624026805265e-06;3;4735;1,6052648445114903
1,6081999999999996;115534,0;4,178275792417268e-06;3;4736;1,6081456302885995
1,6106399999999996;115558,4;4,1824169139354986e-06;3;4737;1,6103784042460507
1,6130799999999996;115582,79999999999;4,003027316887585e-06;3;4738;1,6131928857771536
1,6155199999999996;115607,2;3,892069357600998e-06;3;4739;1,6153595552095676
1,6179599999999996;115631,59999999999;4,0644527975794014e-06;3;4740;1,6177948086401255
1,6203999999999996;115656,0;4,287577310436087e-06;3;4741;1,6205237272149278
1,6228399999999996;115680,4;3,953595785426149e-06;3;4742;1,6226065410505648
1,6252799999999996;115704,79999999999;3,976246176987218e-06;3;4743;1,6256702913471455
1,6277199999999996;115729,2;3,6018951062079318e-06;3;4744;1,6276382263209699
1,6301599999999996;115753,59999999999;4,263362833892357e-06;3;4745;1,6301376956524083
1,6325999999999996;115778,0;3,8127779306640674e-06;3;4746;1,6325372086867305
1,6350399999999996;115802,4;4,278722744901949e-06;3;4747;1,634442256591192
1,6374799999999996;115826,79999999999;4,157970780957996e-06;3;4748;1,6373666325420242
1,6399199999999996;115851,2;4,382120917717077e-06;3;4749;1,639389631592222
1,6423599999999996;115875,59999999999;4,128662671569247e-06;3;4750;1,6425553367128685
1,6447999999999996;115900,0;3,7354709614457715e-06;3;4751;1,64404693335636
1,6472399999999996;115924,4;4,704758334252609e-06;3;4752;1,6469224840868912
1,6496799999999996;115948,79999999999;4,3738596065185095e-06;3;4753;1,649777182837544
1,6521199999999996;115973,2;4,0062880007396365e-06;3;4754;1,6526181187149578
1,6545599999999996;115997,59999999999;3,801903053074293e-06;3;4755;1,6548037688734274
1,6569999999999996;116022,0;3,6845856409911885e-06;3;4756;1,6569293524430182
1,6594399999999996;116046,4;4,46771097164122e-06;3;4757;1,6593207724161785
1,6618799999999996;116070,79999999999;3,932796862354523e-06;3;4758;1,6620417268140504
1,6643199999999996;116095,2;4,102506051094628e-06;3;4759;1,6644193184647724
1,6667599999999996;116119,59999999999;4,258238938439959e-06;3;4760;1,6662916947871702
1,6691999999999996;116144,0;4,0965730061500904e-06;3;4761;1,6696940621073209
1,6716399999999996;116168,4;4,1632920954741955e-06;3;4762;1,6718970613502078
1,6740799999999996;116192,79999999999;3,964720118859066e-06;3;4763;1,6742543709326432
1,6765199999999996;116217,2;4,219957652585788e-06;3;4764;1,6765239124763482
1,6789599999999996;116241,59999999999;4,311501601573755e-06;3;4765;1,6788287647249793
1,6813999999999996;116265,99999999999;3,974126758857685e-06;3;4766;1,6816341145603027
1,6838399999999996;116290,4;4,107001446861993e-06;3;4767;1,6837633691100038
1,6862799999999996;116314,79999999999;3,90109315760727e-06;3;4768;1,6862957706405095
1,6887199999999996;116339,2;4,084407085032004e-06;3;4769;1,6889286577116904
1,6911599999999996;116363,59999999999;4,4072327609043984e-06;3;4770;1,6913654373489118
1,6935999999999996;116387,99999999999;4,117344270551336e-06;3;4771;1,693744292917556
1,6960399999999995;116412,4;3,89479204398281e-06;3;4772;1,6961590888099654
1,6984799999999995;116436,79999999999;3,985431685029711e-06;3;4773;1,6981584828544243
1,7009199999999995;116461,2;3,6826563274378707e-06;3;4774;1,7002754817705235
1,7033599999999995;116485,59999999999;3,923273856095599e-06;3;4775;1,704086139618858
1,7057999999999995;116509,99999999999;4,3885464116573496e-06;3;4776;1,7057633336938869
1,7082399999999995;116534,4;4,471512920674074e-06;3;4777;1,7078479412298013
1,7106799999999995;116558,79999999999;3,4818621991489756e-06;3;4778;1,710871959314209
1,7131199999999995;116583,2;4,219463311245563e-06;3;4779;1,7129741748411027
1,7155599999999995;116607,59999999999;4,067467165490431e-06;3;4780;1,7157226023258298
1,7179999999999995;116631,99999999999;3,4952085001265725e-06;3;4781;1,7180934609000726
1,7204399999999995;116656,4;4,129335360322149e-06;3;4782;1,7201155597642284
1,7228799999999995;116680,79999999999;4,116875273771616e-06;3;4783;1,7225928577384562
1,7253199999999995;116705,2;4,19671063094243e-06;3;4784;1,7249578708680111
1,7277599999999997;116729,59999999999;3,6246265209245865e-06;3;4785;1,7279907785849264
1,7301999999999997;116753,99999999999;3,857157523679707e-06;3;4786;1,7298791083003642
1,7326399999999997;116778,4;4,1314737279945635e-06;3;4787;1,7326528192368411
1,7350799999999997;116802,79999999999;3,5210536484056488e-06;3;4788;1,7353207417110665
1,7375199999999997;116827,2;4,448290467215109e-06;3;4789;1,7374991625033311
1,7399599999999997;116851,59999999999;4,1082195768615805e-06;3;4790;1,739886662768951
1,7423999999999997;116875,99999999999;3,860866981060944e-06;3;4791;1,7425878548296094
1,7448399999999997;116900,4;4,404883697274351e-06;3;4792;1,7448783256061426
1,7472799999999997;116924,79999999999;4,3634698090000465e-06;3;4793;1,7467614612711908
1,7497199999999997;116949,2;3,8879148463076165e-06;3;4794;1,7499185503769412
1,7521599999999997;116973,59999999999;3,7219213414892895e-06;3;4795;1,7518212344710946
1,7545999999999997;116997,99999999999;4,2361192262796005e-06;3;4796;1,7549532483323822
1,7570399999999997;117022,4;4,819190235886446e-06;3;4797;1,7572314898726555
1,7594799999999997;117046,79999999999;4,076315427970166e-06;3;4798;1,759331132830074
1,7619199999999997;117071,2;3,89433310589378e-06;3;4799;1,7622006186407597
1,7643599999999997;117095,59999999999;3,6680283671318385e-06;3;4800;1,764009958469695
1,7667999999999997;117119,99999999999;4,236487336471938e-06;3;4801;1,7672768971117023
1,7692399999999997;117144,4;3,6218815279517796e-06;3;4802;1,7687397517940169
1,7716799999999997;117168,79999999999;4,190326741650409e-06;3;4803;1,7717466851783803
1,7741199999999997;117193,2;4,156731033071491e-06;3;4804;1,7741571520317396
1,7765599999999997;117217,59999999999;4,0758253308808645e-06;3;4805;1,7760338541497966
1,7789999999999997;117241,99999999999;3,9242894056837185e-06;3;4806;1,7795175347179555
1,7814399999999997;117266,4;4,626778724941598e-06;3;4807;1,7815232938711076
1,7838799999999997;117290,79999999999;4,024000666092659e-06;3;4808;1,7834359630194139
1,7863199999999997;117315,2;4,553322849195389e-06;3;4809;1,786293528647398
1,7887599999999997;117339,59999999999;4,187313940650131e-06;3;4810;1,788897519779205
1,7911999999999997;117363,99999999999;4,412499593646004e-06;3;4811;1,7913951369513301
1,7936399999999997;117388,4;3,864378256673461e-06;3;4812;1,793869048938299
1,7960799999999997;117412,79999999999;4,156950803525243e-06;3;4813;1,7956155322663006
1,7985199999999997;117437,2;4,018994588689501e-06;3;4814;1,798467820484144
1,8009599999999997;117461,59999999999;3,942005569125361e-06;3;4815;1,801492573445422
1,8033999999999997;117485,99999999999;3,6392623224808703e-06;3;4816;1,80357385707386
1,8058399999999997;117510,4;4,036052079871404e-06;3;4817;1,8057909075748872
1,8082799999999997;117534,79999999999;4,670071783208258e-06;3;4818;1,8083891299891632
1,8107199999999997;117559,2;4,5457329974026e-06;3;4819;1,810487380256072
1,8131599999999997;117583,59999999999;3,962248399075619e-06;3;4820;1,8130730581269885
1,8155999999999997;117607,99999999999;4,586155000132837e-06;3;4821;1,8156016252873601
1,8180399999999997;117632,4;4,05865146833178e-06;3;4822;1,8179377649458401
1,8204799999999997;117656,79999999999;3,761773850202122e-06;3;4823;1,820826872014621
1,8229199999999997;117681,2;3,984971247451471e-06;3;4824;1,8227404823172497
1,8253599999999996;117705,59999999999;4,155661342571519e-06;3;4825;1,8256770827839652
1,8277999999999996;117729,99999999999;4,231074285981895e-06;3;4826;1,8280333998151337
1,8302399999999996;117754,4;4,062839996413293e-06;3;4827;1,8306009189050811
1,8326799999999996;117778,79999999999;4,011295721619801e-06;3;4828;1,8322839860059272
1,8351199999999996;117803,2;4,189798495626028e-06;3;4829;1,8351335017331742
1,8375599999999996;117827,59999999999;4,041597556401098e-06;3;4830;1,837746338853248
1,8399999999999996;117851,99999999999;3,6988570877480382e-06;3;4831;1,8402819258578254
1,8424399999999996;117876,4;3,963309666081718e-06;3;4832;1,8423835898340328
1,8448799999999996;117900,79999999999;4,004222104218676e-06;3;4833;1,844404522981977
1,8473199999999996;117925,2;3,867689187710963e-06;3;4834;1,8477864495863092
1,8497599999999996;117949,59999999999;4,136970349670683e-06;3;4835;1,8498003228576032
1,8521999999999996;117973,99999999999;4,046270132146124e-06;3;4836;1,8523240786455748
1,8546399999999996;117998,4;3,8098412631656e-06;3;4837;1,8549532212752957
1,8570799999999996;118022,79999999999;4,388124743982863e-06;3;4838;1,8568647760543537
1,8595199999999996;118047,2;3,887076775532172e-06;3;4839;1,8600547330363546
1,8619599999999996;118071,59999999999;4,075928284956795e-06;3;4840;1,8616685294373227
1,8643999999999996;118095,99999999999;3,967326833791582e-06;3;4841;1,864727136292967
1,8668399999999996;118120,4;3,7798729489317673e-06;3;4842;1,8667002871696423
1,8692799999999996;118144,79999999999;4,168160763152496e-06;3;4843;1,8692311932785615
1,8717199999999996;118169,2;4,074347843554898e-06;3;4844;1,8713598421541773
1,8741599999999996;118193,59999999999;4,220618409859053e-06;3;4845;1,8740750067272016
1,8765999999999996;118217,99999999999;4,57507788629909e-06;3;4846;1,8768961953464702
1,8790399999999996;118242,4;4,0229249408216265e-06;3;4847;1,878761288433387
1,8814799999999996;118266,79999999999;3,940554392415292e-06;3;4848;1,8815713181209055
1,8839199999999996;118291,2;3,1415151605879267e-06;3;4849;1,8839325504099762
1,8863599999999996;118315,59999999999;4,161384914728665e-06;3;4850;1,8859702438876698
1,8887999999999996;118339,99999999999;3,8032999925992623e-06;3;4851;1,8885136824387043
1,8912399999999996;118364,4;3,7776531057189843e-06;3;4852;1,8912762721123062
1,8936799999999996;118388,79999999999;3,830317066870673e-06;3;4853;1,8933792145315056
1,8961199999999996;118413,2;4,137532796548796e-06;3;4854;1,8957039329372554
1,8985599999999996;118437,59999999999;3,919438535433546e-06;3;4855;1,8990265764524492
1,9009999999999996;118461,99999999999;3,924565604143062e-06;3;4856;1,900378233140472
1,9034399999999996;118486,4;3,908115551524119e-06;3;4857;1,903392292919386
1,9058799999999996;118510,79999999999;3,991842438728915e-06;3;4858;1,905596591016086
1,9083199999999996;118535,2;3,904766404960089e-06;3;4859;1,9083084849224121
1,9107599999999996;118559,59999999999;3,7846102447667995e-06;3;4860;1,9112619404120161
1,9131999999999996;118583,99999999999;3,6789480335742397e-06;3;4861;1,9132203254174152
1,9156399999999996;118608,4;4,282916052108482e-06;3;4862;1,9157091044532408
1,9180799999999996;118632,79999999999;4,146033996598451e-06;3;4863;1,9183097274905327
1,9205199999999996;118657,2;3,988977335986646e-06;3;4864;1,920517849714791
1,9229599999999996;118681,59999999999;3,8018783589202234e-06;3;4865;1,9233916658992714
1,9253999999999996;118705,99999999999;4,515692371095483e-06;3;4866;1,9255950858652187
1,9278399999999996;118730,4;3,878881815049347e-06;3;4867;1,928034045343533
1,9302799999999996;118754,79999999999;4,201265048303269e-06;3;4868;1,9298472028116131
1,9327199999999995;118779,2;3,639714437779433e-06;3;4869;1,9329832535932123
1,9351599999999995;118803,59999999999;4,323931910083093e-06;3;4870;1,934902653783048
1,9375999999999995;118827,99999999999;4,209115834095185e-06;3;4871;1,9374054640631706
1,9400399999999995;118852,4;3,7366954360100087e-06;3;4872;1,9399010590137935
1,9424799999999995;118876,79999999999;4,024952715898676e-06;3;4873;1,942838552859763
1,9449199999999995;118901,2;3,6920672652491504e-06;3;4874;1,9451048447739352
1,9473599999999995;118925,59999999999;3,904570257568524e-06;3;4875;1,9475834941641577
1,9497999999999995;118949,99999999999;3,615297439602749e-06;3;4876;1,949886806848889
1,9522399999999995;118974,4;4,057133516197892e-06;3;4877;1,9526036633825925
1,9546799999999995;118998,79999999999;4,304289674538942e-06;3;4878;1,9546722468836024
1,9571199999999995;119023,2;3,8044364580307188e-06;3;4879;1,9573562235760675
1,9595599999999995;119047,59999999999;3,883233564940248e-06;3;4880;1,9597332782953967
1,9619999999999995;119071,99999999999;4,093828806431849e-06;3;4881;1,9621473663827143
1,9644399999999995;119096,4;3,4655789941134636e-06;3;4882;1,9645709174674122
1,9668799999999995;119120,79999999999;4,037124224936557e-06;3;4883;1,9670213002391923
1,9693199999999995;119145,2;3,8577399761824345e-06;3;4884;1,9695654712308153
1,9717599999999995;119169,59999999999;4,008510745809825e-06;3;4885;1,9717281995253872
1,9741999999999995;119193,99999999999;3,1800707150878526e-06;3;4886;1,9737607802233277
1,9766399999999995;119218,4;3,677086798537589e-06;3;4887;1,9765531665002147
1,9790799999999995;119242,79999999999;3,899418438624376e-06;3;4888;1,9791262540521564
1,9815199999999995;119267,19999999998;4,227169177411535e-06;3;4889;1,9816249080446486
1,9839599999999995;119291,59999999999;3,601379166509154e-06;3;4890;1,9839922234914695
1,9863999999999995;119315,99999999999;3,5966729474183776e-06;3;4891;1,9865944986239594
1,9888399999999995;119340,4;3,902627079847814e-06;3;4892;1,9886833113835276
1,9912799999999995;119364,79999999999;3,8425144013219455e-06;3;4893;1,9912142049944195
1,9937199999999995;119389,19999999998;4,0693010841737445e-06;3;4894;1,9938609128984748
1,9961599999999995;119413,59999999999;3,7660063975850476e-06;3;4895;1,9963114765935013
1,9985999999999995;119437,99999999999;4,015260237919164e-06;3;4896;1,9986818402053623
